Year,Pred,Real,AbsPct
2020,52.01227005078258,58.62916666666666,11.286015121968441
2015,30.07185137085138,32.86666666666667,8.503494814853815
2010,36.00800569985567,42.291666666666664,14.857917556991506
