Year,Pred,Real,AbsPct
2020,377359.0310767801,352912.26,6.9271526800401055
2015,230490.6395946664,221905.82,3.8686770787113156
2010,269978.4404208786,275045.93,1.8424157663854208
