Year,Pred,Real,AbsPct
2020,406136.41508656705,414686.04,2.0617103275125745
2015,194391.8742123503,197789.23,1.717664701788728
2010,635096.396004607,696525.65,8.819381453560691
