Year,Pred,Real,AbsPct
2020,40530.993683284636,41167.14,1.5452769289179753
2015,100512.78416272186,103719.2,3.091439036627875
2010,114975.15158205632,113037.46,1.7142030456596558
