Year,Pred,Real,AbsPct
2020,111105.22852559526,114053.88,2.5853144797921344
2015,82133.6617585083,81525.78,0.7456313309830358
2010,24586.30923431069,30559.2,19.54531128331013
