Year,Pred,Real,AbsPct
2020,11.411502759740259,11.954166666666666,4.539537736575032
2015,7.801082828282804,7.625,2.309282993872842
2010,6.100599999999998,6.358333333333334,4.053473132372257
