Year,Pred,Real,AbsPct
2020,190484.41279784724,214432.6,11.168165289304316
2015,58075.83735790668,62503.38,7.083685141656843
2010,75437.69940492144,72780.03,3.6516464817635303
