Year,Pred,Real,AbsPct
2020,14280239.341969078,16067747.1,11.124818849251874
2015,11840124.943381174,10847756.39,9.148145641397216
2010,8049402.124647873,7938994.59,1.3906992049968585
