Year,Pred,Real,AbsPct
2020,113602.49695908552,110703.19,2.6189913398932005
2015,87553.42641699851,81793.99,7.04139315981346
2010,53781.64079008298,58923.19,8.725850059911933
