Year,Pred,Real,AbsPct
2020,90375.89663871379,129486.73,30.20451081071103
2015,52873.55203314577,55725.33,5.1175613798145925
2010,26174.462500945578,27686.85,5.46247586509271
