Year,Pred,Real,AbsPct
2020,151915.4413535335,168176.33,9.668952013916872
2015,75077.0140915476,71482.67,5.028273414447999
2010,91565.67925975827,90871.52,0.7638908865596877
