Year,Pred,Real,AbsPct
2020,112037.06998306276,109120.63,2.6726751697298226
2015,101942.5522967064,,
2010,99337.6351746303,102225.78,2.8252607369390597
