Year,Pred,Real,AbsPct
2020,11.288070098341972,11.9375,5.4402504850934275
2015,7.292569651500043,7.620833333333333,4.307451265171657
2010,5.054063916638919,6.350000000000001,20.40844225765484
