Year,Pred,Real,AbsPct
2020,14.780944040681552,15.579166666666666,5.123654191934401
2015,9.700125000000032,9.512500000000001,1.972404730617932
2010,10.70563641774894,10.729166666666666,0.21931105787395558
