Categoria,Clase,Porcentaje_Normalizado,Litros_Estimados
TEQUILA 100% DE AGAVE,BLANCO,0.14163156647630223,12561.027229039815
TEQUILA 100% DE AGAVE,EXTRA AÑEJO,0.31764006952081125,28170.877873843165
TEQUILA 100% DE AGAVE,JOVEN,0.2563830975989025,22738.11658041803
TEQUILA 100% DE AGAVE,REPOSADO,0.28434526640398405,25218.026762039906
