Total_Pais_Mes,Total_Categoria_Mes,Litros 40 % Alc. Vol,AñoArchivo,Mes,Lag_1,Lag_12,MA_4,Month_sin,Month_cos,Categoria_TEQUILA 100% DE AGAVE,NombrePais,Clase,Fecha
5775843.63,243527.89,57004.87,1997,2,5532315.75,5829070.98,4210118.785,0.8660254037844386,0.5000000000000001,1.0,ESTADOS UNIDOS DE AMERICA,AÑEJO,1997-02-01
5775843.63,243527.89,41268.18,1997,2,243527.89,5829070.98,2887921.82,0.8660254037844386,0.5000000000000001,1.0,ESTADOS UNIDOS DE AMERICA,BLANCO,1997-02-01
5775843.63,243527.89,1004.85,1997,2,243527.89,5829070.98,1565724.855,0.8660254037844386,0.5000000000000001,1.0,ESTADOS UNIDOS DE AMERICA,JOVEN,1997-02-01
5775843.63,243527.89,144249.99,1997,2,243527.89,5829070.98,243527.89,0.8660254037844386,0.5000000000000001,1.0,ESTADOS UNIDOS DE AMERICA,REPOSADO,1997-02-01
5346092.33,5265032.53,68191.04,1997,3,243527.89,290364.39,1498904.05,1.0,6.123233995736766e-17,0.0,ESTADOS UNIDOS DE AMERICA,AÑEJO,1997-03-01
5346092.33,5265032.53,1416186.06,1997,3,5265032.53,290364.39,2754280.21,1.0,6.123233995736766e-17,0.0,ESTADOS UNIDOS DE AMERICA,BLANCO,1997-03-01
5346092.33,5265032.53,3780589.89,1997,3,5265032.53,290364.39,4009656.37,1.0,6.123233995736766e-17,0.0,ESTADOS UNIDOS DE AMERICA,JOVEN,1997-03-01
5346092.33,5265032.53,65.55,1997,3,5265032.53,290364.39,5265032.53,1.0,6.123233995736766e-17,0.0,ESTADOS UNIDOS DE AMERICA,REPOSADO,1997-03-01
5346092.33,81059.8,27433.3,1997,3,5265032.53,5532315.75,3969039.3475,1.0,6.123233995736766e-17,1.0,ESTADOS UNIDOS DE AMERICA,AÑEJO,1997-03-01
5346092.33,81059.8,11944.24,1997,3,81059.8,5532315.75,2673046.165,1.0,6.123233995736766e-17,1.0,ESTADOS UNIDOS DE AMERICA,BLANCO,1997-03-01
5346092.33,81059.8,3288.6,1997,3,81059.8,5532315.75,1377052.9825000002,1.0,6.123233995736766e-17,1.0,ESTADOS UNIDOS DE AMERICA,JOVEN,1997-03-01
5346092.33,81059.8,38393.66,1997,3,81059.8,5532315.75,81059.8,1.0,6.123233995736766e-17,1.0,ESTADOS UNIDOS DE AMERICA,REPOSADO,1997-03-01
5911013.19,5745381.5,156878.49,1997,4,81059.8,243527.89,1497140.225,0.8660254037844387,-0.4999999999999998,0.0,ESTADOS UNIDOS DE AMERICA,AÑEJO,1997-04-01
5911013.19,5745381.5,1743879.17,1997,4,5745381.5,243527.89,2913220.6500000004,0.8660254037844387,-0.4999999999999998,0.0,ESTADOS UNIDOS DE AMERICA,BLANCO,1997-04-01
5911013.19,5745381.5,3844612.13,1997,4,5745381.5,243527.89,4329301.075,0.8660254037844387,-0.4999999999999998,0.0,ESTADOS UNIDOS DE AMERICA,JOVEN,1997-04-01
5911013.19,5745381.5,11.7,1997,4,5745381.5,243527.89,5745381.5,0.8660254037844387,-0.4999999999999998,0.0,ESTADOS UNIDOS DE AMERICA,REPOSADO,1997-04-01
5911013.19,165631.69,38186.89,1997,4,5745381.5,5265032.53,4350444.047499999,0.8660254037844387,-0.4999999999999998,1.0,ESTADOS UNIDOS DE AMERICA,AÑEJO,1997-04-01
5911013.19,165631.69,29016.8,1997,4,165631.69,5265032.53,2955506.5949999997,0.8660254037844387,-0.4999999999999998,1.0,ESTADOS UNIDOS DE AMERICA,BLANCO,1997-04-01
5911013.19,165631.69,98428.0,1997,4,165631.69,5265032.53,1560569.1425,0.8660254037844387,-0.4999999999999998,1.0,ESTADOS UNIDOS DE AMERICA,REPOSADO,1997-04-01
5821797.07,5561477.54,104623.13,1997,5,165631.69,5265032.53,1514593.1525,0.49999999999999994,-0.8660254037844387,0.0,ESTADOS UNIDOS DE AMERICA,AÑEJO,1997-05-01
5821797.07,5561477.54,1648312.38,1997,5,5561477.54,81059.8,2863554.615,0.49999999999999994,-0.8660254037844387,0.0,ESTADOS UNIDOS DE AMERICA,BLANCO,1997-05-01
5821797.07,5561477.54,3808542.03,1997,5,5561477.54,81059.8,4212516.077500001,0.49999999999999994,-0.8660254037844387,0.0,ESTADOS UNIDOS DE AMERICA,JOVEN,1997-05-01
5821797.07,260319.52,69733.68,1997,5,5561477.54,81059.8,4236188.035,0.49999999999999994,-0.8660254037844387,1.0,ESTADOS UNIDOS DE AMERICA,AÑEJO,1997-05-01
5821797.07,260319.52,43080.63,1997,5,260319.52,81059.8,2910898.53,0.49999999999999994,-0.8660254037844387,1.0,ESTADOS UNIDOS DE AMERICA,BLANCO,1997-05-01
5821797.07,260319.52,147505.22,1997,5,260319.52,5745381.5,1585609.025,0.49999999999999994,-0.8660254037844387,1.0,ESTADOS UNIDOS DE AMERICA,REPOSADO,1997-05-01
5601424.21,5343147.14,64908.26,1997,6,260319.52,5745381.5,1531026.4249999998,1.2246467991473532e-16,-1.0,0.0,ESTADOS UNIDOS DE AMERICA,AÑEJO,1997-06-01
5601424.21,5343147.14,1552560.14,1997,6,5343147.14,5745381.5,2801733.33,1.2246467991473532e-16,-1.0,0.0,ESTADOS UNIDOS DE AMERICA,BLANCO,1997-06-01
5601424.21,5343147.14,3717570.44,1997,6,5343147.14,5745381.5,4072440.235,1.2246467991473532e-16,-1.0,0.0,ESTADOS UNIDOS DE AMERICA,JOVEN,1997-06-01
5601424.21,5343147.14,8108.29,1997,6,5343147.14,165631.69,5343147.14,1.2246467991473532e-16,-1.0,0.0,ESTADOS UNIDOS DE AMERICA,REPOSADO,1997-06-01
5601424.21,258277.07,116286.13,1997,6,5343147.14,165631.69,4071929.6224999996,1.2246467991473532e-16,-1.0,1.0,ESTADOS UNIDOS DE AMERICA,AÑEJO,1997-06-01
5601424.21,258277.07,38936.41,1997,6,258277.07,165631.69,2800712.1049999995,1.2246467991473532e-16,-1.0,1.0,ESTADOS UNIDOS DE AMERICA,BLANCO,1997-06-01
5601424.21,258277.07,103054.53,1997,6,258277.07,5561477.54,1529494.5875,1.2246467991473532e-16,-1.0,1.0,ESTADOS UNIDOS DE AMERICA,REPOSADO,1997-06-01
6667423.3,6438999.04,32495.31,1997,7,258277.07,5561477.54,1803457.5625,-0.4999999999999997,-0.8660254037844388,0.0,ESTADOS UNIDOS DE AMERICA,AÑEJO,1997-07-01
6667423.3,6438999.04,2233686.1,1997,7,6438999.04,5561477.54,3348638.0549999997,-0.4999999999999997,-0.8660254037844388,0.0,ESTADOS UNIDOS DE AMERICA,BLANCO,1997-07-01
6667423.3,6438999.04,4169606.88,1997,7,6438999.04,260319.52,4893818.547499999,-0.4999999999999997,-0.8660254037844388,0.0,ESTADOS UNIDOS DE AMERICA,JOVEN,1997-07-01
6667423.3,6438999.04,3210.75,1997,7,6438999.04,260319.52,6438999.04,-0.4999999999999997,-0.8660254037844388,0.0,ESTADOS UNIDOS DE AMERICA,REPOSADO,1997-07-01
6667423.3,228424.27,62330.79,1997,7,6438999.04,260319.52,4886355.3475,-0.4999999999999997,-0.8660254037844388,1.0,ESTADOS UNIDOS DE AMERICA,AÑEJO,1997-07-01
6667423.3,228424.27,10908.01,1997,7,228424.27,5343147.14,3333711.6550000003,-0.4999999999999997,-0.8660254037844388,1.0,ESTADOS UNIDOS DE AMERICA,BLANCO,1997-07-01
6667423.3,228424.27,5467.5,1997,7,228424.27,5343147.14,1781067.9625,-0.4999999999999997,-0.8660254037844388,1.0,ESTADOS UNIDOS DE AMERICA,JOVEN,1997-07-01
6667423.3,228424.27,149717.98,1997,7,228424.27,5343147.14,228424.27,-0.4999999999999997,-0.8660254037844388,1.0,ESTADOS UNIDOS DE AMERICA,REPOSADO,1997-07-01
7718144.98,7413700.62,129816.53,1997,8,228424.27,5343147.14,2024743.3575,-0.8660254037844385,-0.5000000000000004,0.0,ESTADOS UNIDOS DE AMERICA,AÑEJO,1997-08-01
7718144.98,7413700.62,1988945.93,1997,8,7413700.62,258277.07,3821062.4450000003,-0.8660254037844385,-0.5000000000000004,0.0,ESTADOS UNIDOS DE AMERICA,BLANCO,1997-08-01
7718144.98,7413700.62,5260661.48,1997,8,7413700.62,258277.07,5617381.532500001,-0.8660254037844385,-0.5000000000000004,0.0,ESTADOS UNIDOS DE AMERICA,JOVEN,1997-08-01
7718144.98,7413700.62,34276.69,1997,8,7413700.62,258277.07,7413700.62,-0.8660254037844385,-0.5000000000000004,0.0,ESTADOS UNIDOS DE AMERICA,REPOSADO,1997-08-01
7718144.98,304444.36,85259.68,1997,8,7413700.62,6438999.04,5636386.555,-0.8660254037844385,-0.5000000000000004,1.0,ESTADOS UNIDOS DE AMERICA,AÑEJO,1997-08-01
7718144.98,304444.36,40601.25,1997,8,304444.36,6438999.04,3859072.4899999998,-0.8660254037844385,-0.5000000000000004,1.0,ESTADOS UNIDOS DE AMERICA,BLANCO,1997-08-01
7718144.98,304444.36,2923.2,1997,8,304444.36,6438999.04,2081758.425,-0.8660254037844385,-0.5000000000000004,1.0,ESTADOS UNIDOS DE AMERICA,JOVEN,1997-08-01
7718144.98,304444.36,175660.24,1997,8,304444.36,6438999.04,304444.36,-0.8660254037844385,-0.5000000000000004,1.0,ESTADOS UNIDOS DE AMERICA,REPOSADO,1997-08-01
6594436.93,6327083.61,64160.5,1997,9,304444.36,228424.27,1810104.1725,-1.0,-1.8369701987210297e-16,0.0,ESTADOS UNIDOS DE AMERICA,AÑEJO,1997-09-01
6594436.93,6327083.61,1691231.05,1997,9,6327083.61,228424.27,3315763.9850000003,-1.0,-1.8369701987210297e-16,0.0,ESTADOS UNIDOS DE AMERICA,BLANCO,1997-09-01
6594436.93,6327083.61,4539446.41,1997,9,6327083.61,228424.27,4821423.7975,-1.0,-1.8369701987210297e-16,0.0,ESTADOS UNIDOS DE AMERICA,JOVEN,1997-09-01
6594436.93,6327083.61,32245.65,1997,9,6327083.61,228424.27,6327083.61,-1.0,-1.8369701987210297e-16,0.0,ESTADOS UNIDOS DE AMERICA,REPOSADO,1997-09-01
6594436.93,267353.32,98168.91,1997,9,6327083.61,7413700.62,4812151.0375,-1.0,-1.8369701987210297e-16,1.0,ESTADOS UNIDOS DE AMERICA,AÑEJO,1997-09-01
6594436.93,267353.32,26277.49,1997,9,267353.32,7413700.62,3297218.465,-1.0,-1.8369701987210297e-16,1.0,ESTADOS UNIDOS DE AMERICA,BLANCO,1997-09-01
6594436.93,267353.32,142906.93,1997,9,267353.32,7413700.62,1782285.8925,-1.0,-1.8369701987210297e-16,1.0,ESTADOS UNIDOS DE AMERICA,REPOSADO,1997-09-01
4898178.92,4489780.85,32846.69,1997,10,267353.32,7413700.62,1322960.2025,-0.8660254037844386,0.5000000000000001,0.0,ESTADOS UNIDOS DE AMERICA,AÑEJO,1997-10-01
4898178.92,4489780.85,1611629.17,1997,10,4489780.85,304444.36,2378567.085,-0.8660254037844386,0.5000000000000001,0.0,ESTADOS UNIDOS DE AMERICA,BLANCO,1997-10-01
4898178.92,4489780.85,2775078.56,1997,10,4489780.85,304444.36,3434173.9674999993,-0.8660254037844386,0.5000000000000001,0.0,ESTADOS UNIDOS DE AMERICA,JOVEN,1997-10-01
4898178.92,4489780.85,70226.43,1997,10,4489780.85,304444.36,4489780.85,-0.8660254037844386,0.5000000000000001,0.0,ESTADOS UNIDOS DE AMERICA,REPOSADO,1997-10-01
4898178.92,408398.07,141802.35,1997,10,4489780.85,304444.36,3469435.155,-0.8660254037844386,0.5000000000000001,1.0,ESTADOS UNIDOS DE AMERICA,AÑEJO,1997-10-01
4898178.92,408398.07,56762.87,1997,10,408398.07,6327083.61,2449089.46,-0.8660254037844386,0.5000000000000001,1.0,ESTADOS UNIDOS DE AMERICA,BLANCO,1997-10-01
4898178.92,408398.07,209832.85,1997,10,408398.07,6327083.61,1428743.765,-0.8660254037844386,0.5000000000000001,1.0,ESTADOS UNIDOS DE AMERICA,REPOSADO,1997-10-01
4845901.57,4582553.86,65079.84,1997,11,408398.07,6327083.61,1451937.0175,-0.5000000000000004,0.8660254037844384,0.0,ESTADOS UNIDOS DE AMERICA,AÑEJO,1997-11-01
4845901.57,4582553.86,1578630.89,1997,11,4582553.86,6327083.61,2495475.965,-0.5000000000000004,0.8660254037844384,0.0,ESTADOS UNIDOS DE AMERICA,BLANCO,1997-11-01
4845901.57,4582553.86,2937102.18,1997,11,4582553.86,267353.32,3539014.9125,-0.5000000000000004,0.8660254037844384,0.0,ESTADOS UNIDOS DE AMERICA,JOVEN,1997-11-01
4845901.57,4582553.86,1740.96,1997,11,4582553.86,267353.32,4582553.86,-0.5000000000000004,0.8660254037844384,0.0,ESTADOS UNIDOS DE AMERICA,REPOSADO,1997-11-01
4845901.57,263347.71,94517.13,1997,11,4582553.86,267353.32,3502752.3225000002,-0.5000000000000004,0.8660254037844384,1.0,ESTADOS UNIDOS DE AMERICA,AÑEJO,1997-11-01
4845901.57,263347.71,38726.24,1997,11,263347.71,4489780.85,2422950.785,-0.5000000000000004,0.8660254037844384,1.0,ESTADOS UNIDOS DE AMERICA,BLANCO,1997-11-01
4845901.57,263347.71,1654.13,1997,11,263347.71,4489780.85,1343149.2475,-0.5000000000000004,0.8660254037844384,1.0,ESTADOS UNIDOS DE AMERICA,JOVEN,1997-11-01
4845901.57,263347.71,128450.22,1997,11,263347.71,4489780.85,263347.71,-0.5000000000000004,0.8660254037844384,1.0,ESTADOS UNIDOS DE AMERICA,REPOSADO,1997-11-01
3472320.57,3290445.72,98125.5,1997,12,263347.71,4489780.85,1020122.2125000001,-2.4492935982947064e-16,1.0,0.0,ESTADOS UNIDOS DE AMERICA,AÑEJO,1997-12-01
3472320.57,3290445.72,797362.23,1997,12,3290445.72,408398.07,1776896.715,-2.4492935982947064e-16,1.0,0.0,ESTADOS UNIDOS DE AMERICA,BLANCO,1997-12-01
3472320.57,3290445.72,2393495.72,1997,12,3290445.72,408398.07,2533671.2175000003,-2.4492935982947064e-16,1.0,0.0,ESTADOS UNIDOS DE AMERICA,JOVEN,1997-12-01
3472320.57,3290445.72,1462.27,1997,12,3290445.72,408398.07,3290445.72,-2.4492935982947064e-16,1.0,0.0,ESTADOS UNIDOS DE AMERICA,REPOSADO,1997-12-01
3472320.57,181874.85,51417.31,1997,12,3290445.72,4582553.86,2513303.0025000004,-2.4492935982947064e-16,1.0,1.0,ESTADOS UNIDOS DE AMERICA,AÑEJO,1997-12-01
3472320.57,181874.85,36456.21,1997,12,181874.85,4582553.86,1736160.2850000001,-2.4492935982947064e-16,1.0,1.0,ESTADOS UNIDOS DE AMERICA,BLANCO,1997-12-01
3472320.57,181874.85,2628.0,1997,12,181874.85,4582553.86,959017.5674999999,-2.4492935982947064e-16,1.0,1.0,ESTADOS UNIDOS DE AMERICA,JOVEN,1997-12-01
3472320.57,181874.85,91373.33,1997,12,181874.85,4582553.86,181874.85,-2.4492935982947064e-16,1.0,1.0,ESTADOS UNIDOS DE AMERICA,REPOSADO,1997-12-01
4226295.32,3867858.68,32550.36,1998,1,181874.85,263347.71,1103370.8074999999,0.49999999999999994,0.8660254037844387,0.0,ESTADOS UNIDOS DE AMERICA,AÑEJO,1998-01-01
4226295.32,3867858.68,1439537.95,1998,1,3867858.68,263347.71,2024866.7650000001,0.49999999999999994,0.8660254037844387,0.0,ESTADOS UNIDOS DE AMERICA,BLANCO,1998-01-01
4226295.32,3867858.68,2395770.37,1998,1,3867858.68,263347.71,2946362.7225,0.49999999999999994,0.8660254037844387,0.0,ESTADOS UNIDOS DE AMERICA,JOVEN,1998-01-01
4226295.32,358436.64,72625.78,1998,1,3867858.68,263347.71,2990503.17,0.49999999999999994,0.8660254037844387,1.0,ESTADOS UNIDOS DE AMERICA,AÑEJO,1998-01-01
4226295.32,358436.64,55866.02,1998,1,358436.64,3290445.72,2113147.66,0.49999999999999994,0.8660254037844387,1.0,ESTADOS UNIDOS DE AMERICA,BLANCO,1998-01-01
4226295.32,358436.64,2247.75,1998,1,358436.64,3290445.72,1235792.1500000001,0.49999999999999994,0.8660254037844387,1.0,ESTADOS UNIDOS DE AMERICA,JOVEN,1998-01-01
4226295.32,358436.64,227697.09,1998,1,358436.64,3290445.72,358436.64,0.49999999999999994,0.8660254037844387,1.0,ESTADOS UNIDOS DE AMERICA,REPOSADO,1998-01-01
5483581.15,5185211.01,99335.35,1998,2,358436.64,3290445.72,1565130.2325,0.8660254037844386,0.5000000000000001,0.0,ESTADOS UNIDOS DE AMERICA,AÑEJO,1998-02-01
5483581.15,5185211.01,1782180.1,1998,2,5185211.01,181874.85,2771823.825,0.8660254037844386,0.5000000000000001,0.0,ESTADOS UNIDOS DE AMERICA,BLANCO,1998-02-01
5483581.15,5185211.01,3303695.56,1998,2,5185211.01,181874.85,3978517.4174999995,0.8660254037844386,0.5000000000000001,0.0,ESTADOS UNIDOS DE AMERICA,JOVEN,1998-02-01
5483581.15,298370.15,42497.77,1998,2,5185211.01,181874.85,3963500.7949999995,0.8660254037844386,0.5000000000000001,1.0,ESTADOS UNIDOS DE AMERICA,AÑEJO,1998-02-01
5483581.15,298370.15,58416.0,1998,2,298370.15,181874.85,2741790.5799999996,0.8660254037844386,0.5000000000000001,1.0,ESTADOS UNIDOS DE AMERICA,BLANCO,1998-02-01
5483581.15,298370.15,450.0,1998,2,298370.15,3867858.68,1520080.365,0.8660254037844386,0.5000000000000001,1.0,ESTADOS UNIDOS DE AMERICA,JOVEN,1998-02-01
5483581.15,298370.15,197006.38,1998,2,298370.15,3867858.68,298370.15,0.8660254037844386,0.5000000000000001,1.0,ESTADOS UNIDOS DE AMERICA,REPOSADO,1998-02-01
5424909.44,4904563.52,64457.13,1998,3,298370.15,3867858.68,1449918.4925,1.0,6.123233995736766e-17,0.0,ESTADOS UNIDOS DE AMERICA,AÑEJO,1998-03-01
5424909.44,4904563.52,1513251.69,1998,3,4904563.52,358436.64,2601466.835,1.0,6.123233995736766e-17,0.0,ESTADOS UNIDOS DE AMERICA,BLANCO,1998-03-01
5424909.44,4904563.52,3320375.16,1998,3,4904563.52,358436.64,3753015.1774999993,1.0,6.123233995736766e-17,0.0,ESTADOS UNIDOS DE AMERICA,JOVEN,1998-03-01
5424909.44,4904563.52,6479.55,1998,3,4904563.52,358436.64,4904563.52,1.0,6.123233995736766e-17,0.0,ESTADOS UNIDOS DE AMERICA,REPOSADO,1998-03-01
5424909.44,520345.91,93319.41,1998,3,4904563.52,358436.64,3808509.1174999997,1.0,6.123233995736766e-17,1.0,ESTADOS UNIDOS DE AMERICA,AÑEJO,1998-03-01
5424909.44,520345.91,87639.02,1998,3,520345.91,5185211.01,2712454.715,1.0,6.123233995736766e-17,1.0,ESTADOS UNIDOS DE AMERICA,BLANCO,1998-03-01
5424909.44,520345.91,8549.98,1998,3,520345.91,5185211.01,1616400.3124999998,1.0,6.123233995736766e-17,1.0,ESTADOS UNIDOS DE AMERICA,JOVEN,1998-03-01
5424909.44,520345.91,330837.5,1998,3,520345.91,5185211.01,520345.91,1.0,6.123233995736766e-17,1.0,ESTADOS UNIDOS DE AMERICA,REPOSADO,1998-03-01
5461736.45,5132437.2,132064.91,1998,4,520345.91,298370.15,1673368.7325,0.8660254037844387,-0.4999999999999998,0.0,ESTADOS UNIDOS DE AMERICA,AÑEJO,1998-04-01
5461736.45,5132437.2,1449262.71,1998,4,5132437.2,298370.15,2826391.555,0.8660254037844387,-0.4999999999999998,0.0,ESTADOS UNIDOS DE AMERICA,BLANCO,1998-04-01
5461736.45,5132437.2,3548621.08,1998,4,5132437.2,298370.15,3979414.3775000004,0.8660254037844387,-0.4999999999999998,0.0,ESTADOS UNIDOS DE AMERICA,JOVEN,1998-04-01
5461736.45,5132437.2,2488.5,1998,4,5132437.2,298370.15,5132437.2,0.8660254037844387,-0.4999999999999998,0.0,ESTADOS UNIDOS DE AMERICA,REPOSADO,1998-04-01
5461736.45,329299.25,82520.09,1998,4,5132437.2,4904563.52,3931652.7125000004,0.8660254037844387,-0.4999999999999998,1.0,ESTADOS UNIDOS DE AMERICA,AÑEJO,1998-04-01
5461736.45,329299.25,37825.62,1998,4,329299.25,4904563.52,2730868.2250000006,0.8660254037844387,-0.4999999999999998,1.0,ESTADOS UNIDOS DE AMERICA,BLANCO,1998-04-01
5461736.45,329299.25,7499.99,1998,4,329299.25,4904563.52,1530083.7375000003,0.8660254037844387,-0.4999999999999998,1.0,ESTADOS UNIDOS DE AMERICA,JOVEN,1998-04-01
5461736.45,329299.25,201453.55,1998,4,329299.25,4904563.52,329299.25,0.8660254037844387,-0.4999999999999998,1.0,ESTADOS UNIDOS DE AMERICA,REPOSADO,1998-04-01
6165375.92,5843281.91,65215.91,1998,5,329299.25,520345.91,1707794.9150000003,0.49999999999999994,-0.8660254037844387,0.0,ESTADOS UNIDOS DE AMERICA,AÑEJO,1998-05-01
6165375.92,5843281.91,1732086.98,1998,5,5843281.91,520345.91,3086290.58,0.49999999999999994,-0.8660254037844387,0.0,ESTADOS UNIDOS DE AMERICA,BLANCO,1998-05-01
6165375.92,5843281.91,4045979.03,1998,5,5843281.91,520345.91,4464786.245,0.49999999999999994,-0.8660254037844387,0.0,ESTADOS UNIDOS DE AMERICA,JOVEN,1998-05-01
6165375.92,322094.01,92372.01,1998,5,5843281.91,520345.91,4462984.9350000005,0.49999999999999994,-0.8660254037844387,1.0,ESTADOS UNIDOS DE AMERICA,AÑEJO,1998-05-01
6165375.92,322094.01,48607.68,1998,5,322094.01,5132437.2,3082687.9600000004,0.49999999999999994,-0.8660254037844387,1.0,ESTADOS UNIDOS DE AMERICA,BLANCO,1998-05-01
6165375.92,322094.01,12112.5,1998,5,322094.01,5132437.2,1702390.9850000003,0.49999999999999994,-0.8660254037844387,1.0,ESTADOS UNIDOS DE AMERICA,JOVEN,1998-05-01
6165375.92,322094.01,169001.83,1998,5,322094.01,5132437.2,322094.01,0.49999999999999994,-0.8660254037844387,1.0,ESTADOS UNIDOS DE AMERICA,REPOSADO,1998-05-01
8121157.67,7769364.87,130952.14,1998,6,322094.01,5132437.2,2183911.725,1.2246467991473532e-16,-1.0,0.0,ESTADOS UNIDOS DE AMERICA,AÑEJO,1998-06-01
8121157.67,7769364.87,2116111.58,1998,6,7769364.87,329299.25,4045729.4400000004,1.2246467991473532e-16,-1.0,0.0,ESTADOS UNIDOS DE AMERICA,BLANCO,1998-06-01
8121157.67,7769364.87,5458205.16,1998,6,7769364.87,329299.25,5907547.155,1.2246467991473532e-16,-1.0,0.0,ESTADOS UNIDOS DE AMERICA,JOVEN,1998-06-01
8121157.67,7769364.87,64096.0,1998,6,7769364.87,329299.25,7769364.87,1.2246467991473532e-16,-1.0,0.0,ESTADOS UNIDOS DE AMERICA,REPOSADO,1998-06-01
8121157.67,351792.8,104620.77,1998,6,7769364.87,329299.25,5914971.8525,1.2246467991473532e-16,-1.0,1.0,ESTADOS UNIDOS DE AMERICA,AÑEJO,1998-06-01
8121157.67,351792.8,55198.5,1998,6,351792.8,5843281.91,4060578.8350000004,1.2246467991473532e-16,-1.0,1.0,ESTADOS UNIDOS DE AMERICA,BLANCO,1998-06-01
8121157.67,351792.8,10329.01,1998,6,351792.8,5843281.91,2206185.8175000004,1.2246467991473532e-16,-1.0,1.0,ESTADOS UNIDOS DE AMERICA,JOVEN,1998-06-01
8121157.67,351792.8,181644.53,1998,6,351792.8,5843281.91,351792.8,1.2246467991473532e-16,-1.0,1.0,ESTADOS UNIDOS DE AMERICA,REPOSADO,1998-06-01
5923861.5,5559087.11,75842.5,1998,7,351792.8,322094.01,1653616.3775000004,-0.4999999999999997,-0.8660254037844388,0.0,ESTADOS UNIDOS DE AMERICA,AÑEJO,1998-07-01
5923861.5,5559087.11,1522259.05,1998,7,5559087.11,322094.01,2955439.955,-0.4999999999999997,-0.8660254037844388,0.0,ESTADOS UNIDOS DE AMERICA,BLANCO,1998-07-01
5923861.5,5559087.11,3956998.55,1998,7,5559087.11,322094.01,4257263.532500001,-0.4999999999999997,-0.8660254037844388,0.0,ESTADOS UNIDOS DE AMERICA,JOVEN,1998-07-01
5923861.5,5559087.11,3987.01,1998,7,5559087.11,322094.01,5559087.11,-0.4999999999999997,-0.8660254037844388,0.0,ESTADOS UNIDOS DE AMERICA,REPOSADO,1998-07-01
5923861.5,364774.4,81266.83,1998,7,5559087.11,7769364.87,4260508.9325,-0.4999999999999997,-0.8660254037844388,1.0,ESTADOS UNIDOS DE AMERICA,AÑEJO,1998-07-01
5923861.5,364774.4,86787.69,1998,7,364774.4,7769364.87,2961930.7550000004,-0.4999999999999997,-0.8660254037844388,1.0,ESTADOS UNIDOS DE AMERICA,BLANCO,1998-07-01
5923861.5,364774.4,1950.0,1998,7,364774.4,7769364.87,1663352.5775000001,-0.4999999999999997,-0.8660254037844388,1.0,ESTADOS UNIDOS DE AMERICA,JOVEN,1998-07-01
5923861.5,364774.4,194769.88,1998,7,364774.4,7769364.87,364774.4,-0.4999999999999997,-0.8660254037844388,1.0,ESTADOS UNIDOS DE AMERICA,REPOSADO,1998-07-01
6021058.34,5559552.79,1703023.93,1998,8,364774.4,351792.8,1663468.9975,-0.8660254037844385,-0.5000000000000004,0.0,ESTADOS UNIDOS DE AMERICA,BLANCO,1998-08-01
6021058.34,5559552.79,3856528.86,1998,8,5559552.79,351792.8,2962163.5949999997,-0.8660254037844385,-0.5000000000000004,0.0,ESTADOS UNIDOS DE AMERICA,JOVEN,1998-08-01
6021058.34,5559552.79,0.0,1998,8,5559552.79,351792.8,4260858.1925,-0.8660254037844385,-0.5000000000000004,0.0,ESTADOS UNIDOS DE AMERICA,REPOSADO,1998-08-01
6021058.34,461505.55,79854.54,1998,8,5559552.79,351792.8,4285040.98,-0.8660254037844385,-0.5000000000000004,1.0,ESTADOS UNIDOS DE AMERICA,AÑEJO,1998-08-01
6021058.34,461505.55,66790.54,1998,8,461505.55,5559087.11,3010529.17,-0.8660254037844385,-0.5000000000000004,1.0,ESTADOS UNIDOS DE AMERICA,BLANCO,1998-08-01
6021058.34,461505.55,2700.01,1998,8,461505.55,5559087.11,1736017.36,-0.8660254037844385,-0.5000000000000004,1.0,ESTADOS UNIDOS DE AMERICA,JOVEN,1998-08-01
6021058.34,461505.55,312160.46,1998,8,461505.55,5559087.11,461505.55,-0.8660254037844385,-0.5000000000000004,1.0,ESTADOS UNIDOS DE AMERICA,REPOSADO,1998-08-01
5983621.0,5553611.35,101598.68,1998,9,461505.55,5559087.11,1734532.0,-1.0,-1.8369701987210297e-16,0.0,ESTADOS UNIDOS DE AMERICA,AÑEJO,1998-09-01
5983621.0,5553611.35,1471564.75,1998,9,5553611.35,364774.4,3007558.45,-1.0,-1.8369701987210297e-16,0.0,ESTADOS UNIDOS DE AMERICA,BLANCO,1998-09-01
5983621.0,5553611.35,3807197.91,1998,9,5553611.35,364774.4,4280584.899999999,-1.0,-1.8369701987210297e-16,0.0,ESTADOS UNIDOS DE AMERICA,JOVEN,1998-09-01
5983621.0,5553611.35,173250.0,1998,9,5553611.35,364774.4,5553611.35,-1.0,-1.8369701987210297e-16,0.0,ESTADOS UNIDOS DE AMERICA,REPOSADO,1998-09-01
5983621.0,430009.65,52791.02,1998,9,5553611.35,364774.4,4272710.925,-1.0,-1.8369701987210297e-16,1.0,ESTADOS UNIDOS DE AMERICA,AÑEJO,1998-09-01
5983621.0,430009.65,57525.02,1998,9,430009.65,5559552.79,2991810.5,-1.0,-1.8369701987210297e-16,1.0,ESTADOS UNIDOS DE AMERICA,BLANCO,1998-09-01
5983621.0,430009.65,11475.01,1998,9,430009.65,5559552.79,1710910.0750000002,-1.0,-1.8369701987210297e-16,1.0,ESTADOS UNIDOS DE AMERICA,JOVEN,1998-09-01
5983621.0,430009.65,308218.6,1998,9,430009.65,5559552.79,430009.65,-1.0,-1.8369701987210297e-16,1.0,ESTADOS UNIDOS DE AMERICA,REPOSADO,1998-09-01
5737859.92,5341305.28,98067.71,1998,10,430009.65,461505.55,1657833.5575000003,-0.8660254037844386,0.5000000000000001,0.0,ESTADOS UNIDOS DE AMERICA,AÑEJO,1998-10-01
5737859.92,5341305.28,1598839.19,1998,10,5341305.28,461505.55,2885657.4650000003,-0.8660254037844386,0.5000000000000001,0.0,ESTADOS UNIDOS DE AMERICA,BLANCO,1998-10-01
5737859.92,5341305.28,3525456.8,1998,10,5341305.28,461505.55,4113481.3725000005,-0.8660254037844386,0.5000000000000001,0.0,ESTADOS UNIDOS DE AMERICA,JOVEN,1998-10-01
5737859.92,5341305.28,118941.58,1998,10,5341305.28,461505.55,5341305.28,-0.8660254037844386,0.5000000000000001,0.0,ESTADOS UNIDOS DE AMERICA,REPOSADO,1998-10-01
5737859.92,396554.63,80668.53,1998,10,5341305.28,5553611.35,4105117.6175000006,-0.8660254037844386,0.5000000000000001,1.0,ESTADOS UNIDOS DE AMERICA,AÑEJO,1998-10-01
5737859.92,396554.63,43827.27,1998,10,396554.63,5553611.35,2868929.955,-0.8660254037844386,0.5000000000000001,1.0,ESTADOS UNIDOS DE AMERICA,BLANCO,1998-10-01
5737859.92,396554.63,272058.83,1998,10,396554.63,5553611.35,1632742.2925000002,-0.8660254037844386,0.5000000000000001,1.0,ESTADOS UNIDOS DE AMERICA,REPOSADO,1998-10-01
6047567.39,5565778.98,34398.33,1998,11,396554.63,5553611.35,1688860.7175000003,-0.5000000000000004,0.8660254037844384,0.0,ESTADOS UNIDOS DE AMERICA,AÑEJO,1998-11-01
6047567.39,5565778.98,1604525.3,1998,11,5565778.98,430009.65,2981166.8050000006,-0.5000000000000004,0.8660254037844384,0.0,ESTADOS UNIDOS DE AMERICA,BLANCO,1998-11-01
6047567.39,5565778.98,3715111.08,1998,11,5565778.98,430009.65,4273472.8925,-0.5000000000000004,0.8660254037844384,0.0,ESTADOS UNIDOS DE AMERICA,JOVEN,1998-11-01
6047567.39,5565778.98,211744.27,1998,11,5565778.98,430009.65,5565778.98,-0.5000000000000004,0.8660254037844384,0.0,ESTADOS UNIDOS DE AMERICA,REPOSADO,1998-11-01
6047567.39,481788.41,84728.75,1998,11,5565778.98,430009.65,4294781.3375,-0.5000000000000004,0.8660254037844384,1.0,ESTADOS UNIDOS DE AMERICA,AÑEJO,1998-11-01
6047567.39,481788.41,85768.53,1998,11,481788.41,5341305.28,3023783.6950000003,-0.5000000000000004,0.8660254037844384,1.0,ESTADOS UNIDOS DE AMERICA,BLANCO,1998-11-01
6047567.39,481788.41,8999.99,1998,11,481788.41,5341305.28,1752786.0525000002,-0.5000000000000004,0.8660254037844384,1.0,ESTADOS UNIDOS DE AMERICA,JOVEN,1998-11-01
6047567.39,481788.41,302291.14,1998,11,481788.41,5341305.28,481788.41,-0.5000000000000004,0.8660254037844384,1.0,ESTADOS UNIDOS DE AMERICA,REPOSADO,1998-11-01
4724125.49,4427260.65,184771.21,1998,12,481788.41,5341305.28,1468156.4700000002,-2.4492935982947064e-16,1.0,0.0,ESTADOS UNIDOS DE AMERICA,AÑEJO,1998-12-01
4724125.49,4427260.65,1372228.41,1998,12,4427260.65,396554.63,2454524.5300000003,-2.4492935982947064e-16,1.0,0.0,ESTADOS UNIDOS DE AMERICA,BLANCO,1998-12-01
4724125.49,4427260.65,2636381.48,1998,12,4427260.65,396554.63,3440892.5900000003,-2.4492935982947064e-16,1.0,0.0,ESTADOS UNIDOS DE AMERICA,JOVEN,1998-12-01
4724125.49,4427260.65,233879.55,1998,12,4427260.65,396554.63,4427260.65,-2.4492935982947064e-16,1.0,0.0,ESTADOS UNIDOS DE AMERICA,REPOSADO,1998-12-01
4724125.49,296864.84,61132.5,1998,12,4427260.65,5565778.98,3394661.6975000002,-2.4492935982947064e-16,1.0,1.0,ESTADOS UNIDOS DE AMERICA,AÑEJO,1998-12-01
4724125.49,296864.84,31504.48,1998,12,296864.84,5565778.98,2362062.745,-2.4492935982947064e-16,1.0,1.0,ESTADOS UNIDOS DE AMERICA,BLANCO,1998-12-01
4724125.49,296864.84,6408.0,1998,12,296864.84,5565778.98,1329463.7925000002,-2.4492935982947064e-16,1.0,1.0,ESTADOS UNIDOS DE AMERICA,JOVEN,1998-12-01
4724125.49,296864.84,197819.86,1998,12,296864.84,5565778.98,296864.84,-2.4492935982947064e-16,1.0,1.0,ESTADOS UNIDOS DE AMERICA,REPOSADO,1998-12-01
6265320.09,5975924.96,2925.0,1999,1,296864.84,481788.41,1716629.87,0.49999999999999994,0.8660254037844387,0.0,ESTADOS UNIDOS DE AMERICA,AÑEJO,1999-01-01
6265320.09,5975924.96,1512518.44,1999,1,5975924.96,481788.41,3136394.9,0.49999999999999994,0.8660254037844387,0.0,ESTADOS UNIDOS DE AMERICA,BLANCO,1999-01-01
6265320.09,5975924.96,4255221.52,1999,1,5975924.96,481788.41,4556159.93,0.49999999999999994,0.8660254037844387,0.0,ESTADOS UNIDOS DE AMERICA,JOVEN,1999-01-01
6265320.09,5975924.96,205260.0,1999,1,5975924.96,481788.41,5975924.96,0.49999999999999994,0.8660254037844387,0.0,ESTADOS UNIDOS DE AMERICA,REPOSADO,1999-01-01
6265320.09,289395.14,56906.27,1999,1,5975924.96,4427260.65,4554292.505,0.49999999999999994,0.8660254037844387,1.0,ESTADOS UNIDOS DE AMERICA,AÑEJO,1999-01-01
6265320.09,289395.14,48300.0,1999,1,289395.14,4427260.65,3132660.0499999993,0.49999999999999994,0.8660254037844387,1.0,ESTADOS UNIDOS DE AMERICA,BLANCO,1999-01-01
6265320.09,289395.14,2100.01,1999,1,289395.14,4427260.65,1711027.5949999997,0.49999999999999994,0.8660254037844387,1.0,ESTADOS UNIDOS DE AMERICA,JOVEN,1999-01-01
6265320.09,289395.14,182088.86,1999,1,289395.14,4427260.65,289395.14,0.49999999999999994,0.8660254037844387,1.0,ESTADOS UNIDOS DE AMERICA,REPOSADO,1999-01-01
3870479.92,3476200.48,154059.36,1999,2,289395.14,296864.84,1086096.4749999999,0.8660254037844386,0.5000000000000001,0.0,ESTADOS UNIDOS DE AMERICA,AÑEJO,1999-02-01
3870479.92,3476200.48,932541.1,1999,2,3476200.48,296864.84,1882797.8099999996,0.8660254037844386,0.5000000000000001,0.0,ESTADOS UNIDOS DE AMERICA,BLANCO,1999-02-01
3870479.92,3476200.48,2222318.53,1999,2,3476200.48,296864.84,2679499.1449999996,0.8660254037844386,0.5000000000000001,0.0,ESTADOS UNIDOS DE AMERICA,JOVEN,1999-02-01
3870479.92,3476200.48,167281.48,1999,2,3476200.48,296864.84,3476200.48,0.8660254037844386,0.5000000000000001,0.0,ESTADOS UNIDOS DE AMERICA,REPOSADO,1999-02-01
3870479.92,394279.45,85816.84,1999,2,3476200.48,5975924.96,2705720.2224999997,0.8660254037844386,0.5000000000000001,1.0,ESTADOS UNIDOS DE AMERICA,AÑEJO,1999-02-01
3870479.92,394279.45,32888.2,1999,2,394279.45,5975924.96,1935239.9649999999,0.8660254037844386,0.5000000000000001,1.0,ESTADOS UNIDOS DE AMERICA,BLANCO,1999-02-01
3870479.92,394279.45,275574.41,1999,2,394279.45,5975924.96,1164759.7074999998,0.8660254037844386,0.5000000000000001,1.0,ESTADOS UNIDOS DE AMERICA,REPOSADO,1999-02-01
5902096.71,5448661.02,31837.6,1999,3,394279.45,5975924.96,1657874.8424999998,1.0,6.123233995736766e-17,0.0,ESTADOS UNIDOS DE AMERICA,AÑEJO,1999-03-01
5902096.71,5448661.02,2045121.09,1999,3,5448661.02,289395.14,2921470.2349999994,1.0,6.123233995736766e-17,0.0,ESTADOS UNIDOS DE AMERICA,BLANCO,1999-03-01
5902096.71,5448661.02,3144986.63,1999,3,5448661.02,289395.14,4185065.6274999995,1.0,6.123233995736766e-17,0.0,ESTADOS UNIDOS DE AMERICA,JOVEN,1999-03-01
5902096.71,5448661.02,226715.71,1999,3,5448661.02,289395.14,5448661.02,1.0,6.123233995736766e-17,0.0,ESTADOS UNIDOS DE AMERICA,REPOSADO,1999-03-01
5902096.71,453435.69,84824.22,1999,3,5448661.02,289395.14,4199854.687499999,1.0,6.123233995736766e-17,1.0,ESTADOS UNIDOS DE AMERICA,AÑEJO,1999-03-01
5902096.71,453435.69,101124.0,1999,3,453435.69,3476200.48,2951048.3549999995,1.0,6.123233995736766e-17,1.0,ESTADOS UNIDOS DE AMERICA,BLANCO,1999-03-01
5902096.71,453435.69,7575.0,1999,3,453435.69,3476200.48,1702242.0225,1.0,6.123233995736766e-17,1.0,ESTADOS UNIDOS DE AMERICA,JOVEN,1999-03-01
5902096.71,453435.69,259912.47,1999,3,453435.69,3476200.48,453435.69,1.0,6.123233995736766e-17,1.0,ESTADOS UNIDOS DE AMERICA,REPOSADO,1999-03-01
5623867.82,5073124.51,93173.92,1999,4,453435.69,3476200.48,1608357.895,0.8660254037844387,-0.4999999999999998,0.0,ESTADOS UNIDOS DE AMERICA,AÑEJO,1999-04-01
5623867.82,5073124.51,1959274.49,1999,4,5073124.51,394279.45,2763280.0999999996,0.8660254037844387,-0.4999999999999998,0.0,ESTADOS UNIDOS DE AMERICA,BLANCO,1999-04-01
5623867.82,5073124.51,2795043.71,1999,4,5073124.51,394279.45,3918202.3049999997,0.8660254037844387,-0.4999999999999998,0.0,ESTADOS UNIDOS DE AMERICA,JOVEN,1999-04-01
5623867.82,5073124.51,225632.4,1999,4,5073124.51,394279.45,5073124.51,0.8660254037844387,-0.4999999999999998,0.0,ESTADOS UNIDOS DE AMERICA,REPOSADO,1999-04-01
5623867.82,550743.31,118147.74,1999,4,5073124.51,5448661.02,3942529.2099999995,0.8660254037844387,-0.4999999999999998,1.0,ESTADOS UNIDOS DE AMERICA,AÑEJO,1999-04-01
5623867.82,550743.31,67241.79,1999,4,550743.31,5448661.02,2811933.9099999997,0.8660254037844387,-0.4999999999999998,1.0,ESTADOS UNIDOS DE AMERICA,BLANCO,1999-04-01
5623867.82,550743.31,5849.99,1999,4,550743.31,5448661.02,1681338.6099999999,0.8660254037844387,-0.4999999999999998,1.0,ESTADOS UNIDOS DE AMERICA,JOVEN,1999-04-01
5623867.82,550743.31,359503.79,1999,4,550743.31,5448661.02,550743.31,0.8660254037844387,-0.4999999999999998,1.0,ESTADOS UNIDOS DE AMERICA,REPOSADO,1999-04-01
7646634.12,7181051.72,304688.74,1999,5,550743.31,453435.69,2208320.4125,0.49999999999999994,-0.8660254037844387,0.0,ESTADOS UNIDOS DE AMERICA,AÑEJO,1999-05-01
7646634.12,7181051.72,1568061.94,1999,5,7181051.72,453435.69,3865897.5149999997,0.49999999999999994,-0.8660254037844387,0.0,ESTADOS UNIDOS DE AMERICA,BLANCO,1999-05-01
7646634.12,7181051.72,4981186.93,1999,5,7181051.72,453435.69,5523474.6175,0.49999999999999994,-0.8660254037844387,0.0,ESTADOS UNIDOS DE AMERICA,JOVEN,1999-05-01
7646634.12,7181051.72,327114.12,1999,5,7181051.72,453435.69,7181051.72,0.49999999999999994,-0.8660254037844387,0.0,ESTADOS UNIDOS DE AMERICA,REPOSADO,1999-05-01
7646634.12,465582.4,68084.54,1999,5,7181051.72,5073124.51,5502184.39,0.49999999999999994,-0.8660254037844387,1.0,ESTADOS UNIDOS DE AMERICA,AÑEJO,1999-05-01
7646634.12,465582.4,57002.98,1999,5,465582.4,5073124.51,3823317.06,0.49999999999999994,-0.8660254037844387,1.0,ESTADOS UNIDOS DE AMERICA,BLANCO,1999-05-01
7646634.12,465582.4,2399.99,1999,5,465582.4,5073124.51,2144449.7299999995,0.49999999999999994,-0.8660254037844387,1.0,ESTADOS UNIDOS DE AMERICA,JOVEN,1999-05-01
7646634.12,465582.4,338094.89,1999,5,465582.4,5073124.51,465582.4,0.49999999999999994,-0.8660254037844387,1.0,ESTADOS UNIDOS DE AMERICA,REPOSADO,1999-05-01
7961526.22,7406257.2,87888.71,1999,6,465582.4,550743.31,2200751.0999999996,1.2246467991473532e-16,-1.0,0.0,ESTADOS UNIDOS DE AMERICA,AÑEJO,1999-06-01
7961526.22,7406257.2,1850321.7,1999,6,7406257.2,550743.31,3935919.8,1.2246467991473532e-16,-1.0,0.0,ESTADOS UNIDOS DE AMERICA,BLANCO,1999-06-01
7961526.22,7406257.2,3764809.47,1999,6,7406257.2,550743.31,5671088.5,1.2246467991473532e-16,-1.0,0.0,ESTADOS UNIDOS DE AMERICA,JOVEN,1999-06-01
7961526.22,7406257.2,1703237.32,1999,6,7406257.2,550743.31,7406257.2,1.2246467991473532e-16,-1.0,0.0,ESTADOS UNIDOS DE AMERICA,REPOSADO,1999-06-01
7961526.22,555269.03,144015.03,1999,6,7406257.2,7181051.72,5693510.157500001,1.2246467991473532e-16,-1.0,1.0,ESTADOS UNIDOS DE AMERICA,AÑEJO,1999-06-01
7961526.22,555269.03,97705.99,1999,6,555269.03,7181051.72,3980763.1149999998,1.2246467991473532e-16,-1.0,1.0,ESTADOS UNIDOS DE AMERICA,BLANCO,1999-06-01
7961526.22,555269.03,9225.0,1999,6,555269.03,7181051.72,2268016.0725,1.2246467991473532e-16,-1.0,1.0,ESTADOS UNIDOS DE AMERICA,JOVEN,1999-06-01
7961526.22,555269.03,304323.02,1999,6,555269.03,7181051.72,555269.03,1.2246467991473532e-16,-1.0,1.0,ESTADOS UNIDOS DE AMERICA,REPOSADO,1999-06-01
7407301.18,6867426.13,93628.76,1999,7,555269.03,465582.4,2133308.3049999997,-0.4999999999999997,-0.8660254037844388,0.0,ESTADOS UNIDOS DE AMERICA,AÑEJO,1999-07-01
7407301.18,6867426.13,1771802.01,1999,7,6867426.13,465582.4,3711347.5799999996,-0.4999999999999997,-0.8660254037844388,0.0,ESTADOS UNIDOS DE AMERICA,BLANCO,1999-07-01
7407301.18,6867426.13,2248648.85,1999,7,6867426.13,465582.4,5289386.8549999995,-0.4999999999999997,-0.8660254037844388,0.0,ESTADOS UNIDOS DE AMERICA,JOVEN,1999-07-01
7407301.18,6867426.13,2753346.52,1999,7,6867426.13,465582.4,6867426.13,-0.4999999999999997,-0.8660254037844388,0.0,ESTADOS UNIDOS DE AMERICA,REPOSADO,1999-07-01
7407301.18,539875.05,208188.72,1999,7,6867426.13,7406257.2,5285538.359999999,-0.4999999999999997,-0.8660254037844388,1.0,ESTADOS UNIDOS DE AMERICA,AÑEJO,1999-07-01
7407301.18,539875.05,37032.02,1999,7,539875.05,7406257.2,3703650.59,-0.4999999999999997,-0.8660254037844388,1.0,ESTADOS UNIDOS DE AMERICA,BLANCO,1999-07-01
7407301.18,539875.05,8632.48,1999,7,539875.05,7406257.2,2121762.82,-0.4999999999999997,-0.8660254037844388,1.0,ESTADOS UNIDOS DE AMERICA,JOVEN,1999-07-01
7407301.18,539875.05,286021.82,1999,7,539875.05,7406257.2,539875.05,-0.4999999999999997,-0.8660254037844388,1.0,ESTADOS UNIDOS DE AMERICA,REPOSADO,1999-07-01
7305960.64,6808998.68,57977.03,1999,8,539875.05,555269.03,2107155.9574999996,-0.8660254037844385,-0.5000000000000004,0.0,ESTADOS UNIDOS DE AMERICA,AÑEJO,1999-08-01
7305960.64,6808998.68,1532326.14,1999,8,6808998.68,555269.03,3674436.8649999998,-0.8660254037844385,-0.5000000000000004,0.0,ESTADOS UNIDOS DE AMERICA,BLANCO,1999-08-01
7305960.64,6808998.68,4955016.77,1999,8,6808998.68,555269.03,5241717.772499999,-0.8660254037844385,-0.5000000000000004,0.0,ESTADOS UNIDOS DE AMERICA,JOVEN,1999-08-01
7305960.64,6808998.68,263678.75,1999,8,6808998.68,555269.03,6808998.68,-0.8660254037844385,-0.5000000000000004,0.0,ESTADOS UNIDOS DE AMERICA,REPOSADO,1999-08-01
7305960.64,496961.96,148534.31,1999,8,6808998.68,6867426.13,5230989.499999999,-0.8660254037844385,-0.5000000000000004,1.0,ESTADOS UNIDOS DE AMERICA,AÑEJO,1999-08-01
7305960.64,496961.96,86311.49,1999,8,496961.96,6867426.13,3652980.3199999994,-0.8660254037844385,-0.5000000000000004,1.0,ESTADOS UNIDOS DE AMERICA,BLANCO,1999-08-01
7305960.64,496961.96,7776.01,1999,8,496961.96,6867426.13,2074971.1399999997,-0.8660254037844385,-0.5000000000000004,1.0,ESTADOS UNIDOS DE AMERICA,JOVEN,1999-08-01
7305960.64,496961.96,254340.16,1999,8,496961.96,6867426.13,496961.96,-0.8660254037844385,-0.5000000000000004,1.0,ESTADOS UNIDOS DE AMERICA,REPOSADO,1999-08-01
8099612.5,7414884.37,192861.87,1999,9,496961.96,539875.05,2226442.5625,-1.0,-1.8369701987210297e-16,0.0,ESTADOS UNIDOS DE AMERICA,AÑEJO,1999-09-01
8099612.5,7414884.37,1618686.14,1999,9,7414884.37,539875.05,3955923.1649999996,-1.0,-1.8369701987210297e-16,0.0,ESTADOS UNIDOS DE AMERICA,BLANCO,1999-09-01
8099612.5,7414884.37,4755560.1,1999,9,7414884.37,539875.05,5685403.7675,-1.0,-1.8369701987210297e-16,0.0,ESTADOS UNIDOS DE AMERICA,JOVEN,1999-09-01
8099612.5,7414884.37,847776.27,1999,9,7414884.37,539875.05,7414884.37,-1.0,-1.8369701987210297e-16,0.0,ESTADOS UNIDOS DE AMERICA,REPOSADO,1999-09-01
8099612.5,684728.12,181576.16,1999,9,7414884.37,6808998.68,5732345.3075,-1.0,-1.8369701987210297e-16,1.0,ESTADOS UNIDOS DE AMERICA,AÑEJO,1999-09-01
8099612.5,684728.12,73112.02,1999,9,684728.12,6808998.68,4049806.245,-1.0,-1.8369701987210297e-16,1.0,ESTADOS UNIDOS DE AMERICA,BLANCO,1999-09-01
8099612.5,684728.12,2699.99,1999,9,684728.12,6808998.68,2367267.1824999996,-1.0,-1.8369701987210297e-16,1.0,ESTADOS UNIDOS DE AMERICA,JOVEN,1999-09-01
8099612.5,684728.12,427339.95,1999,9,684728.12,6808998.68,684728.12,-1.0,-1.8369701987210297e-16,1.0,ESTADOS UNIDOS DE AMERICA,REPOSADO,1999-09-01
6410446.74,5684751.19,122753.57,1999,10,684728.12,496961.96,1934733.8874999997,-0.8660254037844386,0.5000000000000001,0.0,ESTADOS UNIDOS DE AMERICA,AÑEJO,1999-10-01
6410446.74,5684751.19,1655746.15,1999,10,5684751.19,496961.96,3184739.6550000003,-0.8660254037844386,0.5000000000000001,0.0,ESTADOS UNIDOS DE AMERICA,BLANCO,1999-10-01
6410446.74,5684751.19,3244489.0,1999,10,5684751.19,496961.96,4434745.4225,-0.8660254037844386,0.5000000000000001,0.0,ESTADOS UNIDOS DE AMERICA,JOVEN,1999-10-01
6410446.74,5684751.19,661762.48,1999,10,5684751.19,496961.96,5684751.19,-0.8660254037844386,0.5000000000000001,0.0,ESTADOS UNIDOS DE AMERICA,REPOSADO,1999-10-01
6410446.74,725695.55,146099.07,1999,10,5684751.19,7414884.37,4444987.28,-0.8660254037844386,0.5000000000000001,1.0,ESTADOS UNIDOS DE AMERICA,AÑEJO,1999-10-01
6410446.74,725695.55,93942.71,1999,10,725695.55,7414884.37,3205223.3700000006,-0.8660254037844386,0.5000000000000001,1.0,ESTADOS UNIDOS DE AMERICA,BLANCO,1999-10-01
6410446.74,725695.55,7482.01,1999,10,725695.55,7414884.37,1965459.4600000002,-0.8660254037844386,0.5000000000000001,1.0,ESTADOS UNIDOS DE AMERICA,JOVEN,1999-10-01
6410446.74,725695.55,478171.76,1999,10,725695.55,7414884.37,725695.55,-0.8660254037844386,0.5000000000000001,1.0,ESTADOS UNIDOS DE AMERICA,REPOSADO,1999-10-01
5621846.84,5035580.12,34726.12,1999,11,725695.55,684728.12,1803166.6925000001,-0.5000000000000004,0.8660254037844384,0.0,ESTADOS UNIDOS DE AMERICA,AÑEJO,1999-11-01
5621846.84,5035580.12,1023723.02,1999,11,5035580.12,684728.12,2880637.835,-0.5000000000000004,0.8660254037844384,0.0,ESTADOS UNIDOS DE AMERICA,BLANCO,1999-11-01
5621846.84,5035580.12,3715397.24,1999,11,5035580.12,684728.12,3958108.9775,-0.5000000000000004,0.8660254037844384,0.0,ESTADOS UNIDOS DE AMERICA,JOVEN,1999-11-01
5621846.84,5035580.12,261733.75,1999,11,5035580.12,684728.12,5035580.12,-0.5000000000000004,0.8660254037844384,0.0,ESTADOS UNIDOS DE AMERICA,REPOSADO,1999-11-01
5621846.84,586266.71,89257.41,1999,11,5035580.12,5684751.19,3923251.7675,-0.5000000000000004,0.8660254037844384,1.0,ESTADOS UNIDOS DE AMERICA,AÑEJO,1999-11-01
5621846.84,586266.71,93106.43,1999,11,586266.71,5684751.19,2810923.415,-0.5000000000000004,0.8660254037844384,1.0,ESTADOS UNIDOS DE AMERICA,BLANCO,1999-11-01
5621846.84,586266.71,6511.51,1999,11,586266.71,5684751.19,1698595.0625,-0.5000000000000004,0.8660254037844384,1.0,ESTADOS UNIDOS DE AMERICA,JOVEN,1999-11-01
5621846.84,586266.71,397391.36,1999,11,586266.71,5684751.19,586266.71,-0.5000000000000004,0.8660254037844384,1.0,ESTADOS UNIDOS DE AMERICA,REPOSADO,1999-11-01
5962951.36,5271925.07,7580.99,1999,12,586266.71,725695.55,1757681.3,-2.4492935982947064e-16,1.0,0.0,ESTADOS UNIDOS DE AMERICA,AÑEJO,1999-12-01
5962951.36,5271925.07,1395978.33,1999,12,5271925.07,725695.55,2929095.89,-2.4492935982947064e-16,1.0,0.0,ESTADOS UNIDOS DE AMERICA,BLANCO,1999-12-01
5962951.36,5271925.07,3547990.74,1999,12,5271925.07,725695.55,4100510.4800000004,-2.4492935982947064e-16,1.0,0.0,ESTADOS UNIDOS DE AMERICA,JOVEN,1999-12-01
5962951.36,5271925.07,320375.0,1999,12,5271925.07,725695.55,5271925.07,-2.4492935982947064e-16,1.0,0.0,ESTADOS UNIDOS DE AMERICA,REPOSADO,1999-12-01
5962951.36,691026.3,134713.84,1999,12,5271925.07,5035580.12,4126700.3775000004,-2.4492935982947064e-16,1.0,1.0,ESTADOS UNIDOS DE AMERICA,AÑEJO,1999-12-01
5962951.36,691026.3,126020.99,1999,12,691026.3,5035580.12,2981475.685,-2.4492935982947064e-16,1.0,1.0,ESTADOS UNIDOS DE AMERICA,BLANCO,1999-12-01
5962951.36,691026.3,4151.99,1999,12,691026.3,5035580.12,1836250.9925000002,-2.4492935982947064e-16,1.0,1.0,ESTADOS UNIDOS DE AMERICA,JOVEN,1999-12-01
5962951.36,691026.3,426139.48,1999,12,691026.3,5035580.12,691026.3,-2.4492935982947064e-16,1.0,1.0,ESTADOS UNIDOS DE AMERICA,REPOSADO,1999-12-01
6804154.12,6366080.23,63602.55,2000,1,691026.3,586266.71,2109789.7825,0.49999999999999994,0.8660254037844387,0.0,ESTADOS UNIDOS DE AMERICA,AÑEJO,2000-01-01
6804154.12,6366080.23,1377988.78,2000,1,6366080.23,586266.71,3528553.2650000006,0.49999999999999994,0.8660254037844387,0.0,ESTADOS UNIDOS DE AMERICA,BLANCO,2000-01-01
6804154.12,6366080.23,4465455.64,2000,1,6366080.23,586266.71,4947316.7475000005,0.49999999999999994,0.8660254037844387,0.0,ESTADOS UNIDOS DE AMERICA,JOVEN,2000-01-01
6804154.12,6366080.23,459033.26,2000,1,6366080.23,586266.71,6366080.23,0.49999999999999994,0.8660254037844387,0.0,ESTADOS UNIDOS DE AMERICA,REPOSADO,2000-01-01
6804154.12,438073.89,38883.75,2000,1,6366080.23,5271925.07,4884078.6450000005,0.49999999999999994,0.8660254037844387,1.0,ESTADOS UNIDOS DE AMERICA,AÑEJO,2000-01-01
6804154.12,438073.89,126686.99,2000,1,438073.89,5271925.07,3402077.06,0.49999999999999994,0.8660254037844387,1.0,ESTADOS UNIDOS DE AMERICA,BLANCO,2000-01-01
6804154.12,438073.89,4148.55,2000,1,438073.89,5271925.07,1920075.475,0.49999999999999994,0.8660254037844387,1.0,ESTADOS UNIDOS DE AMERICA,JOVEN,2000-01-01
6804154.12,438073.89,268354.6,2000,1,438073.89,5271925.07,438073.89,0.49999999999999994,0.8660254037844387,1.0,ESTADOS UNIDOS DE AMERICA,REPOSADO,2000-01-01
6651884.86,6229551.28,36641.99,2000,2,438073.89,691026.3,1885943.2375,0.8660254037844386,0.5000000000000001,0.0,ESTADOS UNIDOS DE AMERICA,AÑEJO,2000-02-01
6651884.86,6229551.28,1315982.07,2000,2,6229551.28,691026.3,3333812.585,0.8660254037844386,0.5000000000000001,0.0,ESTADOS UNIDOS DE AMERICA,BLANCO,2000-02-01
6651884.86,6229551.28,4604418.95,2000,2,6229551.28,691026.3,4781681.9325,0.8660254037844386,0.5000000000000001,0.0,ESTADOS UNIDOS DE AMERICA,JOVEN,2000-02-01
6651884.86,6229551.28,272508.27,2000,2,6229551.28,691026.3,6229551.28,0.8660254037844386,0.5000000000000001,0.0,ESTADOS UNIDOS DE AMERICA,REPOSADO,2000-02-01
6651884.86,422333.57,62812.9,2000,2,6229551.28,6366080.23,4777746.852500001,0.8660254037844386,0.5000000000000001,1.0,ESTADOS UNIDOS DE AMERICA,AÑEJO,2000-02-01
6651884.86,422333.57,133617.96,2000,2,422333.57,6366080.23,3325942.4250000003,0.8660254037844386,0.5000000000000001,1.0,ESTADOS UNIDOS DE AMERICA,BLANCO,2000-02-01
6651884.86,422333.57,1176.01,2000,2,422333.57,6366080.23,1874137.9975,0.8660254037844386,0.5000000000000001,1.0,ESTADOS UNIDOS DE AMERICA,JOVEN,2000-02-01
6651884.86,422333.57,224726.7,2000,2,422333.57,6366080.23,422333.57,0.8660254037844386,0.5000000000000001,1.0,ESTADOS UNIDOS DE AMERICA,REPOSADO,2000-02-01
7064512.72,6380178.89,64990.98,2000,3,422333.57,438073.89,1911794.9,1.0,6.123233995736766e-17,0.0,ESTADOS UNIDOS DE AMERICA,AÑEJO,2000-03-01
7064512.72,6380178.89,1599360.54,2000,3,6380178.89,438073.89,3401256.2299999995,1.0,6.123233995736766e-17,0.0,ESTADOS UNIDOS DE AMERICA,BLANCO,2000-03-01
7064512.72,6380178.89,4309689.37,2000,3,6380178.89,438073.89,4890717.56,1.0,6.123233995736766e-17,0.0,ESTADOS UNIDOS DE AMERICA,JOVEN,2000-03-01
7064512.72,6380178.89,406138.0,2000,3,6380178.89,438073.89,6380178.89,1.0,6.123233995736766e-17,0.0,ESTADOS UNIDOS DE AMERICA,REPOSADO,2000-03-01
7064512.72,684333.83,164696.94,2000,3,6380178.89,6229551.28,4956217.625,1.0,6.123233995736766e-17,1.0,ESTADOS UNIDOS DE AMERICA,AÑEJO,2000-03-01
7064512.72,684333.83,123643.18,2000,3,684333.83,6229551.28,3532256.36,1.0,6.123233995736766e-17,1.0,ESTADOS UNIDOS DE AMERICA,BLANCO,2000-03-01
7064512.72,684333.83,1350.0,2000,3,684333.83,6229551.28,2108295.0949999997,1.0,6.123233995736766e-17,1.0,ESTADOS UNIDOS DE AMERICA,JOVEN,2000-03-01
7064512.72,684333.83,394643.71,2000,3,684333.83,6229551.28,684333.83,1.0,6.123233995736766e-17,1.0,ESTADOS UNIDOS DE AMERICA,REPOSADO,2000-03-01
6479611.42,5794715.59,47597.63,2000,4,684333.83,422333.57,1961929.27,0.8660254037844387,-0.4999999999999998,0.0,ESTADOS UNIDOS DE AMERICA,AÑEJO,2000-04-01
6479611.42,5794715.59,1325976.34,2000,4,5794715.59,422333.57,3239524.71,0.8660254037844387,-0.4999999999999998,0.0,ESTADOS UNIDOS DE AMERICA,BLANCO,2000-04-01
6479611.42,5794715.59,4097293.98,2000,4,5794715.59,422333.57,4517120.15,0.8660254037844387,-0.4999999999999998,0.0,ESTADOS UNIDOS DE AMERICA,JOVEN,2000-04-01
6479611.42,5794715.59,323847.63,2000,4,5794715.59,422333.57,5794715.59,0.8660254037844387,-0.4999999999999998,0.0,ESTADOS UNIDOS DE AMERICA,REPOSADO,2000-04-01
6479611.42,684895.83,151586.37,2000,4,5794715.59,6380178.89,4517260.649999999,0.8660254037844387,-0.4999999999999998,1.0,ESTADOS UNIDOS DE AMERICA,AÑEJO,2000-04-01
6479611.42,684895.83,79275.14,2000,4,684895.83,6380178.89,3239805.71,0.8660254037844387,-0.4999999999999998,1.0,ESTADOS UNIDOS DE AMERICA,BLANCO,2000-04-01
6479611.42,684895.83,454034.32,2000,4,684895.83,6380178.89,1962350.77,0.8660254037844387,-0.4999999999999998,1.0,ESTADOS UNIDOS DE AMERICA,REPOSADO,2000-04-01
7624440.7,6910461.79,114855.69,2000,5,684895.83,6380178.89,2241287.3200000003,0.49999999999999994,-0.8660254037844387,0.0,ESTADOS UNIDOS DE AMERICA,AÑEJO,2000-05-01
7624440.7,6910461.79,1684446.23,2000,5,6910461.79,684333.83,3797678.81,0.49999999999999994,-0.8660254037844387,0.0,ESTADOS UNIDOS DE AMERICA,BLANCO,2000-05-01
7624440.7,6910461.79,5009084.52,2000,5,6910461.79,684333.83,5354070.3,0.49999999999999994,-0.8660254037844387,0.0,ESTADOS UNIDOS DE AMERICA,JOVEN,2000-05-01
7624440.7,6910461.79,102075.35,2000,5,6910461.79,684333.83,6910461.79,0.49999999999999994,-0.8660254037844387,0.0,ESTADOS UNIDOS DE AMERICA,REPOSADO,2000-05-01
7624440.7,713978.91,126178.51,2000,5,6910461.79,684333.83,5361341.069999999,0.49999999999999994,-0.8660254037844387,1.0,ESTADOS UNIDOS DE AMERICA,AÑEJO,2000-05-01
7624440.7,713978.91,100350.92,2000,5,713978.91,5794715.59,3812220.35,0.49999999999999994,-0.8660254037844387,1.0,ESTADOS UNIDOS DE AMERICA,BLANCO,2000-05-01
7624440.7,713978.91,8550.01,2000,5,713978.91,5794715.59,2263099.63,0.49999999999999994,-0.8660254037844387,1.0,ESTADOS UNIDOS DE AMERICA,JOVEN,2000-05-01
7624440.7,713978.91,478899.47,2000,5,713978.91,5794715.59,713978.91,0.49999999999999994,-0.8660254037844387,1.0,ESTADOS UNIDOS DE AMERICA,REPOSADO,2000-05-01
6680536.43,6136804.78,125416.89,2000,6,713978.91,5794715.59,2069685.3775,1.2246467991473532e-16,-1.0,0.0,ESTADOS UNIDOS DE AMERICA,AÑEJO,2000-06-01
6680536.43,6136804.78,1192854.77,2000,6,6136804.78,684895.83,3425391.845,1.2246467991473532e-16,-1.0,0.0,ESTADOS UNIDOS DE AMERICA,BLANCO,2000-06-01
6680536.43,6136804.78,4814283.49,2000,6,6136804.78,684895.83,4781098.3125,1.2246467991473532e-16,-1.0,0.0,ESTADOS UNIDOS DE AMERICA,JOVEN,2000-06-01
6680536.43,6136804.78,4249.64,2000,6,6136804.78,684895.83,6136804.78,1.2246467991473532e-16,-1.0,0.0,ESTADOS UNIDOS DE AMERICA,REPOSADO,2000-06-01
6680536.43,543731.65,48634.51,2000,6,6136804.78,6910461.79,4738536.4975000005,1.2246467991473532e-16,-1.0,1.0,ESTADOS UNIDOS DE AMERICA,AÑEJO,2000-06-01
6680536.43,543731.65,100338.03,2000,6,543731.65,6910461.79,3340268.215000001,1.2246467991473532e-16,-1.0,1.0,ESTADOS UNIDOS DE AMERICA,BLANCO,2000-06-01
6680536.43,543731.65,1500.0,2000,6,543731.65,6910461.79,1941999.9325000003,1.2246467991473532e-16,-1.0,1.0,ESTADOS UNIDOS DE AMERICA,JOVEN,2000-06-01
6680536.43,543731.65,393259.12,2000,6,543731.65,6910461.79,543731.65,1.2246467991473532e-16,-1.0,1.0,ESTADOS UNIDOS DE AMERICA,REPOSADO,2000-06-01
5266649.45,4746153.07,87360.74,2000,7,543731.65,713978.91,1594337.0050000004,-0.4999999999999997,-0.8660254037844388,0.0,ESTADOS UNIDOS DE AMERICA,AÑEJO,2000-07-01
5266649.45,4746153.07,1293183.11,2000,7,4746153.07,713978.91,2644942.3600000003,-0.4999999999999997,-0.8660254037844388,0.0,ESTADOS UNIDOS DE AMERICA,BLANCO,2000-07-01
5266649.45,4746153.07,3328814.69,2000,7,4746153.07,713978.91,3695547.7150000003,-0.4999999999999997,-0.8660254037844388,0.0,ESTADOS UNIDOS DE AMERICA,JOVEN,2000-07-01
5266649.45,4746153.07,36794.53,2000,7,4746153.07,713978.91,4746153.07,-0.4999999999999997,-0.8660254037844388,0.0,ESTADOS UNIDOS DE AMERICA,REPOSADO,2000-07-01
5266649.45,520496.38,88111.38,2000,7,4746153.07,6136804.78,3689738.8975000004,-0.4999999999999997,-0.8660254037844388,1.0,ESTADOS UNIDOS DE AMERICA,AÑEJO,2000-07-01
5266649.45,520496.38,120905.88,2000,7,520496.38,6136804.78,2633324.7250000006,-0.4999999999999997,-0.8660254037844388,1.0,ESTADOS UNIDOS DE AMERICA,BLANCO,2000-07-01
5266649.45,520496.38,8999.99,2000,7,520496.38,6136804.78,1576910.5525000002,-0.4999999999999997,-0.8660254037844388,1.0,ESTADOS UNIDOS DE AMERICA,JOVEN,2000-07-01
5266649.45,520496.38,302479.13,2000,7,520496.38,6136804.78,520496.38,-0.4999999999999997,-0.8660254037844388,1.0,ESTADOS UNIDOS DE AMERICA,REPOSADO,2000-07-01
8599353.84,8038544.79,129657.01,2000,8,520496.38,543731.65,2400008.4825000004,-0.8660254037844385,-0.5000000000000004,0.0,ESTADOS UNIDOS DE AMERICA,AÑEJO,2000-08-01
8599353.84,8038544.79,2326241.31,2000,8,8038544.79,543731.65,4279520.585,-0.8660254037844385,-0.5000000000000004,0.0,ESTADOS UNIDOS DE AMERICA,BLANCO,2000-08-01
8599353.84,8038544.79,5282843.72,2000,8,8038544.79,543731.65,6159032.6875,-0.8660254037844385,-0.5000000000000004,0.0,ESTADOS UNIDOS DE AMERICA,JOVEN,2000-08-01
8599353.84,8038544.79,299802.75,2000,8,8038544.79,543731.65,8038544.79,-0.8660254037844385,-0.5000000000000004,0.0,ESTADOS UNIDOS DE AMERICA,REPOSADO,2000-08-01
8599353.84,560809.05,90983.98,2000,8,8038544.79,4746153.07,6169110.855,-0.8660254037844385,-0.5000000000000004,1.0,ESTADOS UNIDOS DE AMERICA,AÑEJO,2000-08-01
8599353.84,560809.05,123638.27,2000,8,560809.05,4746153.07,4299676.92,-0.8660254037844385,-0.5000000000000004,1.0,ESTADOS UNIDOS DE AMERICA,BLANCO,2000-08-01
8599353.84,560809.05,4590.0,2000,8,560809.05,4746153.07,2430242.9850000003,-0.8660254037844385,-0.5000000000000004,1.0,ESTADOS UNIDOS DE AMERICA,JOVEN,2000-08-01
8599353.84,560809.05,341596.81,2000,8,560809.05,4746153.07,560809.05,-0.8660254037844385,-0.5000000000000004,1.0,ESTADOS UNIDOS DE AMERICA,REPOSADO,2000-08-01
6324027.88,5502497.73,134620.52,2000,9,560809.05,520496.38,1796231.2200000004,-1.0,-1.8369701987210297e-16,0.0,ESTADOS UNIDOS DE AMERICA,AÑEJO,2000-09-01
6324027.88,5502497.73,1906386.67,2000,9,5502497.73,520496.38,3031653.3900000006,-1.0,-1.8369701987210297e-16,0.0,ESTADOS UNIDOS DE AMERICA,BLANCO,2000-09-01
6324027.88,5502497.73,3240214.33,2000,9,5502497.73,520496.38,4267075.5600000005,-1.0,-1.8369701987210297e-16,0.0,ESTADOS UNIDOS DE AMERICA,JOVEN,2000-09-01
6324027.88,5502497.73,221276.22,2000,9,5502497.73,520496.38,5502497.73,-1.0,-1.8369701987210297e-16,0.0,ESTADOS UNIDOS DE AMERICA,REPOSADO,2000-09-01
6324027.88,821530.15,118748.51,2000,9,5502497.73,8038544.79,4332255.835000001,-1.0,-1.8369701987210297e-16,1.0,ESTADOS UNIDOS DE AMERICA,AÑEJO,2000-09-01
6324027.88,821530.15,112288.1,2000,9,821530.15,8038544.79,3162013.940000001,-1.0,-1.8369701987210297e-16,1.0,ESTADOS UNIDOS DE AMERICA,BLANCO,2000-09-01
6324027.88,821530.15,590493.54,2000,9,821530.15,8038544.79,1991772.0450000004,-1.0,-1.8369701987210297e-16,1.0,ESTADOS UNIDOS DE AMERICA,REPOSADO,2000-09-01
7649347.52,7033556.89,59283.03,2000,10,821530.15,8038544.79,2374536.835,-0.8660254037844386,0.5000000000000001,0.0,ESTADOS UNIDOS DE AMERICA,AÑEJO,2000-10-01
7649347.52,7033556.89,2182573.95,2000,10,7033556.89,560809.05,3927543.52,-0.8660254037844386,0.5000000000000001,0.0,ESTADOS UNIDOS DE AMERICA,BLANCO,2000-10-01
7649347.52,7033556.89,4648877.41,2000,10,7033556.89,560809.05,5480550.205,-0.8660254037844386,0.5000000000000001,0.0,ESTADOS UNIDOS DE AMERICA,JOVEN,2000-10-01
7649347.52,7033556.89,142822.5,2000,10,7033556.89,560809.05,7033556.89,-0.8660254037844386,0.5000000000000001,0.0,ESTADOS UNIDOS DE AMERICA,REPOSADO,2000-10-01
7649347.52,615790.63,60107.49,2000,10,7033556.89,560809.05,5429115.325,-0.8660254037844386,0.5000000000000001,1.0,ESTADOS UNIDOS DE AMERICA,AÑEJO,2000-10-01
7649347.52,615790.63,134466.01,2000,10,615790.63,5502497.73,3824673.76,-0.8660254037844386,0.5000000000000001,1.0,ESTADOS UNIDOS DE AMERICA,BLANCO,2000-10-01
7649347.52,615790.63,450.0,2000,10,615790.63,5502497.73,2220232.1950000003,-0.8660254037844386,0.5000000000000001,1.0,ESTADOS UNIDOS DE AMERICA,JOVEN,2000-10-01
7649347.52,615790.63,420767.13,2000,10,615790.63,5502497.73,615790.63,-0.8660254037844386,0.5000000000000001,1.0,ESTADOS UNIDOS DE AMERICA,REPOSADO,2000-10-01
8126338.7,7479055.51,34407.01,2000,11,615790.63,5502497.73,2331606.85,-0.5000000000000004,0.8660254037844384,0.0,ESTADOS UNIDOS DE AMERICA,AÑEJO,2000-11-01
8126338.7,7479055.51,1960440.64,2000,11,7479055.51,821530.15,4047423.07,-0.5000000000000004,0.8660254037844384,0.0,ESTADOS UNIDOS DE AMERICA,BLANCO,2000-11-01
8126338.7,7479055.51,5203733.11,2000,11,7479055.51,821530.15,5763239.29,-0.5000000000000004,0.8660254037844384,0.0,ESTADOS UNIDOS DE AMERICA,JOVEN,2000-11-01
8126338.7,7479055.51,280474.76,2000,11,7479055.51,821530.15,7479055.51,-0.5000000000000004,0.8660254037844384,0.0,ESTADOS UNIDOS DE AMERICA,REPOSADO,2000-11-01
8126338.7,647283.19,103606.47,2000,11,7479055.51,7033556.89,5771112.43,-0.5000000000000004,0.8660254037844384,1.0,ESTADOS UNIDOS DE AMERICA,AÑEJO,2000-11-01
8126338.7,647283.19,137914.26,2000,11,647283.19,7033556.89,4063169.3499999996,-0.5000000000000004,0.8660254037844384,1.0,ESTADOS UNIDOS DE AMERICA,BLANCO,2000-11-01
8126338.7,647283.19,900.01,2000,11,647283.19,7033556.89,2355226.27,-0.5000000000000004,0.8660254037844384,1.0,ESTADOS UNIDOS DE AMERICA,JOVEN,2000-11-01
8126338.7,647283.19,404862.45,2000,11,647283.19,7033556.89,647283.19,-0.5000000000000004,0.8660254037844384,1.0,ESTADOS UNIDOS DE AMERICA,REPOSADO,2000-11-01
5402152.94,4740608.33,46344.0,2000,12,647283.19,615790.63,1670614.475,-2.4492935982947064e-16,1.0,0.0,ESTADOS UNIDOS DE AMERICA,AÑEJO,2000-12-01
5402152.94,4740608.33,1058631.49,2000,12,4740608.33,615790.63,2693945.7600000002,-2.4492935982947064e-16,1.0,0.0,ESTADOS UNIDOS DE AMERICA,BLANCO,2000-12-01
5402152.94,4740608.33,3401968.65,2000,12,4740608.33,615790.63,3717277.0450000004,-2.4492935982947064e-16,1.0,0.0,ESTADOS UNIDOS DE AMERICA,JOVEN,2000-12-01
5402152.94,4740608.33,233664.19,2000,12,4740608.33,615790.63,4740608.33,-2.4492935982947064e-16,1.0,0.0,ESTADOS UNIDOS DE AMERICA,REPOSADO,2000-12-01
5402152.94,661544.61,53274.13,2000,12,4740608.33,7479055.51,3720842.4,-2.4492935982947064e-16,1.0,1.0,ESTADOS UNIDOS DE AMERICA,AÑEJO,2000-12-01
5402152.94,661544.61,141403.19,2000,12,661544.61,7479055.51,2701076.47,-2.4492935982947064e-16,1.0,1.0,ESTADOS UNIDOS DE AMERICA,BLANCO,2000-12-01
5402152.94,661544.61,12515.28,2000,12,661544.61,7479055.51,1681310.54,-2.4492935982947064e-16,1.0,1.0,ESTADOS UNIDOS DE AMERICA,JOVEN,2000-12-01
5402152.94,661544.61,454352.02,2000,12,661544.61,7479055.51,661544.61,-2.4492935982947064e-16,1.0,1.0,ESTADOS UNIDOS DE AMERICA,REPOSADO,2000-12-01
3691997.83,3326506.98,10395.0,2001,1,661544.61,647283.19,1327785.2025000001,0.49999999999999994,0.8660254037844387,0.0,ESTADOS UNIDOS DE AMERICA,AÑEJO,2001-01-01
3691997.83,3326506.98,654869.15,2001,1,3326506.98,647283.19,1994025.795,0.49999999999999994,0.8660254037844387,0.0,ESTADOS UNIDOS DE AMERICA,BLANCO,2001-01-01
3691997.83,3326506.98,2388475.46,2001,1,3326506.98,647283.19,2660266.3875,0.49999999999999994,0.8660254037844387,0.0,ESTADOS UNIDOS DE AMERICA,JOVEN,2001-01-01
3691997.83,3326506.98,272767.37,2001,1,3326506.98,647283.19,3326506.98,0.49999999999999994,0.8660254037844387,0.0,ESTADOS UNIDOS DE AMERICA,REPOSADO,2001-01-01
3691997.83,365490.85,38789.99,2001,1,3326506.98,4740608.33,2586252.9475000002,0.49999999999999994,0.8660254037844387,1.0,ESTADOS UNIDOS DE AMERICA,AÑEJO,2001-01-01
3691997.83,365490.85,96897.03,2001,1,365490.85,4740608.33,1845998.915,0.49999999999999994,0.8660254037844387,1.0,ESTADOS UNIDOS DE AMERICA,BLANCO,2001-01-01
3691997.83,365490.85,229803.83,2001,1,365490.85,4740608.33,1105744.8825,0.49999999999999994,0.8660254037844387,1.0,ESTADOS UNIDOS DE AMERICA,REPOSADO,2001-01-01
4391689.79,3746258.78,87859.98,2001,2,365490.85,4740608.33,1210682.8325,0.8660254037844386,0.5000000000000001,0.0,ESTADOS UNIDOS DE AMERICA,AÑEJO,2001-02-01
4391689.79,3746258.78,325195.39,2001,2,3746258.78,661544.61,2055874.815,0.8660254037844386,0.5000000000000001,0.0,ESTADOS UNIDOS DE AMERICA,BLANCO,2001-02-01
4391689.79,3746258.78,2974592.68,2001,2,3746258.78,661544.61,2901066.7975,0.8660254037844386,0.5000000000000001,0.0,ESTADOS UNIDOS DE AMERICA,JOVEN,2001-02-01
4391689.79,3746258.78,358610.73,2001,2,3746258.78,661544.61,3746258.78,0.8660254037844386,0.5000000000000001,0.0,ESTADOS UNIDOS DE AMERICA,REPOSADO,2001-02-01
4391689.79,645431.01,78627.48,2001,2,3746258.78,661544.61,2971051.8375,0.8660254037844386,0.5000000000000001,1.0,ESTADOS UNIDOS DE AMERICA,AÑEJO,2001-02-01
4391689.79,645431.01,182831.04,2001,2,645431.01,3326506.98,2195844.895,0.8660254037844386,0.5000000000000001,1.0,ESTADOS UNIDOS DE AMERICA,BLANCO,2001-02-01
4391689.79,645431.01,383972.49,2001,2,645431.01,3326506.98,1420637.9525000001,0.8660254037844386,0.5000000000000001,1.0,ESTADOS UNIDOS DE AMERICA,REPOSADO,2001-02-01
6304219.36,5754635.87,74193.01,2001,3,645431.01,3326506.98,1922732.225,1.0,6.123233995736766e-17,0.0,ESTADOS UNIDOS DE AMERICA,AÑEJO,2001-03-01
6304219.36,5754635.87,367127.96,2001,3,5754635.87,3326506.98,3200033.4400000004,1.0,6.123233995736766e-17,0.0,ESTADOS UNIDOS DE AMERICA,BLANCO,2001-03-01
6304219.36,5754635.87,4786741.53,2001,3,5754635.87,365490.85,4477334.655,1.0,6.123233995736766e-17,0.0,ESTADOS UNIDOS DE AMERICA,JOVEN,2001-03-01
6304219.36,5754635.87,526573.37,2001,3,5754635.87,365490.85,5754635.87,1.0,6.123233995736766e-17,0.0,ESTADOS UNIDOS DE AMERICA,REPOSADO,2001-03-01
6304219.36,549583.5,112263.35,2001,3,5754635.87,365490.85,4453372.7775,1.0,6.123233995736766e-17,1.0,ESTADOS UNIDOS DE AMERICA,AÑEJO,2001-03-01
6304219.36,549583.5,86670.02,2001,3,549583.5,3746258.78,3152109.6850000005,1.0,6.123233995736766e-17,1.0,ESTADOS UNIDOS DE AMERICA,BLANCO,2001-03-01
6304219.36,549583.5,350650.14,2001,3,549583.5,3746258.78,1850846.5925,1.0,6.123233995736766e-17,1.0,ESTADOS UNIDOS DE AMERICA,REPOSADO,2001-03-01
6658853.78,6283702.7,38970.0,2001,4,549583.5,3746258.78,1983113.3,0.8660254037844387,-0.4999999999999998,0.0,ESTADOS UNIDOS DE AMERICA,AÑEJO,2001-04-01
6658853.78,6283702.7,349335.47,2001,4,6283702.7,3746258.78,3416643.1,0.8660254037844387,-0.4999999999999998,0.0,ESTADOS UNIDOS DE AMERICA,BLANCO,2001-04-01
6658853.78,6283702.7,5464790.72,2001,4,6283702.7,645431.01,4850172.9,0.8660254037844387,-0.4999999999999998,0.0,ESTADOS UNIDOS DE AMERICA,JOVEN,2001-04-01
6658853.78,6283702.7,430606.51,2001,4,6283702.7,645431.01,6283702.7,0.8660254037844387,-0.4999999999999998,0.0,ESTADOS UNIDOS DE AMERICA,REPOSADO,2001-04-01
6658853.78,375151.08,109162.89,2001,4,6283702.7,645431.01,4806564.795,0.8660254037844387,-0.4999999999999998,1.0,ESTADOS UNIDOS DE AMERICA,AÑEJO,2001-04-01
6658853.78,375151.08,75165.04,2001,4,375151.08,5754635.87,3329426.89,0.8660254037844387,-0.4999999999999998,1.0,ESTADOS UNIDOS DE AMERICA,BLANCO,2001-04-01
6658853.78,375151.08,1800.0,2001,4,375151.08,5754635.87,1852288.985,0.8660254037844387,-0.4999999999999998,1.0,ESTADOS UNIDOS DE AMERICA,JOVEN,2001-04-01
6658853.78,375151.08,189023.16,2001,4,375151.08,5754635.87,375151.08,0.8660254037844387,-0.4999999999999998,1.0,ESTADOS UNIDOS DE AMERICA,REPOSADO,2001-04-01
4439519.21,3717785.24,93917.99,2001,5,375151.08,5754635.87,1210809.62,0.49999999999999994,-0.8660254037844387,0.0,ESTADOS UNIDOS DE AMERICA,AÑEJO,2001-05-01
4439519.21,3717785.24,337283.69,2001,5,3717785.24,549583.5,2046468.1600000001,0.49999999999999994,-0.8660254037844387,0.0,ESTADOS UNIDOS DE AMERICA,BLANCO,2001-05-01
4439519.21,3717785.24,3019607.57,2001,5,3717785.24,549583.5,2882126.7,0.49999999999999994,-0.8660254037844387,0.0,ESTADOS UNIDOS DE AMERICA,JOVEN,2001-05-01
4439519.21,3717785.24,266976.0,2001,5,3717785.24,549583.5,3717785.24,0.49999999999999994,-0.8660254037844387,0.0,ESTADOS UNIDOS DE AMERICA,REPOSADO,2001-05-01
4439519.21,721733.97,161849.64,2001,5,3717785.24,6283702.7,2968772.4225000003,0.49999999999999994,-0.8660254037844387,1.0,ESTADOS UNIDOS DE AMERICA,AÑEJO,2001-05-01
4439519.21,721733.97,168290.99,2001,5,721733.97,6283702.7,2219759.605,0.49999999999999994,-0.8660254037844387,1.0,ESTADOS UNIDOS DE AMERICA,BLANCO,2001-05-01
4439519.21,721733.97,391593.33,2001,5,721733.97,6283702.7,1470746.7875,0.49999999999999994,-0.8660254037844387,1.0,ESTADOS UNIDOS DE AMERICA,REPOSADO,2001-05-01
4131817.47,3541961.24,105162.01,2001,6,721733.97,6283702.7,1426790.7875,1.2246467991473532e-16,-1.0,0.0,ESTADOS UNIDOS DE AMERICA,AÑEJO,2001-06-01
4131817.47,3541961.24,437987.55,2001,6,3541961.24,375151.08,2131847.6050000004,1.2246467991473532e-16,-1.0,0.0,ESTADOS UNIDOS DE AMERICA,BLANCO,2001-06-01
4131817.47,3541961.24,2924809.97,2001,6,3541961.24,375151.08,2836904.4225000003,1.2246467991473532e-16,-1.0,0.0,ESTADOS UNIDOS DE AMERICA,JOVEN,2001-06-01
4131817.47,3541961.24,74001.72,2001,6,3541961.24,375151.08,3541961.24,1.2246467991473532e-16,-1.0,0.0,ESTADOS UNIDOS DE AMERICA,REPOSADO,2001-06-01
4131817.47,589856.23,155371.92,2001,6,3541961.24,375151.08,2803934.9875,1.2246467991473532e-16,-1.0,1.0,ESTADOS UNIDOS DE AMERICA,AÑEJO,2001-06-01
4131817.47,589856.23,54414.02,2001,6,589856.23,3717785.24,2065908.735,1.2246467991473532e-16,-1.0,1.0,ESTADOS UNIDOS DE AMERICA,BLANCO,2001-06-01
4131817.47,589856.23,380070.3,2001,6,589856.23,3717785.24,1327882.4825,1.2246467991473532e-16,-1.0,1.0,ESTADOS UNIDOS DE AMERICA,REPOSADO,2001-06-01
6033017.32,5509765.8,130109.98,2001,7,589856.23,3717785.24,1819833.6225,-0.4999999999999997,-0.8660254037844388,0.0,ESTADOS UNIDOS DE AMERICA,AÑEJO,2001-07-01
6033017.32,5509765.8,1057916.41,2001,7,5509765.8,3717785.24,3049811.0149999997,-0.4999999999999997,-0.8660254037844388,0.0,ESTADOS UNIDOS DE AMERICA,BLANCO,2001-07-01
6033017.32,5509765.8,4054824.44,2001,7,5509765.8,721733.97,4279788.4075,-0.4999999999999997,-0.8660254037844388,0.0,ESTADOS UNIDOS DE AMERICA,JOVEN,2001-07-01
6033017.32,5509765.8,266914.97,2001,7,5509765.8,721733.97,5509765.8,-0.4999999999999997,-0.8660254037844388,0.0,ESTADOS UNIDOS DE AMERICA,REPOSADO,2001-07-01
6033017.32,523251.52,86633.72,2001,7,5509765.8,721733.97,4263137.2299999995,-0.4999999999999997,-0.8660254037844388,1.0,ESTADOS UNIDOS DE AMERICA,AÑEJO,2001-07-01
6033017.32,523251.52,91699.51,2001,7,523251.52,3541961.24,3016508.6599999997,-0.4999999999999997,-0.8660254037844388,1.0,ESTADOS UNIDOS DE AMERICA,BLANCO,2001-07-01
6033017.32,523251.52,648.0,2001,7,523251.52,3541961.24,1769880.0899999999,-0.4999999999999997,-0.8660254037844388,1.0,ESTADOS UNIDOS DE AMERICA,JOVEN,2001-07-01
6033017.32,523251.52,344270.3,2001,7,523251.52,3541961.24,523251.52,-0.4999999999999997,-0.8660254037844388,1.0,ESTADOS UNIDOS DE AMERICA,REPOSADO,2001-07-01
3868543.8,3347301.0,149337.05,2001,8,523251.52,3541961.24,1229263.8900000001,-0.8660254037844385,-0.5000000000000004,0.0,ESTADOS UNIDOS DE AMERICA,AÑEJO,2001-08-01
3868543.8,3347301.0,647402.25,2001,8,3347301.0,589856.23,1935276.2600000002,-0.8660254037844385,-0.5000000000000004,0.0,ESTADOS UNIDOS DE AMERICA,BLANCO,2001-08-01
3868543.8,3347301.0,2470678.14,2001,8,3347301.0,589856.23,2641288.63,-0.8660254037844385,-0.5000000000000004,0.0,ESTADOS UNIDOS DE AMERICA,JOVEN,2001-08-01
3868543.8,3347301.0,79883.57,2001,8,3347301.0,589856.23,3347301.0,-0.8660254037844385,-0.5000000000000004,0.0,ESTADOS UNIDOS DE AMERICA,REPOSADO,2001-08-01
3868543.8,521242.8,90677.99,2001,8,3347301.0,5509765.8,2640786.45,-0.8660254037844385,-0.5000000000000004,1.0,ESTADOS UNIDOS DE AMERICA,AÑEJO,2001-08-01
3868543.8,521242.8,106514.51,2001,8,521242.8,5509765.8,1934271.9000000001,-0.8660254037844385,-0.5000000000000004,1.0,ESTADOS UNIDOS DE AMERICA,BLANCO,2001-08-01
3868543.8,521242.8,450.0,2001,8,521242.8,5509765.8,1227757.3499999999,-0.8660254037844385,-0.5000000000000004,1.0,ESTADOS UNIDOS DE AMERICA,JOVEN,2001-08-01
3868543.8,521242.8,323600.3,2001,8,521242.8,5509765.8,521242.8,-0.8660254037844385,-0.5000000000000004,1.0,ESTADOS UNIDOS DE AMERICA,REPOSADO,2001-08-01
4506911.43,4054615.26,31146.01,2001,9,521242.8,523251.52,1404585.915,-1.0,-1.8369701987210297e-16,0.0,ESTADOS UNIDOS DE AMERICA,AÑEJO,2001-09-01
4506911.43,4054615.26,997380.51,2001,9,4054615.26,523251.52,2287929.03,-1.0,-1.8369701987210297e-16,0.0,ESTADOS UNIDOS DE AMERICA,BLANCO,2001-09-01
4506911.43,4054615.26,2885658.56,2001,9,4054615.26,523251.52,3171272.1449999996,-1.0,-1.8369701987210297e-16,0.0,ESTADOS UNIDOS DE AMERICA,JOVEN,2001-09-01
4506911.43,4054615.26,140430.19,2001,9,4054615.26,523251.52,4054615.26,-1.0,-1.8369701987210297e-16,0.0,ESTADOS UNIDOS DE AMERICA,REPOSADO,2001-09-01
4506911.43,452296.17,79017.0,2001,9,4054615.26,3347301.0,3154035.4875,-1.0,-1.8369701987210297e-16,1.0,ESTADOS UNIDOS DE AMERICA,AÑEJO,2001-09-01
4506911.43,452296.17,153844.56,2001,9,452296.17,3347301.0,2253455.715,-1.0,-1.8369701987210297e-16,1.0,ESTADOS UNIDOS DE AMERICA,BLANCO,2001-09-01
4506911.43,452296.17,219434.61,2001,9,452296.17,3347301.0,1352875.9425000001,-1.0,-1.8369701987210297e-16,1.0,ESTADOS UNIDOS DE AMERICA,REPOSADO,2001-09-01
5695651.79,5067571.77,104118.01,2001,10,452296.17,3347301.0,1606115.0699999998,-0.8660254037844386,0.5000000000000001,0.0,ESTADOS UNIDOS DE AMERICA,AÑEJO,2001-10-01
5695651.79,5067571.77,1229257.52,2001,10,5067571.77,521242.8,2759933.9699999997,-0.8660254037844386,0.5000000000000001,0.0,ESTADOS UNIDOS DE AMERICA,BLANCO,2001-10-01
5695651.79,5067571.77,3206878.04,2001,10,5067571.77,521242.8,3913752.8699999996,-0.8660254037844386,0.5000000000000001,0.0,ESTADOS UNIDOS DE AMERICA,JOVEN,2001-10-01
5695651.79,5067571.77,527318.19,2001,10,5067571.77,521242.8,5067571.77,-0.8660254037844386,0.5000000000000001,0.0,ESTADOS UNIDOS DE AMERICA,REPOSADO,2001-10-01
5695651.79,628080.02,112244.5,2001,10,5067571.77,521242.8,3957698.8324999996,-0.8660254037844386,0.5000000000000001,1.0,ESTADOS UNIDOS DE AMERICA,AÑEJO,2001-10-01
5695651.79,628080.02,69942.0,2001,10,628080.02,4054615.26,2847825.8949999996,-0.8660254037844386,0.5000000000000001,1.0,ESTADOS UNIDOS DE AMERICA,BLANCO,2001-10-01
5695651.79,628080.02,1800.01,2001,10,628080.02,4054615.26,1737952.9575,-0.8660254037844386,0.5000000000000001,1.0,ESTADOS UNIDOS DE AMERICA,JOVEN,2001-10-01
5695651.79,628080.02,444093.51,2001,10,628080.02,4054615.26,628080.02,-0.8660254037844386,0.5000000000000001,1.0,ESTADOS UNIDOS DE AMERICA,REPOSADO,2001-10-01
5009542.78,4258275.33,85782.14,2001,11,628080.02,4054615.26,1535628.8475000001,-0.5000000000000004,0.8660254037844384,0.0,ESTADOS UNIDOS DE AMERICA,AÑEJO,2001-11-01
5009542.78,4258275.33,766909.3,2001,11,4258275.33,452296.17,2443177.6750000003,-0.5000000000000004,0.8660254037844384,0.0,ESTADOS UNIDOS DE AMERICA,BLANCO,2001-11-01
5009542.78,4258275.33,3034184.37,2001,11,4258275.33,452296.17,3350726.5025,-0.5000000000000004,0.8660254037844384,0.0,ESTADOS UNIDOS DE AMERICA,JOVEN,2001-11-01
5009542.78,4258275.33,371399.52,2001,11,4258275.33,452296.17,4258275.33,-0.5000000000000004,0.8660254037844384,0.0,ESTADOS UNIDOS DE AMERICA,REPOSADO,2001-11-01
5009542.78,751267.45,134787.02,2001,11,4258275.33,5067571.77,3381523.36,-0.5000000000000004,0.8660254037844384,1.0,ESTADOS UNIDOS DE AMERICA,AÑEJO,2001-11-01
5009542.78,751267.45,110024.48,2001,11,751267.45,5067571.77,2504771.39,-0.5000000000000004,0.8660254037844384,1.0,ESTADOS UNIDOS DE AMERICA,BLANCO,2001-11-01
5009542.78,751267.45,2347.51,2001,11,751267.45,5067571.77,1628019.42,-0.5000000000000004,0.8660254037844384,1.0,ESTADOS UNIDOS DE AMERICA,JOVEN,2001-11-01
5009542.78,751267.45,504108.45,2001,11,751267.45,5067571.77,751267.45,-0.5000000000000004,0.8660254037844384,1.0,ESTADOS UNIDOS DE AMERICA,REPOSADO,2001-11-01
3895269.65,3515495.84,61073.99,2001,12,751267.45,628080.02,1442324.5474999999,-2.4492935982947064e-16,1.0,0.0,ESTADOS UNIDOS DE AMERICA,AÑEJO,2001-12-01
3895269.65,3515495.84,733302.1,2001,12,3515495.84,628080.02,2133381.645,-2.4492935982947064e-16,1.0,0.0,ESTADOS UNIDOS DE AMERICA,BLANCO,2001-12-01
3895269.65,3515495.84,2359362.93,2001,12,3515495.84,628080.02,2824438.7424999997,-2.4492935982947064e-16,1.0,0.0,ESTADOS UNIDOS DE AMERICA,JOVEN,2001-12-01
3895269.65,3515495.84,361756.82,2001,12,3515495.84,628080.02,3515495.84,-2.4492935982947064e-16,1.0,0.0,ESTADOS UNIDOS DE AMERICA,REPOSADO,2001-12-01
3895269.65,379773.8,68487.51,2001,12,3515495.84,4258275.33,2731565.33,-2.4492935982947064e-16,1.0,1.0,ESTADOS UNIDOS DE AMERICA,AÑEJO,2001-12-01
3895269.65,379773.8,58060.52,2001,12,379773.8,4258275.33,1947634.8199999998,-2.4492935982947064e-16,1.0,1.0,ESTADOS UNIDOS DE AMERICA,BLANCO,2001-12-01
3895269.65,379773.8,1800.0,2001,12,379773.8,4258275.33,1163704.31,-2.4492935982947064e-16,1.0,1.0,ESTADOS UNIDOS DE AMERICA,JOVEN,2001-12-01
3895269.65,379773.8,251425.78,2001,12,379773.8,4258275.33,379773.8,-2.4492935982947064e-16,1.0,1.0,ESTADOS UNIDOS DE AMERICA,REPOSADO,2001-12-01
5530155.63,5040608.2,61968.03,2002,1,379773.8,751267.45,1544982.4,0.49999999999999994,0.8660254037844387,0.0,ESTADOS UNIDOS DE AMERICA,AÑEJO,2002-01-01
5530155.63,5040608.2,694179.92,2002,1,5040608.2,751267.45,2710191.0,0.49999999999999994,0.8660254037844387,0.0,ESTADOS UNIDOS DE AMERICA,BLANCO,2002-01-01
5530155.63,5040608.2,3935644.75,2002,1,5040608.2,751267.45,3875399.6,0.49999999999999994,0.8660254037844387,0.0,ESTADOS UNIDOS DE AMERICA,JOVEN,2002-01-01
5530155.63,5040608.2,348815.5,2002,1,5040608.2,751267.45,5040608.2,0.49999999999999994,0.8660254037844387,0.0,ESTADOS UNIDOS DE AMERICA,REPOSADO,2002-01-01
5530155.63,489547.44,91233.0,2002,1,5040608.2,3515495.84,3902843.0100000002,0.49999999999999994,0.8660254037844387,1.0,ESTADOS UNIDOS DE AMERICA,AÑEJO,2002-01-01
5530155.63,489547.44,49097.96,2002,1,489547.44,3515495.84,2765077.82,0.49999999999999994,0.8660254037844387,1.0,ESTADOS UNIDOS DE AMERICA,BLANCO,2002-01-01
5530155.63,489547.44,675.0,2002,1,489547.44,3515495.84,1627312.6300000001,0.49999999999999994,0.8660254037844387,1.0,ESTADOS UNIDOS DE AMERICA,JOVEN,2002-01-01
5530155.63,489547.44,348541.48,2002,1,489547.44,3515495.84,489547.44,0.49999999999999994,0.8660254037844387,1.0,ESTADOS UNIDOS DE AMERICA,REPOSADO,2002-01-01
4557639.34,3943225.77,48855.0,2002,2,489547.44,379773.8,1352967.0225,0.8660254037844386,0.5000000000000001,0.0,ESTADOS UNIDOS DE AMERICA,AÑEJO,2002-02-01
4557639.34,3943225.77,393364.85,2002,2,3943225.77,379773.8,2216386.605,0.8660254037844386,0.5000000000000001,0.0,ESTADOS UNIDOS DE AMERICA,BLANCO,2002-02-01
4557639.34,3943225.77,3351275.91,2002,2,3943225.77,379773.8,3079806.1875,0.8660254037844386,0.5000000000000001,0.0,ESTADOS UNIDOS DE AMERICA,JOVEN,2002-02-01
4557639.34,3943225.77,149730.01,2002,2,3943225.77,379773.8,3943225.77,0.8660254037844386,0.5000000000000001,0.0,ESTADOS UNIDOS DE AMERICA,REPOSADO,2002-02-01
4557639.34,614413.57,130325.28,2002,2,3943225.77,5040608.2,3111022.72,0.8660254037844386,0.5000000000000001,1.0,ESTADOS UNIDOS DE AMERICA,AÑEJO,2002-02-01
4557639.34,614413.57,77948.5,2002,2,614413.57,5040608.2,2278819.67,0.8660254037844386,0.5000000000000001,1.0,ESTADOS UNIDOS DE AMERICA,BLANCO,2002-02-01
4557639.34,614413.57,406139.79,2002,2,614413.57,5040608.2,1446616.62,0.8660254037844386,0.5000000000000001,1.0,ESTADOS UNIDOS DE AMERICA,REPOSADO,2002-02-01
5171930.73,4637508.45,79931.97,2002,3,614413.57,5040608.2,1620187.29,1.0,6.123233995736766e-17,0.0,ESTADOS UNIDOS DE AMERICA,AÑEJO,2002-03-01
5171930.73,4637508.45,906650.29,2002,3,4637508.45,489547.44,2625961.0100000002,1.0,6.123233995736766e-17,0.0,ESTADOS UNIDOS DE AMERICA,BLANCO,2002-03-01
5171930.73,4637508.45,3451383.46,2002,3,4637508.45,489547.44,3631734.7300000004,1.0,6.123233995736766e-17,0.0,ESTADOS UNIDOS DE AMERICA,JOVEN,2002-03-01
5171930.73,4637508.45,199542.74,2002,3,4637508.45,489547.44,4637508.45,1.0,6.123233995736766e-17,0.0,ESTADOS UNIDOS DE AMERICA,REPOSADO,2002-03-01
5171930.73,534422.28,116905.97,2002,3,4637508.45,489547.44,3611736.9075,1.0,6.123233995736766e-17,1.0,ESTADOS UNIDOS DE AMERICA,AÑEJO,2002-03-01
5171930.73,534422.28,76159.52,2002,3,534422.28,3943225.77,2585965.365,1.0,6.123233995736766e-17,1.0,ESTADOS UNIDOS DE AMERICA,BLANCO,2002-03-01
5171930.73,534422.28,67.5,2002,3,534422.28,3943225.77,1560193.8225000002,1.0,6.123233995736766e-17,1.0,ESTADOS UNIDOS DE AMERICA,JOVEN,2002-03-01
5171930.73,534422.28,341289.3,2002,3,534422.28,3943225.77,534422.28,1.0,6.123233995736766e-17,1.0,ESTADOS UNIDOS DE AMERICA,REPOSADO,2002-03-01
5531292.7,4965953.69,103973.97,2002,4,534422.28,3943225.77,1642305.1325000003,0.8660254037844387,-0.4999999999999998,0.0,ESTADOS UNIDOS DE AMERICA,AÑEJO,2002-04-01
5531292.7,4965953.69,885705.55,2002,4,4965953.69,614413.57,2750187.9850000003,0.8660254037844387,-0.4999999999999998,0.0,ESTADOS UNIDOS DE AMERICA,BLANCO,2002-04-01
5531292.7,4965953.69,3694738.67,2002,4,4965953.69,614413.57,3858070.8375000004,0.8660254037844387,-0.4999999999999998,0.0,ESTADOS UNIDOS DE AMERICA,JOVEN,2002-04-01
5531292.7,4965953.69,281535.5,2002,4,4965953.69,614413.57,4965953.69,0.8660254037844387,-0.4999999999999998,0.0,ESTADOS UNIDOS DE AMERICA,REPOSADO,2002-04-01
5531292.7,565339.02,99093.01,2002,4,4965953.69,4637508.45,3865800.0225000004,0.8660254037844387,-0.4999999999999998,1.0,ESTADOS UNIDOS DE AMERICA,AÑEJO,2002-04-01
5531292.7,565339.02,159357.03,2002,4,565339.02,4637508.45,2765646.3550000004,0.8660254037844387,-0.4999999999999998,1.0,ESTADOS UNIDOS DE AMERICA,BLANCO,2002-04-01
5531292.7,565339.02,306888.99,2002,4,565339.02,4637508.45,1665492.6875000005,0.8660254037844387,-0.4999999999999998,1.0,ESTADOS UNIDOS DE AMERICA,REPOSADO,2002-04-01
7690625.28,7309847.88,95009.98,2002,5,565339.02,4637508.45,2251466.2350000003,0.49999999999999994,-0.8660254037844387,0.0,ESTADOS UNIDOS DE AMERICA,AÑEJO,2002-05-01
7690625.28,7309847.88,1198946.17,2002,5,7309847.88,534422.28,3937593.45,0.49999999999999994,-0.8660254037844387,0.0,ESTADOS UNIDOS DE AMERICA,BLANCO,2002-05-01
7690625.28,7309847.88,5706002.98,2002,5,7309847.88,534422.28,5623720.665,0.49999999999999994,-0.8660254037844387,0.0,ESTADOS UNIDOS DE AMERICA,JOVEN,2002-05-01
7690625.28,7309847.88,309888.74,2002,5,7309847.88,534422.28,7309847.88,0.49999999999999994,-0.8660254037844387,0.0,ESTADOS UNIDOS DE AMERICA,REPOSADO,2002-05-01
7690625.28,380777.4,49149.05,2002,5,7309847.88,534422.28,5577580.26,0.49999999999999994,-0.8660254037844387,1.0,ESTADOS UNIDOS DE AMERICA,AÑEJO,2002-05-01
7690625.28,380777.4,127219.51,2002,5,380777.4,4965953.69,3845312.64,0.49999999999999994,-0.8660254037844387,1.0,ESTADOS UNIDOS DE AMERICA,BLANCO,2002-05-01
7690625.28,380777.4,747.0,2002,5,380777.4,4965953.69,2113045.02,0.49999999999999994,-0.8660254037844387,1.0,ESTADOS UNIDOS DE AMERICA,JOVEN,2002-05-01
7690625.28,380777.4,203661.85,2002,5,380777.4,4965953.69,380777.4,0.49999999999999994,-0.8660254037844387,1.0,ESTADOS UNIDOS DE AMERICA,REPOSADO,2002-05-01
5298833.38,4911995.94,88219.51,2002,6,380777.4,4965953.69,1513582.0350000004,1.2246467991473532e-16,-1.0,0.0,ESTADOS UNIDOS DE AMERICA,AÑEJO,2002-06-01
5298833.38,4911995.94,836410.62,2002,6,4911995.94,565339.02,2646386.6700000004,1.2246467991473532e-16,-1.0,0.0,ESTADOS UNIDOS DE AMERICA,BLANCO,2002-06-01
5298833.38,4911995.94,3810865.45,2002,6,4911995.94,565339.02,3779191.3050000006,1.2246467991473532e-16,-1.0,0.0,ESTADOS UNIDOS DE AMERICA,JOVEN,2002-06-01
5298833.38,4911995.94,176500.36,2002,6,4911995.94,565339.02,4911995.94,1.2246467991473532e-16,-1.0,0.0,ESTADOS UNIDOS DE AMERICA,REPOSADO,2002-06-01
5298833.38,386837.44,102881.17,2002,6,4911995.94,7309847.88,3780706.3150000004,1.2246467991473532e-16,-1.0,1.0,ESTADOS UNIDOS DE AMERICA,AÑEJO,2002-06-01
5298833.38,386837.44,83278.57,2002,6,386837.44,7309847.88,2649416.6900000004,1.2246467991473532e-16,-1.0,1.0,ESTADOS UNIDOS DE AMERICA,BLANCO,2002-06-01
5298833.38,386837.44,200677.7,2002,6,386837.44,7309847.88,1518127.0650000004,1.2246467991473532e-16,-1.0,1.0,ESTADOS UNIDOS DE AMERICA,REPOSADO,2002-06-01
8073130.52,7271236.31,174780.02,2002,7,386837.44,7309847.88,2107937.1575,-0.4999999999999997,-0.8660254037844388,0.0,ESTADOS UNIDOS DE AMERICA,AÑEJO,2002-07-01
8073130.52,7271236.31,1073709.93,2002,7,7271236.31,380777.4,3829036.875,-0.4999999999999997,-0.8660254037844388,0.0,ESTADOS UNIDOS DE AMERICA,BLANCO,2002-07-01
8073130.52,7271236.31,5993002.87,2002,7,7271236.31,380777.4,5550136.5925,-0.4999999999999997,-0.8660254037844388,0.0,ESTADOS UNIDOS DE AMERICA,JOVEN,2002-07-01
8073130.52,7271236.31,29743.49,2002,7,7271236.31,380777.4,7271236.31,-0.4999999999999997,-0.8660254037844388,0.0,ESTADOS UNIDOS DE AMERICA,REPOSADO,2002-07-01
8073130.52,801894.21,132187.54,2002,7,7271236.31,380777.4,5653900.785,-0.4999999999999997,-0.8660254037844388,1.0,ESTADOS UNIDOS DE AMERICA,AÑEJO,2002-07-01
8073130.52,801894.21,151960.49,2002,7,801894.21,4911995.94,4036565.2600000002,-0.4999999999999997,-0.8660254037844388,1.0,ESTADOS UNIDOS DE AMERICA,BLANCO,2002-07-01
8073130.52,801894.21,3235.5,2002,7,801894.21,4911995.94,2419229.7350000003,-0.4999999999999997,-0.8660254037844388,1.0,ESTADOS UNIDOS DE AMERICA,JOVEN,2002-07-01
8073130.52,801894.21,514510.69,2002,7,801894.21,4911995.94,801894.21,-0.4999999999999997,-0.8660254037844388,1.0,ESTADOS UNIDOS DE AMERICA,REPOSADO,2002-07-01
6303457.94,5521194.51,103566.0,2002,8,801894.21,4911995.94,1981719.2850000001,-0.8660254037844385,-0.5000000000000004,0.0,ESTADOS UNIDOS DE AMERICA,AÑEJO,2002-08-01
6303457.94,5521194.51,1031078.37,2002,8,5521194.51,386837.44,3161544.3600000003,-0.8660254037844385,-0.5000000000000004,0.0,ESTADOS UNIDOS DE AMERICA,BLANCO,2002-08-01
6303457.94,5521194.51,4170947.63,2002,8,5521194.51,386837.44,4341369.435,-0.8660254037844385,-0.5000000000000004,0.0,ESTADOS UNIDOS DE AMERICA,JOVEN,2002-08-01
6303457.94,5521194.51,215602.5,2002,8,5521194.51,386837.44,5521194.51,-0.8660254037844385,-0.5000000000000004,0.0,ESTADOS UNIDOS DE AMERICA,REPOSADO,2002-08-01
6303457.94,782263.43,117454.33,2002,8,5521194.51,7271236.31,4336461.74,-0.8660254037844385,-0.5000000000000004,1.0,ESTADOS UNIDOS DE AMERICA,AÑEJO,2002-08-01
6303457.94,782263.43,135709.54,2002,8,782263.43,7271236.31,3151728.97,-0.8660254037844385,-0.5000000000000004,1.0,ESTADOS UNIDOS DE AMERICA,BLANCO,2002-08-01
6303457.94,782263.43,529099.56,2002,8,782263.43,7271236.31,1966996.2000000002,-0.8660254037844385,-0.5000000000000004,1.0,ESTADOS UNIDOS DE AMERICA,REPOSADO,2002-08-01
5889605.54,5179118.31,133620.01,2002,9,782263.43,7271236.31,1881477.1500000001,-1.0,-1.8369701987210297e-16,0.0,ESTADOS UNIDOS DE AMERICA,AÑEJO,2002-09-01
5889605.54,5179118.31,1063766.99,2002,9,5179118.31,801894.21,2980690.87,-1.0,-1.8369701987210297e-16,0.0,ESTADOS UNIDOS DE AMERICA,BLANCO,2002-09-01
5889605.54,5179118.31,3758963.97,2002,9,5179118.31,801894.21,4079904.59,-1.0,-1.8369701987210297e-16,0.0,ESTADOS UNIDOS DE AMERICA,JOVEN,2002-09-01
5889605.54,5179118.31,222767.34,2002,9,5179118.31,801894.21,5179118.31,-1.0,-1.8369701987210297e-16,0.0,ESTADOS UNIDOS DE AMERICA,REPOSADO,2002-09-01
5889605.54,710487.22,102289.54,2002,9,5179118.31,801894.21,4061960.5375,-1.0,-1.8369701987210297e-16,1.0,ESTADOS UNIDOS DE AMERICA,AÑEJO,2002-09-01
5889605.54,710487.22,123111.01,2002,9,710487.22,5521194.51,2944802.7649999997,-1.0,-1.8369701987210297e-16,1.0,ESTADOS UNIDOS DE AMERICA,BLANCO,2002-09-01
5889605.54,710487.22,450.0,2002,9,710487.22,5521194.51,1827644.9925000002,-1.0,-1.8369701987210297e-16,1.0,ESTADOS UNIDOS DE AMERICA,JOVEN,2002-09-01
5889605.54,710487.22,484636.68,2002,9,710487.22,5521194.51,710487.22,-1.0,-1.8369701987210297e-16,1.0,ESTADOS UNIDOS DE AMERICA,REPOSADO,2002-09-01
7254697.8,6226733.57,15272.23,2002,10,710487.22,5521194.51,2089548.8075000003,-0.8660254037844386,0.5000000000000001,0.0,ESTADOS UNIDOS DE AMERICA,AÑEJO,2002-10-01
7254697.8,6226733.57,769.65,2002,10,6226733.57,782263.43,3468610.3950000005,-0.8660254037844386,0.5000000000000001,0.0,ESTADOS UNIDOS DE AMERICA,BLANCO,2002-10-01
7254697.8,6226733.57,232872.08,2002,10,6226733.57,782263.43,4847671.9825,-0.8660254037844386,0.5000000000000001,0.0,ESTADOS UNIDOS DE AMERICA,JOVEN,2002-10-01
7254697.8,6226733.57,69922.58,2002,10,6226733.57,782263.43,6226733.57,-0.8660254037844386,0.5000000000000001,0.0,ESTADOS UNIDOS DE AMERICA,REPOSADO,2002-10-01
7254697.8,1027964.23,1366.69,2002,10,6226733.57,5179118.31,4927041.235,-0.8660254037844386,0.5000000000000001,1.0,ESTADOS UNIDOS DE AMERICA,AÑEJO,2002-10-01
7254697.8,1027964.23,819.0,2002,10,1027964.23,5179118.31,3627348.9000000004,-0.8660254037844386,0.5000000000000001,1.0,ESTADOS UNIDOS DE AMERICA,BLANCO,2002-10-01
7254697.8,1027964.23,83264.95,2002,10,1027964.23,5179118.31,2327656.5650000004,-0.8660254037844386,0.5000000000000001,1.0,ESTADOS UNIDOS DE AMERICA,REPOSADO,2002-10-01
5819205.22,4990450.92,14284.19,2002,11,1027964.23,5179118.31,2018585.9025000003,-0.5000000000000004,0.8660254037844384,0.0,ESTADOS UNIDOS DE AMERICA,AÑEJO,2002-11-01
5819205.22,4990450.92,73280.86,2002,11,4990450.92,710487.22,3009207.575,-0.5000000000000004,0.8660254037844384,0.0,ESTADOS UNIDOS DE AMERICA,BLANCO,2002-11-01
5819205.22,4990450.92,3545299.13,2002,11,4990450.92,710487.22,3999829.2475,-0.5000000000000004,0.8660254037844384,0.0,ESTADOS UNIDOS DE AMERICA,JOVEN,2002-11-01
5819205.22,4990450.92,51209.27,2002,11,4990450.92,710487.22,4990450.92,-0.5000000000000004,0.8660254037844384,0.0,ESTADOS UNIDOS DE AMERICA,REPOSADO,2002-11-01
5819205.22,828754.3,6030.0,2002,11,4990450.92,710487.22,3950026.7650000006,-0.5000000000000004,0.8660254037844384,1.0,ESTADOS UNIDOS DE AMERICA,AÑEJO,2002-11-01
5819205.22,828754.3,138133.16,2002,11,828754.3,6226733.57,2909602.6100000003,-0.5000000000000004,0.8660254037844384,1.0,ESTADOS UNIDOS DE AMERICA,BLANCO,2002-11-01
5819205.22,828754.3,33579.0,2002,11,828754.3,6226733.57,1869178.4550000005,-0.5000000000000004,0.8660254037844384,1.0,ESTADOS UNIDOS DE AMERICA,REPOSADO,2002-11-01
2745663.21,2222149.38,83146.48,2002,12,828754.3,6226733.57,1177103.0700000005,-2.4492935982947064e-16,1.0,0.0,ESTADOS UNIDOS DE AMERICA,AÑEJO,2002-12-01
2745663.21,2222149.38,414662.63,2002,12,2222149.38,6226733.57,1525451.8400000005,-2.4492935982947064e-16,1.0,0.0,ESTADOS UNIDOS DE AMERICA,BLANCO,2002-12-01
2745663.21,2222149.38,1121868.55,2002,12,2222149.38,1027964.23,1873800.6100000006,-2.4492935982947064e-16,1.0,0.0,ESTADOS UNIDOS DE AMERICA,JOVEN,2002-12-01
2745663.21,2222149.38,602471.72,2002,12,2222149.38,1027964.23,2222149.38,-2.4492935982947064e-16,1.0,0.0,ESTADOS UNIDOS DE AMERICA,REPOSADO,2002-12-01
2745663.21,523513.83,104689.23,2002,12,2222149.38,1027964.23,1797490.4925000004,-2.4492935982947064e-16,1.0,1.0,ESTADOS UNIDOS DE AMERICA,AÑEJO,2002-12-01
2745663.21,523513.83,124282.47,2002,12,523513.83,4990450.92,1372831.6050000004,-2.4492935982947064e-16,1.0,1.0,ESTADOS UNIDOS DE AMERICA,BLANCO,2002-12-01
2745663.21,523513.83,294542.13,2002,12,523513.83,4990450.92,948172.7175000005,-2.4492935982947064e-16,1.0,1.0,ESTADOS UNIDOS DE AMERICA,REPOSADO,2002-12-01
6272947.78,5658069.32,73996.65,2003,1,523513.83,4990450.92,1807152.7025000006,0.49999999999999994,0.8660254037844387,0.0,ESTADOS UNIDOS DE AMERICA,AÑEJO,2003-01-01
6272947.78,5658069.32,861601.69,2003,1,5658069.32,4990450.92,3090791.5750000007,0.49999999999999994,0.8660254037844387,0.0,ESTADOS UNIDOS DE AMERICA,BLANCO,2003-01-01
6272947.78,5658069.32,3790630.69,2003,1,5658069.32,828754.3,4374430.447500001,0.49999999999999994,0.8660254037844387,0.0,ESTADOS UNIDOS DE AMERICA,JOVEN,2003-01-01
6272947.78,5658069.32,931840.3,2003,1,5658069.32,828754.3,5658069.32,0.49999999999999994,0.8660254037844387,0.0,ESTADOS UNIDOS DE AMERICA,REPOSADO,2003-01-01
6272947.78,614878.46,83577.85,2003,1,5658069.32,828754.3,4397271.605,0.49999999999999994,0.8660254037844387,1.0,ESTADOS UNIDOS DE AMERICA,AÑEJO,2003-01-01
6272947.78,614878.46,111351.52,2003,1,614878.46,2222149.38,3136473.8900000006,0.49999999999999994,0.8660254037844387,1.0,ESTADOS UNIDOS DE AMERICA,BLANCO,2003-01-01
6272947.78,614878.46,419949.08,2003,1,614878.46,2222149.38,1875676.1750000005,0.49999999999999994,0.8660254037844387,1.0,ESTADOS UNIDOS DE AMERICA,REPOSADO,2003-01-01
6493942.04,5599098.16,110320.35,2003,2,614878.46,2222149.38,1860933.3850000005,0.8660254037844386,0.5000000000000001,0.0,ESTADOS UNIDOS DE AMERICA,AÑEJO,2003-02-01
6493942.04,5599098.16,1194587.88,2003,2,5599098.16,2222149.38,3106988.3100000005,0.8660254037844386,0.5000000000000001,0.0,ESTADOS UNIDOS DE AMERICA,BLANCO,2003-02-01
6493942.04,5599098.16,3510796.21,2003,2,5599098.16,523513.83,4353043.235,0.8660254037844386,0.5000000000000001,0.0,ESTADOS UNIDOS DE AMERICA,JOVEN,2003-02-01
6493942.04,5599098.16,783393.72,2003,2,5599098.16,523513.83,5599098.16,0.8660254037844386,0.5000000000000001,0.0,ESTADOS UNIDOS DE AMERICA,REPOSADO,2003-02-01
6493942.04,894843.88,53861.21,2003,2,5599098.16,523513.83,4423034.590000001,0.8660254037844386,0.5000000000000001,1.0,ESTADOS UNIDOS DE AMERICA,AÑEJO,2003-02-01
6493942.04,894843.88,172040.32,2003,2,894843.88,5658069.32,3246971.0200000005,0.8660254037844386,0.5000000000000001,1.0,ESTADOS UNIDOS DE AMERICA,BLANCO,2003-02-01
6493942.04,894843.88,668942.36,2003,2,894843.88,5658069.32,2070907.4500000004,0.8660254037844386,0.5000000000000001,1.0,ESTADOS UNIDOS DE AMERICA,REPOSADO,2003-02-01
7202794.91,6037122.89,84559.4,2003,3,894843.88,5658069.32,2180413.6325000003,1.0,6.123233995736766e-17,0.0,ESTADOS UNIDOS DE AMERICA,AÑEJO,2003-03-01
7202794.91,6037122.89,1216510.6,2003,3,6037122.89,5658069.32,3465983.3850000002,1.0,6.123233995736766e-17,0.0,ESTADOS UNIDOS DE AMERICA,BLANCO,2003-03-01
7202794.91,6037122.89,4133015.95,2003,3,6037122.89,614878.46,4751553.1375,1.0,6.123233995736766e-17,0.0,ESTADOS UNIDOS DE AMERICA,JOVEN,2003-03-01
7202794.91,6037122.89,603036.94,2003,3,6037122.89,614878.46,6037122.89,1.0,6.123233995736766e-17,0.0,ESTADOS UNIDOS DE AMERICA,REPOSADO,2003-03-01
7202794.91,1165672.02,84604.64,2003,3,6037122.89,614878.46,4819260.1725,1.0,6.123233995736766e-17,1.0,ESTADOS UNIDOS DE AMERICA,AÑEJO,2003-03-01
7202794.91,1165672.02,312715.21,2003,3,1165672.02,5599098.16,3601397.455,1.0,6.123233995736766e-17,1.0,ESTADOS UNIDOS DE AMERICA,BLANCO,2003-03-01
7202794.91,1165672.02,768352.17,2003,3,1165672.02,5599098.16,2383534.7375000003,1.0,6.123233995736766e-17,1.0,ESTADOS UNIDOS DE AMERICA,REPOSADO,2003-03-01
7949227.95,7143434.87,82187.87,2003,4,1165672.02,5599098.16,2660112.732500001,0.8660254037844387,-0.4999999999999998,0.0,ESTADOS UNIDOS DE AMERICA,AÑEJO,2003-04-01
7949227.95,7143434.87,1603183.04,2003,4,7143434.87,5599098.16,4154553.4450000008,0.8660254037844387,-0.4999999999999998,0.0,ESTADOS UNIDOS DE AMERICA,BLANCO,2003-04-01
7949227.95,7143434.87,4372897.2,2003,4,7143434.87,894843.88,5648994.157500001,0.8660254037844387,-0.4999999999999998,0.0,ESTADOS UNIDOS DE AMERICA,JOVEN,2003-04-01
7949227.95,7143434.87,1085166.75,2003,4,7143434.87,894843.88,7143434.87,0.8660254037844387,-0.4999999999999998,0.0,ESTADOS UNIDOS DE AMERICA,REPOSADO,2003-04-01
7949227.95,805793.08,70417.9,2003,4,7143434.87,894843.88,5559024.422500001,0.8660254037844387,-0.4999999999999998,1.0,ESTADOS UNIDOS DE AMERICA,AÑEJO,2003-04-01
7949227.95,805793.08,244821.53,2003,4,805793.08,6037122.89,3974613.975000001,0.8660254037844387,-0.4999999999999998,1.0,ESTADOS UNIDOS DE AMERICA,BLANCO,2003-04-01
7949227.95,805793.08,490553.65,2003,4,805793.08,6037122.89,2390203.527500001,0.8660254037844387,-0.4999999999999998,1.0,ESTADOS UNIDOS DE AMERICA,REPOSADO,2003-04-01
6948236.14,6397939.0,120278.85,2003,5,805793.08,6037122.89,2203829.5600000005,0.49999999999999994,-0.8660254037844387,0.0,ESTADOS UNIDOS DE AMERICA,AÑEJO,2003-05-01
6948236.14,6397939.0,1334626.53,2003,5,6397939.0,6037122.89,3601866.040000001,0.49999999999999994,-0.8660254037844387,0.0,ESTADOS UNIDOS DE AMERICA,BLANCO,2003-05-01
6948236.14,6397939.0,4300966.77,2003,5,6397939.0,1165672.02,4999902.5200000005,0.49999999999999994,-0.8660254037844387,0.0,ESTADOS UNIDOS DE AMERICA,JOVEN,2003-05-01
6948236.14,6397939.0,642066.86,2003,5,6397939.0,1165672.02,6397939.0,0.49999999999999994,-0.8660254037844387,0.0,ESTADOS UNIDOS DE AMERICA,REPOSADO,2003-05-01
6948236.14,550297.13,71897.21,2003,5,6397939.0,1165672.02,4936028.532500001,0.49999999999999994,-0.8660254037844387,1.0,ESTADOS UNIDOS DE AMERICA,AÑEJO,2003-05-01
6948236.14,550297.13,190871.17,2003,5,550297.13,7143434.87,3474118.065000001,0.49999999999999994,-0.8660254037844387,1.0,ESTADOS UNIDOS DE AMERICA,BLANCO,2003-05-01
6948236.14,550297.13,287528.75,2003,5,550297.13,7143434.87,2012207.5975000006,0.49999999999999994,-0.8660254037844387,1.0,ESTADOS UNIDOS DE AMERICA,REPOSADO,2003-05-01
7249147.45,6666955.64,102038.84,2003,6,550297.13,7143434.87,2079461.7575000005,1.2246467991473532e-16,-1.0,0.0,ESTADOS UNIDOS DE AMERICA,AÑEJO,2003-06-01
7249147.45,6666955.64,803606.69,2003,6,6666955.64,7143434.87,3608626.3850000007,1.2246467991473532e-16,-1.0,0.0,ESTADOS UNIDOS DE AMERICA,BLANCO,2003-06-01
7249147.45,6666955.64,5174576.92,2003,6,6666955.64,805793.08,5137791.0125,1.2246467991473532e-16,-1.0,0.0,ESTADOS UNIDOS DE AMERICA,JOVEN,2003-06-01
7249147.45,6666955.64,586733.18,2003,6,6666955.64,805793.08,6666955.64,1.2246467991473532e-16,-1.0,0.0,ESTADOS UNIDOS DE AMERICA,REPOSADO,2003-06-01
7249147.45,582191.81,88440.46,2003,6,6666955.64,805793.08,5145764.6825,1.2246467991473532e-16,-1.0,1.0,ESTADOS UNIDOS DE AMERICA,AÑEJO,2003-06-01
7249147.45,582191.81,186692.47,2003,6,582191.81,6397939.0,3624573.7250000006,1.2246467991473532e-16,-1.0,1.0,ESTADOS UNIDOS DE AMERICA,BLANCO,2003-06-01
7249147.45,582191.81,307058.88,2003,6,582191.81,6397939.0,2103382.7675000005,1.2246467991473532e-16,-1.0,1.0,ESTADOS UNIDOS DE AMERICA,REPOSADO,2003-06-01
6918677.75,6149606.37,104576.85,2003,7,582191.81,6397939.0,1974045.450000001,-0.4999999999999997,-0.8660254037844388,0.0,ESTADOS UNIDOS DE AMERICA,AÑEJO,2003-07-01
6918677.75,6149606.37,1122937.42,2003,7,6149606.37,6397939.0,3365899.090000001,-0.4999999999999997,-0.8660254037844388,0.0,ESTADOS UNIDOS DE AMERICA,BLANCO,2003-07-01
6918677.75,6149606.37,4110007.51,2003,7,6149606.37,550297.13,4757752.73,-0.4999999999999997,-0.8660254037844388,0.0,ESTADOS UNIDOS DE AMERICA,JOVEN,2003-07-01
6918677.75,6149606.37,812084.59,2003,7,6149606.37,550297.13,6149606.37,-0.4999999999999997,-0.8660254037844388,0.0,ESTADOS UNIDOS DE AMERICA,REPOSADO,2003-07-01
6918677.75,769071.38,92928.25,2003,7,6149606.37,550297.13,4804472.622500001,-0.4999999999999997,-0.8660254037844388,1.0,ESTADOS UNIDOS DE AMERICA,AÑEJO,2003-07-01
6918677.75,769071.38,193780.07,2003,7,769071.38,6666955.64,3459338.875000001,-0.4999999999999997,-0.8660254037844388,1.0,ESTADOS UNIDOS DE AMERICA,BLANCO,2003-07-01
6918677.75,769071.38,482363.06,2003,7,769071.38,6666955.64,2114205.127500001,-0.4999999999999997,-0.8660254037844388,1.0,ESTADOS UNIDOS DE AMERICA,REPOSADO,2003-07-01
5155710.4,4422795.2,92063.87,2003,8,769071.38,6666955.64,1682502.335000001,-0.8660254037844385,-0.5000000000000004,0.0,ESTADOS UNIDOS DE AMERICA,AÑEJO,2003-08-01
5155710.4,4422795.2,1091010.92,2003,8,4422795.2,6666955.64,2595933.290000001,-0.8660254037844385,-0.5000000000000004,0.0,ESTADOS UNIDOS DE AMERICA,BLANCO,2003-08-01
5155710.4,4422795.2,2848363.6,2003,8,4422795.2,582191.81,3509364.245000001,-0.8660254037844385,-0.5000000000000004,0.0,ESTADOS UNIDOS DE AMERICA,JOVEN,2003-08-01
5155710.4,4422795.2,391356.81,2003,8,4422795.2,582191.81,4422795.2,-0.8660254037844385,-0.5000000000000004,0.0,ESTADOS UNIDOS DE AMERICA,REPOSADO,2003-08-01
5155710.4,732915.21,79116.3,2003,8,4422795.2,582191.81,3500325.2025000015,-0.8660254037844385,-0.5000000000000004,1.0,ESTADOS UNIDOS DE AMERICA,AÑEJO,2003-08-01
5155710.4,732915.21,177569.29,2003,8,732915.21,6149606.37,2577855.205000001,-0.8660254037844385,-0.5000000000000004,1.0,ESTADOS UNIDOS DE AMERICA,BLANCO,2003-08-01
5155710.4,732915.21,476229.61,2003,8,732915.21,6149606.37,1655385.207500001,-0.8660254037844385,-0.5000000000000004,1.0,ESTADOS UNIDOS DE AMERICA,REPOSADO,2003-08-01
6835244.39,5697236.59,123568.38,2003,9,732915.21,6149606.37,1973995.5550000009,-1.0,-1.8369701987210297e-16,0.0,ESTADOS UNIDOS DE AMERICA,AÑEJO,2003-09-01
6835244.39,5697236.59,1000185.1,2003,9,5697236.59,6149606.37,3215075.900000001,-1.0,-1.8369701987210297e-16,0.0,ESTADOS UNIDOS DE AMERICA,BLANCO,2003-09-01
6835244.39,5697236.59,3965641.66,2003,9,5697236.59,769071.38,4456156.245000001,-1.0,-1.8369701987210297e-16,0.0,ESTADOS UNIDOS DE AMERICA,JOVEN,2003-09-01
6835244.39,5697236.59,607841.45,2003,9,5697236.59,769071.38,5697236.59,-1.0,-1.8369701987210297e-16,0.0,ESTADOS UNIDOS DE AMERICA,REPOSADO,2003-09-01
6835244.39,1138007.8,138407.81,2003,9,5697236.59,769071.38,4557429.392500001,-1.0,-1.8369701987210297e-16,1.0,ESTADOS UNIDOS DE AMERICA,AÑEJO,2003-09-01
6835244.39,1138007.8,314772.87,2003,9,1138007.8,4422795.2,3417622.1950000008,-1.0,-1.8369701987210297e-16,1.0,ESTADOS UNIDOS DE AMERICA,BLANCO,2003-09-01
6835244.39,1138007.8,684827.12,2003,9,1138007.8,4422795.2,2277814.997500001,-1.0,-1.8369701987210297e-16,1.0,ESTADOS UNIDOS DE AMERICA,REPOSADO,2003-09-01
8019020.33,7027378.5,124075.37,2003,10,1138007.8,4422795.2,2610350.475000001,-0.8660254037844386,0.5000000000000001,0.0,ESTADOS UNIDOS DE AMERICA,AÑEJO,2003-10-01
8019020.33,7027378.5,1764685.95,2003,10,7027378.5,4422795.2,4082693.150000001,-0.8660254037844386,0.5000000000000001,0.0,ESTADOS UNIDOS DE AMERICA,BLANCO,2003-10-01
8019020.33,7027378.5,4054993.98,2003,10,7027378.5,732915.21,5555035.825000001,-0.8660254037844386,0.5000000000000001,0.0,ESTADOS UNIDOS DE AMERICA,JOVEN,2003-10-01
8019020.33,7027378.5,1083623.21,2003,10,7027378.5,732915.21,7027378.5,-0.8660254037844386,0.5000000000000001,0.0,ESTADOS UNIDOS DE AMERICA,REPOSADO,2003-10-01
8019020.33,991641.83,197127.74,2003,10,7027378.5,732915.21,5518444.3325000005,-0.8660254037844386,0.5000000000000001,1.0,ESTADOS UNIDOS DE AMERICA,AÑEJO,2003-10-01
8019020.33,991641.83,239604.6,2003,10,991641.83,5697236.59,4009510.165000001,-0.8660254037844386,0.5000000000000001,1.0,ESTADOS UNIDOS DE AMERICA,BLANCO,2003-10-01
8019020.33,991641.83,554909.49,2003,10,991641.83,5697236.59,2500575.997500001,-0.8660254037844386,0.5000000000000001,1.0,ESTADOS UNIDOS DE AMERICA,REPOSADO,2003-10-01
6207079.47,5448758.87,77412.38,2003,11,991641.83,5697236.59,2105921.090000001,-0.5000000000000004,0.8660254037844384,0.0,ESTADOS UNIDOS DE AMERICA,AÑEJO,2003-11-01
6207079.47,5448758.87,751635.24,2003,11,5448758.87,5697236.59,3220200.350000001,-0.5000000000000004,0.8660254037844384,0.0,ESTADOS UNIDOS DE AMERICA,BLANCO,2003-11-01
6207079.47,5448758.87,4129234.83,2003,11,5448758.87,1138007.8,4334479.610000001,-0.5000000000000004,0.8660254037844384,0.0,ESTADOS UNIDOS DE AMERICA,JOVEN,2003-11-01
6207079.47,5448758.87,490476.42,2003,11,5448758.87,1138007.8,5448758.87,-0.5000000000000004,0.8660254037844384,0.0,ESTADOS UNIDOS DE AMERICA,REPOSADO,2003-11-01
6207079.47,758320.6,176344.77,2003,11,5448758.87,1138007.8,4276149.302500001,-0.5000000000000004,0.8660254037844384,1.0,ESTADOS UNIDOS DE AMERICA,AÑEJO,2003-11-01
6207079.47,758320.6,145639.29,2003,11,758320.6,7027378.5,3103539.735000001,-0.5000000000000004,0.8660254037844384,1.0,ESTADOS UNIDOS DE AMERICA,BLANCO,2003-11-01
6207079.47,758320.6,436336.53,2003,11,758320.6,7027378.5,1930930.167500001,-0.5000000000000004,0.8660254037844384,1.0,ESTADOS UNIDOS DE AMERICA,REPOSADO,2003-11-01
4642543.52,3901072.78,80006.88,2003,12,758320.6,7027378.5,1544008.645000001,-2.4492935982947064e-16,1.0,0.0,ESTADOS UNIDOS DE AMERICA,AÑEJO,2003-12-01
4642543.52,3901072.78,1029901.1,2003,12,3901072.78,7027378.5,2329696.690000001,-2.4492935982947064e-16,1.0,0.0,ESTADOS UNIDOS DE AMERICA,BLANCO,2003-12-01
4642543.52,3901072.78,2220999.44,2003,12,3901072.78,991641.83,3115384.735000001,-2.4492935982947064e-16,1.0,0.0,ESTADOS UNIDOS DE AMERICA,JOVEN,2003-12-01
4642543.52,3901072.78,570165.36,2003,12,3901072.78,991641.83,3901072.78,-2.4492935982947064e-16,1.0,0.0,ESTADOS UNIDOS DE AMERICA,REPOSADO,2003-12-01
4642543.52,741470.74,149553.17,2003,12,3901072.78,991641.83,3111172.2700000005,-2.4492935982947064e-16,1.0,1.0,ESTADOS UNIDOS DE AMERICA,AÑEJO,2003-12-01
4642543.52,741470.74,309908.11,2003,12,741470.74,5448758.87,2321271.7600000007,-2.4492935982947064e-16,1.0,1.0,ESTADOS UNIDOS DE AMERICA,BLANCO,2003-12-01
4642543.52,741470.74,13229.99,2003,12,741470.74,5448758.87,1531371.250000001,-2.4492935982947064e-16,1.0,1.0,ESTADOS UNIDOS DE AMERICA,JOVEN,2003-12-01
4642543.52,741470.74,268779.47,2003,12,741470.74,5448758.87,741470.74,-2.4492935982947064e-16,1.0,1.0,ESTADOS UNIDOS DE AMERICA,REPOSADO,2003-12-01
6463544.23,5658635.82,69638.89,2004,1,741470.74,5448758.87,1970762.010000001,0.49999999999999994,0.8660254037844387,0.0,ESTADOS UNIDOS DE AMERICA,AÑEJO,2004-01-01
6463544.23,5658635.82,1031598.64,2004,1,5658635.82,758320.6,3200053.280000001,0.49999999999999994,0.8660254037844387,0.0,ESTADOS UNIDOS DE AMERICA,BLANCO,2004-01-01
6463544.23,5658635.82,3996083.66,2004,1,5658635.82,758320.6,4429344.550000001,0.49999999999999994,0.8660254037844387,0.0,ESTADOS UNIDOS DE AMERICA,JOVEN,2004-01-01
6463544.23,5658635.82,561314.63,2004,1,5658635.82,758320.6,5658635.82,0.49999999999999994,0.8660254037844387,0.0,ESTADOS UNIDOS DE AMERICA,REPOSADO,2004-01-01
6463544.23,804908.41,123878.44,2004,1,5658635.82,3901072.78,4445203.9675,0.49999999999999994,0.8660254037844387,1.0,ESTADOS UNIDOS DE AMERICA,AÑEJO,2004-01-01
6463544.23,804908.41,222739.94,2004,1,804908.41,3901072.78,3231772.115000001,0.49999999999999994,0.8660254037844387,1.0,ESTADOS UNIDOS DE AMERICA,BLANCO,2004-01-01
6463544.23,804908.41,458290.02,2004,1,804908.41,3901072.78,2018340.2625000011,0.49999999999999994,0.8660254037844387,1.0,ESTADOS UNIDOS DE AMERICA,REPOSADO,2004-01-01
5886273.82,4990384.66,110989.35,2004,2,804908.41,3901072.78,1851277.472500001,0.8660254037844386,0.5000000000000001,0.0,ESTADOS UNIDOS DE AMERICA,AÑEJO,2004-02-01
5886273.82,4990384.66,1006881.29,2004,2,4990384.66,741470.74,2897646.535000001,0.8660254037844386,0.5000000000000001,0.0,ESTADOS UNIDOS DE AMERICA,BLANCO,2004-02-01
5886273.82,4990384.66,3207268.0,2004,2,4990384.66,741470.74,3944015.597500001,0.8660254037844386,0.5000000000000001,0.0,ESTADOS UNIDOS DE AMERICA,JOVEN,2004-02-01
5886273.82,4990384.66,665246.03,2004,2,4990384.66,741470.74,4990384.66,0.8660254037844386,0.5000000000000001,0.0,ESTADOS UNIDOS DE AMERICA,REPOSADO,2004-02-01
5886273.82,895889.15,111311.8,2004,2,4990384.66,741470.74,3966760.782500001,0.8660254037844386,0.5000000000000001,1.0,ESTADOS UNIDOS DE AMERICA,AÑEJO,2004-02-01
5886273.82,895889.15,204409.9,2004,2,895889.15,5658635.82,2943136.905000001,0.8660254037844386,0.5000000000000001,1.0,ESTADOS UNIDOS DE AMERICA,BLANCO,2004-02-01
5886273.82,895889.15,580167.45,2004,2,895889.15,5658635.82,1919513.027500001,0.8660254037844386,0.5000000000000001,1.0,ESTADOS UNIDOS DE AMERICA,REPOSADO,2004-02-01
7403198.81,6381377.31,171881.36,2004,3,895889.15,5658635.82,2267261.190000001,1.0,6.123233995736766e-17,0.0,ESTADOS UNIDOS DE AMERICA,AÑEJO,2004-03-01
7403198.81,6381377.31,1306697.53,2004,3,6381377.31,5658635.82,3638633.2300000004,1.0,6.123233995736766e-17,0.0,ESTADOS UNIDOS DE AMERICA,BLANCO,2004-03-01
7403198.81,6381377.31,4412356.83,2004,3,6381377.31,804908.41,5010005.2700000005,1.0,6.123233995736766e-17,0.0,ESTADOS UNIDOS DE AMERICA,JOVEN,2004-03-01
7403198.81,6381377.31,490441.6,2004,3,6381377.31,804908.41,6381377.31,1.0,6.123233995736766e-17,0.0,ESTADOS UNIDOS DE AMERICA,REPOSADO,2004-03-01
7403198.81,1021821.5,85395.16,2004,3,6381377.31,804908.41,5041488.3575,1.0,6.123233995736766e-17,1.0,ESTADOS UNIDOS DE AMERICA,AÑEJO,2004-03-01
7403198.81,1021821.5,417845.32,2004,3,1021821.5,4990384.66,3701599.4050000003,1.0,6.123233995736766e-17,1.0,ESTADOS UNIDOS DE AMERICA,BLANCO,2004-03-01
7403198.81,1021821.5,648.0,2004,3,1021821.5,4990384.66,2361710.4525000006,1.0,6.123233995736766e-17,1.0,ESTADOS UNIDOS DE AMERICA,JOVEN,2004-03-01
7403198.81,1021821.5,517933.02,2004,3,1021821.5,4990384.66,1021821.5,1.0,6.123233995736766e-17,1.0,ESTADOS UNIDOS DE AMERICA,REPOSADO,2004-03-01
8061051.02,6603832.48,124757.24,2004,4,1021821.5,4990384.66,2417324.245000001,0.8660254037844387,-0.4999999999999998,0.0,ESTADOS UNIDOS DE AMERICA,AÑEJO,2004-04-01
8061051.02,6603832.48,1236524.77,2004,4,6603832.48,895889.15,3812826.990000001,0.8660254037844387,-0.4999999999999998,0.0,ESTADOS UNIDOS DE AMERICA,BLANCO,2004-04-01
8061051.02,6603832.48,4768475.86,2004,4,6603832.48,895889.15,5208329.735000001,0.8660254037844387,-0.4999999999999998,0.0,ESTADOS UNIDOS DE AMERICA,JOVEN,2004-04-01
8061051.02,6603832.48,474074.61,2004,4,6603832.48,895889.15,6603832.48,0.8660254037844387,-0.4999999999999998,0.0,ESTADOS UNIDOS DE AMERICA,REPOSADO,2004-04-01
8061051.02,1457218.53,97101.29,2004,4,6603832.48,6381377.31,5317178.992500002,0.8660254037844387,-0.4999999999999998,1.0,ESTADOS UNIDOS DE AMERICA,AÑEJO,2004-04-01
8061051.02,1457218.53,309564.71,2004,4,1457218.53,6381377.31,4030525.5050000013,0.8660254037844387,-0.4999999999999998,1.0,ESTADOS UNIDOS DE AMERICA,BLANCO,2004-04-01
8061051.02,1457218.53,1050552.53,2004,4,1457218.53,6381377.31,2743872.017500001,0.8660254037844387,-0.4999999999999998,1.0,ESTADOS UNIDOS DE AMERICA,REPOSADO,2004-04-01
7344584.29,6246197.06,82878.66,2004,5,1457218.53,6381377.31,2654463.1625000006,0.49999999999999994,-0.8660254037844387,0.0,ESTADOS UNIDOS DE AMERICA,AÑEJO,2004-05-01
7344584.29,6246197.06,1449096.34,2004,5,6246197.06,1021821.5,3851707.795000001,0.49999999999999994,-0.8660254037844387,0.0,ESTADOS UNIDOS DE AMERICA,BLANCO,2004-05-01
7344584.29,6246197.06,4413736.46,2004,5,6246197.06,1021821.5,5048952.4275,0.49999999999999994,-0.8660254037844387,0.0,ESTADOS UNIDOS DE AMERICA,JOVEN,2004-05-01
7344584.29,6246197.06,300485.59,2004,5,6246197.06,1021821.5,6246197.06,0.49999999999999994,-0.8660254037844387,0.0,ESTADOS UNIDOS DE AMERICA,REPOSADO,2004-05-01
7344584.29,1098387.23,90024.03,2004,5,6246197.06,1021821.5,4959244.6025,0.49999999999999994,-0.8660254037844387,1.0,ESTADOS UNIDOS DE AMERICA,AÑEJO,2004-05-01
7344584.29,1098387.23,246195.28,2004,5,1098387.23,6603832.48,3672292.1450000005,0.49999999999999994,-0.8660254037844387,1.0,ESTADOS UNIDOS DE AMERICA,BLANCO,2004-05-01
7344584.29,1098387.23,762167.92,2004,5,1098387.23,6603832.48,2385339.687500001,0.49999999999999994,-0.8660254037844387,1.0,ESTADOS UNIDOS DE AMERICA,REPOSADO,2004-05-01
8485200.35,7257598.82,166785.7,2004,6,1098387.23,6603832.48,2638190.127500001,1.2246467991473532e-16,-1.0,0.0,ESTADOS UNIDOS DE AMERICA,AÑEJO,2004-06-01
8485200.35,7257598.82,1114478.05,2004,6,7257598.82,6603832.48,4177993.025000001,1.2246467991473532e-16,-1.0,0.0,ESTADOS UNIDOS DE AMERICA,BLANCO,2004-06-01
8485200.35,7257598.82,5149079.19,2004,6,7257598.82,1457218.53,5717795.922500001,1.2246467991473532e-16,-1.0,0.0,ESTADOS UNIDOS DE AMERICA,JOVEN,2004-06-01
8485200.35,7257598.82,827255.88,2004,6,7257598.82,1457218.53,7257598.82,1.2246467991473532e-16,-1.0,0.0,ESTADOS UNIDOS DE AMERICA,REPOSADO,2004-06-01
8485200.35,1227601.53,190187.54,2004,6,7257598.82,1457218.53,5750099.497500001,1.2246467991473532e-16,-1.0,1.0,ESTADOS UNIDOS DE AMERICA,AÑEJO,2004-06-01
8485200.35,1227601.53,296070.44,2004,6,1227601.53,6246197.06,4242600.175000001,1.2246467991473532e-16,-1.0,1.0,ESTADOS UNIDOS DE AMERICA,BLANCO,2004-06-01
8485200.35,1227601.53,741343.54,2004,6,1227601.53,6246197.06,2735100.852500001,1.2246467991473532e-16,-1.0,1.0,ESTADOS UNIDOS DE AMERICA,REPOSADO,2004-06-01
6244118.85,4935229.15,103379.9,2004,7,1227601.53,6246197.06,2154508.435000001,-0.4999999999999997,-0.8660254037844388,0.0,ESTADOS UNIDOS DE AMERICA,AÑEJO,2004-07-01
6244118.85,4935229.15,949028.52,2004,7,4935229.15,6246197.06,3081415.340000001,-0.4999999999999997,-0.8660254037844388,0.0,ESTADOS UNIDOS DE AMERICA,BLANCO,2004-07-01
6244118.85,4935229.15,3245251.14,2004,7,4935229.15,1098387.23,4008322.245000001,-0.4999999999999997,-0.8660254037844388,0.0,ESTADOS UNIDOS DE AMERICA,JOVEN,2004-07-01
6244118.85,4935229.15,637569.59,2004,7,4935229.15,1098387.23,4935229.15,-0.4999999999999997,-0.8660254037844388,0.0,ESTADOS UNIDOS DE AMERICA,REPOSADO,2004-07-01
6244118.85,1308889.7,109612.14,2004,7,4935229.15,1098387.23,4028644.2875000015,-0.4999999999999997,-0.8660254037844388,1.0,ESTADOS UNIDOS DE AMERICA,AÑEJO,2004-07-01
6244118.85,1308889.7,487935.22,2004,7,1308889.7,7257598.82,3122059.4250000007,-0.4999999999999997,-0.8660254037844388,1.0,ESTADOS UNIDOS DE AMERICA,BLANCO,2004-07-01
6244118.85,1308889.7,711342.33,2004,7,1308889.7,7257598.82,2215474.562500001,-0.4999999999999997,-0.8660254037844388,1.0,ESTADOS UNIDOS DE AMERICA,REPOSADO,2004-07-01
5616252.88,4579180.34,69749.89,2004,8,1308889.7,7257598.82,2126462.360000001,-0.8660254037844385,-0.5000000000000004,0.0,ESTADOS UNIDOS DE AMERICA,AÑEJO,2004-08-01
5616252.88,4579180.34,828134.18,2004,8,4579180.34,7257598.82,2944035.0200000005,-0.8660254037844385,-0.5000000000000004,0.0,ESTADOS UNIDOS DE AMERICA,BLANCO,2004-08-01
5616252.88,4579180.34,3494300.97,2004,8,4579180.34,1227601.53,3761607.6800000006,-0.8660254037844385,-0.5000000000000004,0.0,ESTADOS UNIDOS DE AMERICA,JOVEN,2004-08-01
5616252.88,4579180.34,186995.31,2004,8,4579180.34,1227601.53,4579180.34,-0.8660254037844385,-0.5000000000000004,0.0,ESTADOS UNIDOS DE AMERICA,REPOSADO,2004-08-01
5616252.88,1037072.54,68921.23,2004,8,4579180.34,1227601.53,3693653.3900000006,-0.8660254037844385,-0.5000000000000004,1.0,ESTADOS UNIDOS DE AMERICA,AÑEJO,2004-08-01
5616252.88,1037072.54,358198.93,2004,8,1037072.54,4935229.15,2808126.4400000004,-0.8660254037844385,-0.5000000000000004,1.0,ESTADOS UNIDOS DE AMERICA,BLANCO,2004-08-01
5616252.88,1037072.54,609952.38,2004,8,1037072.54,4935229.15,1922599.490000001,-0.8660254037844385,-0.5000000000000004,1.0,ESTADOS UNIDOS DE AMERICA,REPOSADO,2004-08-01
7049103.56,5505696.87,96490.35,2004,9,1037072.54,4935229.15,2154228.622500001,-1.0,-1.8369701987210297e-16,0.0,ESTADOS UNIDOS DE AMERICA,AÑEJO,2004-09-01
7049103.56,5505696.87,1332666.55,2004,9,5505696.87,4935229.15,3271384.705000001,-1.0,-1.8369701987210297e-16,0.0,ESTADOS UNIDOS DE AMERICA,BLANCO,2004-09-01
7049103.56,5505696.87,3924445.98,2004,9,5505696.87,1308889.7,4388540.7875000015,-1.0,-1.8369701987210297e-16,0.0,ESTADOS UNIDOS DE AMERICA,JOVEN,2004-09-01
7049103.56,5505696.87,152093.99,2004,9,5505696.87,1308889.7,5505696.87,-1.0,-1.8369701987210297e-16,0.0,ESTADOS UNIDOS DE AMERICA,REPOSADO,2004-09-01
7049103.56,1543406.69,149543.83,2004,9,5505696.87,1308889.7,4515124.325000001,-1.0,-1.8369701987210297e-16,1.0,ESTADOS UNIDOS DE AMERICA,AÑEJO,2004-09-01
7049103.56,1543406.69,390236.75,2004,9,1543406.69,4579180.34,3524551.780000001,-1.0,-1.8369701987210297e-16,1.0,ESTADOS UNIDOS DE AMERICA,BLANCO,2004-09-01
7049103.56,1543406.69,1003626.12,2004,9,1543406.69,4579180.34,2533979.235000001,-1.0,-1.8369701987210297e-16,1.0,ESTADOS UNIDOS DE AMERICA,REPOSADO,2004-09-01
5866268.25,4626095.49,117695.84,2004,10,1543406.69,4579180.34,2314078.890000001,-0.8660254037844386,0.5000000000000001,0.0,ESTADOS UNIDOS DE AMERICA,AÑEJO,2004-10-01
5866268.25,4626095.49,829979.38,2004,10,4626095.49,4579180.34,3084751.0900000012,-0.8660254037844386,0.5000000000000001,0.0,ESTADOS UNIDOS DE AMERICA,BLANCO,2004-10-01
5866268.25,4626095.49,3419088.21,2004,10,4626095.49,1037072.54,3855423.2900000014,-0.8660254037844386,0.5000000000000001,0.0,ESTADOS UNIDOS DE AMERICA,JOVEN,2004-10-01
5866268.25,4626095.49,259332.06,2004,10,4626095.49,1037072.54,4626095.49,-0.8660254037844386,0.5000000000000001,0.0,ESTADOS UNIDOS DE AMERICA,REPOSADO,2004-10-01
5866268.25,1240172.77,197435.86,2004,10,4626095.49,1037072.54,3779614.810000001,-0.8660254037844386,0.5000000000000001,1.0,ESTADOS UNIDOS DE AMERICA,AÑEJO,2004-10-01
5866268.25,1240172.77,413155.12,2004,10,1240172.77,5505696.87,2933134.130000001,-0.8660254037844386,0.5000000000000001,1.0,ESTADOS UNIDOS DE AMERICA,BLANCO,2004-10-01
5866268.25,1240172.77,12.0,2004,10,1240172.77,5505696.87,2086653.4500000011,-0.8660254037844386,0.5000000000000001,1.0,ESTADOS UNIDOS DE AMERICA,JOVEN,2004-10-01
5866268.25,1240172.77,629569.79,2004,10,1240172.77,5505696.87,1240172.77,-0.8660254037844386,0.5000000000000001,1.0,ESTADOS UNIDOS DE AMERICA,REPOSADO,2004-10-01
8494255.8,7053011.3,99991.39,2004,11,1240172.77,5505696.87,2693382.402500001,-0.5000000000000004,0.8660254037844384,0.0,ESTADOS UNIDOS DE AMERICA,AÑEJO,2004-11-01
8494255.8,7053011.3,672311.13,2004,11,7053011.3,1543406.69,4146592.035000001,-0.5000000000000004,0.8660254037844384,0.0,ESTADOS UNIDOS DE AMERICA,BLANCO,2004-11-01
8494255.8,7053011.3,6136663.39,2004,11,7053011.3,1543406.69,5599801.667500001,-0.5000000000000004,0.8660254037844384,0.0,ESTADOS UNIDOS DE AMERICA,JOVEN,2004-11-01
8494255.8,7053011.3,144045.4,2004,11,7053011.3,1543406.69,7053011.3,-0.5000000000000004,0.8660254037844384,0.0,ESTADOS UNIDOS DE AMERICA,REPOSADO,2004-11-01
8494255.8,1441244.5,214606.84,2004,11,7053011.3,4626095.49,5650069.6000000015,-0.5000000000000004,0.8660254037844384,1.0,ESTADOS UNIDOS DE AMERICA,AÑEJO,2004-11-01
8494255.8,1441244.5,363993.62,2004,11,1441244.5,4626095.49,4247127.9,-0.5000000000000004,0.8660254037844384,1.0,ESTADOS UNIDOS DE AMERICA,BLANCO,2004-11-01
8494255.8,1441244.5,862644.04,2004,11,1441244.5,4626095.49,2844186.200000001,-0.5000000000000004,0.8660254037844384,1.0,ESTADOS UNIDOS DE AMERICA,REPOSADO,2004-11-01
5117707.69,4149457.17,143753.82,2004,12,1441244.5,4626095.49,2118297.6675000014,-2.4492935982947064e-16,1.0,0.0,ESTADOS UNIDOS DE AMERICA,AÑEJO,2004-12-01
5117707.69,4149457.17,503709.47,2004,12,4149457.17,1240172.77,2795350.835000001,-2.4492935982947064e-16,1.0,0.0,ESTADOS UNIDOS DE AMERICA,BLANCO,2004-12-01
5117707.69,4149457.17,3334336.1,2004,12,4149457.17,1240172.77,3472404.0025000013,-2.4492935982947064e-16,1.0,0.0,ESTADOS UNIDOS DE AMERICA,JOVEN,2004-12-01
5117707.69,4149457.17,167657.78,2004,12,4149457.17,1240172.77,4149457.17,-2.4492935982947064e-16,1.0,0.0,ESTADOS UNIDOS DE AMERICA,REPOSADO,2004-12-01
5117707.69,968250.51,88501.65,2004,12,4149457.17,1240172.77,3354155.5050000013,-2.4492935982947064e-16,1.0,1.0,ESTADOS UNIDOS DE AMERICA,AÑEJO,2004-12-01
5117707.69,968250.51,284929.79,2004,12,968250.51,7053011.3,2558853.8400000012,-2.4492935982947064e-16,1.0,1.0,ESTADOS UNIDOS DE AMERICA,BLANCO,2004-12-01
5117707.69,968250.51,3133.49,2004,12,968250.51,7053011.3,1763552.1750000012,-2.4492935982947064e-16,1.0,1.0,ESTADOS UNIDOS DE AMERICA,JOVEN,2004-12-01
5117707.69,968250.51,591685.58,2004,12,968250.51,7053011.3,968250.51,-2.4492935982947064e-16,1.0,1.0,ESTADOS UNIDOS DE AMERICA,REPOSADO,2004-12-01
6072748.08,4827127.48,85792.38,2005,1,968250.51,7053011.3,1932969.7525000013,0.49999999999999994,0.8660254037844387,0.0,ESTADOS UNIDOS DE AMERICA,AÑEJO,2005-01-01
6072748.08,4827127.48,649513.72,2005,1,4827127.48,1441244.5,2897688.9950000015,0.49999999999999994,0.8660254037844387,0.0,ESTADOS UNIDOS DE AMERICA,BLANCO,2005-01-01
6072748.08,4827127.48,4040761.28,2005,1,4827127.48,1441244.5,3862408.2375000017,0.49999999999999994,0.8660254037844387,0.0,ESTADOS UNIDOS DE AMERICA,JOVEN,2005-01-01
6072748.08,4827127.48,51060.1,2005,1,4827127.48,1441244.5,4827127.48,0.49999999999999994,0.8660254037844387,0.0,ESTADOS UNIDOS DE AMERICA,REPOSADO,2005-01-01
6072748.08,1245620.6,132297.47,2005,1,4827127.48,4149457.17,3931750.760000001,0.49999999999999994,0.8660254037844387,1.0,ESTADOS UNIDOS DE AMERICA,AÑEJO,2005-01-01
6072748.08,1245620.6,317364.42,2005,1,1245620.6,4149457.17,3036374.040000002,0.49999999999999994,0.8660254037844387,1.0,ESTADOS UNIDOS DE AMERICA,BLANCO,2005-01-01
6072748.08,1245620.6,795958.7,2005,1,1245620.6,4149457.17,2140997.320000001,0.49999999999999994,0.8660254037844387,1.0,ESTADOS UNIDOS DE AMERICA,REPOSADO,2005-01-01
6378265.96,4478945.45,164972.82,2005,2,1245620.6,4149457.17,2053951.8125000014,0.8660254037844386,0.5000000000000001,0.0,ESTADOS UNIDOS DE AMERICA,AÑEJO,2005-02-01
6378265.96,4478945.45,809575.8,2005,2,4478945.45,968250.51,2862283.0250000013,0.8660254037844386,0.5000000000000001,0.0,ESTADOS UNIDOS DE AMERICA,BLANCO,2005-02-01
6378265.96,4478945.45,3319177.06,2005,2,4478945.45,968250.51,3670614.237500001,0.8660254037844386,0.5000000000000001,0.0,ESTADOS UNIDOS DE AMERICA,JOVEN,2005-02-01
6378265.96,4478945.45,185219.78,2005,2,4478945.45,968250.51,4478945.45,0.8660254037844386,0.5000000000000001,0.0,ESTADOS UNIDOS DE AMERICA,REPOSADO,2005-02-01
6378265.96,1899320.5,232808.63,2005,2,4478945.45,968250.51,3834039.2125000013,0.8660254037844386,0.5000000000000001,1.0,ESTADOS UNIDOS DE AMERICA,AÑEJO,2005-02-01
6378265.96,1899320.5,523716.85,2005,2,1899320.5,4827127.48,3189132.9750000015,0.8660254037844386,0.5000000000000001,1.0,ESTADOS UNIDOS DE AMERICA,BLANCO,2005-02-01
6378265.96,1899320.5,648.0,2005,2,1899320.5,4827127.48,2544226.7375000017,0.8660254037844386,0.5000000000000001,1.0,ESTADOS UNIDOS DE AMERICA,JOVEN,2005-02-01
6378265.96,1899320.5,1142147.02,2005,2,1899320.5,4827127.48,1899320.5,0.8660254037844386,0.5000000000000001,1.0,ESTADOS UNIDOS DE AMERICA,REPOSADO,2005-02-01
7396415.42,5770536.55,113577.88,2005,3,1899320.5,4827127.48,2867124.512500001,1.0,6.123233995736766e-17,0.0,ESTADOS UNIDOS DE AMERICA,AÑEJO,2005-03-01
7396415.42,5770536.55,676367.11,2005,3,5770536.55,1245620.6,3834928.5250000013,1.0,6.123233995736766e-17,0.0,ESTADOS UNIDOS DE AMERICA,BLANCO,2005-03-01
7396415.42,5770536.55,4945570.96,2005,3,5770536.55,1245620.6,4802732.5375000015,1.0,6.123233995736766e-17,0.0,ESTADOS UNIDOS DE AMERICA,JOVEN,2005-03-01
7396415.42,5770536.55,35020.6,2005,3,5770536.55,1245620.6,5770536.55,1.0,6.123233995736766e-17,0.0,ESTADOS UNIDOS DE AMERICA,REPOSADO,2005-03-01
7396415.42,1625878.87,164730.9,2005,3,5770536.55,4478945.45,4734372.130000001,1.0,6.123233995736766e-17,1.0,ESTADOS UNIDOS DE AMERICA,AÑEJO,2005-03-01
7396415.42,1625878.87,608524.42,2005,3,1625878.87,4478945.45,3698207.7100000014,1.0,6.123233995736766e-17,1.0,ESTADOS UNIDOS DE AMERICA,BLANCO,2005-03-01
7396415.42,1625878.87,852623.55,2005,3,1625878.87,4478945.45,2662043.290000002,1.0,6.123233995736766e-17,1.0,ESTADOS UNIDOS DE AMERICA,REPOSADO,2005-03-01
7173130.52,5574606.77,165119.81,2005,4,1625878.87,4478945.45,2613060.8450000016,0.8660254037844387,-0.4999999999999998,0.0,ESTADOS UNIDOS DE AMERICA,AÑEJO,2005-04-01
7173130.52,5574606.77,734986.39,2005,4,5574606.77,1899320.5,3600242.820000001,0.8660254037844387,-0.4999999999999998,0.0,ESTADOS UNIDOS DE AMERICA,BLANCO,2005-04-01
7173130.52,5574606.77,4466561.41,2005,4,5574606.77,1899320.5,4587424.795000001,0.8660254037844387,-0.4999999999999998,0.0,ESTADOS UNIDOS DE AMERICA,JOVEN,2005-04-01
7173130.52,5574606.77,207939.16,2005,4,5574606.77,1899320.5,5574606.77,0.8660254037844387,-0.4999999999999998,0.0,ESTADOS UNIDOS DE AMERICA,REPOSADO,2005-04-01
7173130.52,1598523.75,188015.15,2005,4,5574606.77,1899320.5,4580586.015000001,0.8660254037844387,-0.4999999999999998,1.0,ESTADOS UNIDOS DE AMERICA,AÑEJO,2005-04-01
7173130.52,1598523.75,396965.77,2005,4,1598523.75,5770536.55,3586565.2600000007,0.8660254037844387,-0.4999999999999998,1.0,ESTADOS UNIDOS DE AMERICA,BLANCO,2005-04-01
7173130.52,1598523.75,6383.99,2005,4,1598523.75,5770536.55,2592544.505000001,0.8660254037844387,-0.4999999999999998,1.0,ESTADOS UNIDOS DE AMERICA,JOVEN,2005-04-01
7173130.52,1598523.75,1007158.85,2005,4,1598523.75,5770536.55,1598523.75,0.8660254037844387,-0.4999999999999998,1.0,ESTADOS UNIDOS DE AMERICA,REPOSADO,2005-04-01
7831233.78,6444852.77,137923.89,2005,5,1598523.75,5770536.55,2810106.0050000013,0.49999999999999994,-0.8660254037844387,0.0,ESTADOS UNIDOS DE AMERICA,AÑEJO,2005-05-01
7831233.78,6444852.77,1148438.79,2005,5,6444852.77,1625878.87,4021688.260000001,0.49999999999999994,-0.8660254037844387,0.0,ESTADOS UNIDOS DE AMERICA,BLANCO,2005-05-01
7831233.78,6444852.77,4958744.32,2005,5,6444852.77,1625878.87,5233270.515000001,0.49999999999999994,-0.8660254037844387,0.0,ESTADOS UNIDOS DE AMERICA,JOVEN,2005-05-01
7831233.78,6444852.77,199745.77,2005,5,6444852.77,1625878.87,6444852.77,0.49999999999999994,-0.8660254037844387,0.0,ESTADOS UNIDOS DE AMERICA,REPOSADO,2005-05-01
7831233.78,1386381.02,179351.73,2005,5,6444852.77,5574606.77,5180234.832500001,0.49999999999999994,-0.8660254037844387,1.0,ESTADOS UNIDOS DE AMERICA,AÑEJO,2005-05-01
7831233.78,1386381.02,510017.84,2005,5,1386381.02,5574606.77,3915616.8950000014,0.49999999999999994,-0.8660254037844387,1.0,ESTADOS UNIDOS DE AMERICA,BLANCO,2005-05-01
7831233.78,1386381.02,697011.45,2005,5,1386381.02,5574606.77,2650998.9575000014,0.49999999999999994,-0.8660254037844387,1.0,ESTADOS UNIDOS DE AMERICA,REPOSADO,2005-05-01
8987697.68,6923601.28,112775.85,2005,6,1386381.02,5574606.77,2770686.0850000014,1.2246467991473532e-16,-1.0,0.0,ESTADOS UNIDOS DE AMERICA,AÑEJO,2005-06-01
8987697.68,6923601.28,936263.77,2005,6,6923601.28,1598523.75,4154991.1500000013,1.2246467991473532e-16,-1.0,0.0,ESTADOS UNIDOS DE AMERICA,BLANCO,2005-06-01
8987697.68,6923601.28,5749538.18,2005,6,6923601.28,1598523.75,5539296.215000002,1.2246467991473532e-16,-1.0,0.0,ESTADOS UNIDOS DE AMERICA,JOVEN,2005-06-01
8987697.68,6923601.28,125023.49,2005,6,6923601.28,1598523.75,6923601.28,1.2246467991473532e-16,-1.0,0.0,ESTADOS UNIDOS DE AMERICA,REPOSADO,2005-06-01
8987697.68,2064096.4,266126.13,2005,6,6923601.28,1598523.75,5708725.060000001,1.2246467991473532e-16,-1.0,1.0,ESTADOS UNIDOS DE AMERICA,AÑEJO,2005-06-01
8987697.68,2064096.4,547172.97,2005,6,2064096.4,6444852.77,4493848.840000002,1.2246467991473532e-16,-1.0,1.0,ESTADOS UNIDOS DE AMERICA,BLANCO,2005-06-01
8987697.68,2064096.4,1250797.31,2005,6,2064096.4,6444852.77,3278972.6200000015,1.2246467991473532e-16,-1.0,1.0,ESTADOS UNIDOS DE AMERICA,REPOSADO,2005-06-01
7840265.76,6032631.42,112492.39,2005,7,2064096.4,6444852.77,3056230.155000001,-0.4999999999999997,-0.8660254037844388,0.0,ESTADOS UNIDOS DE AMERICA,AÑEJO,2005-07-01
7840265.76,6032631.42,942326.88,2005,7,6032631.42,6444852.77,4048363.910000001,-0.4999999999999997,-0.8660254037844388,0.0,ESTADOS UNIDOS DE AMERICA,BLANCO,2005-07-01
7840265.76,6032631.42,4617316.41,2005,7,6032631.42,1386381.02,5040497.665000002,-0.4999999999999997,-0.8660254037844388,0.0,ESTADOS UNIDOS DE AMERICA,JOVEN,2005-07-01
7840265.76,6032631.42,360495.74,2005,7,6032631.42,1386381.02,6032631.42,-0.4999999999999997,-0.8660254037844388,0.0,ESTADOS UNIDOS DE AMERICA,REPOSADO,2005-07-01
7840265.76,1807634.34,202572.74,2005,7,6032631.42,1386381.02,4976382.150000001,-0.4999999999999997,-0.8660254037844388,1.0,ESTADOS UNIDOS DE AMERICA,AÑEJO,2005-07-01
7840265.76,1807634.34,592097.18,2005,7,1807634.34,6923601.28,3920132.8800000018,-0.4999999999999997,-0.8660254037844388,1.0,ESTADOS UNIDOS DE AMERICA,BLANCO,2005-07-01
7840265.76,1807634.34,1012964.42,2005,7,1807634.34,6923601.28,2863883.6100000017,-0.4999999999999997,-0.8660254037844388,1.0,ESTADOS UNIDOS DE AMERICA,REPOSADO,2005-07-01
6617453.59,5212898.69,168340.02,2005,8,1807634.34,6923601.28,2658950.427500002,-0.8660254037844385,-0.5000000000000004,0.0,ESTADOS UNIDOS DE AMERICA,AÑEJO,2005-08-01
6617453.59,5212898.69,964776.09,2005,8,5212898.69,6923601.28,3510266.515000002,-0.8660254037844385,-0.5000000000000004,0.0,ESTADOS UNIDOS DE AMERICA,BLANCO,2005-08-01
6617453.59,5212898.69,3918268.71,2005,8,5212898.69,2064096.4,4361582.602500002,-0.8660254037844385,-0.5000000000000004,0.0,ESTADOS UNIDOS DE AMERICA,JOVEN,2005-08-01
6617453.59,5212898.69,161513.87,2005,8,5212898.69,2064096.4,5212898.69,-0.8660254037844385,-0.5000000000000004,0.0,ESTADOS UNIDOS DE AMERICA,REPOSADO,2005-08-01
6617453.59,1404554.9,281728.5,2005,8,5212898.69,2064096.4,4260812.742500002,-0.8660254037844385,-0.5000000000000004,1.0,ESTADOS UNIDOS DE AMERICA,AÑEJO,2005-08-01
6617453.59,1404554.9,506581.82,2005,8,1404554.9,6032631.42,3308726.795000002,-0.8660254037844385,-0.5000000000000004,1.0,ESTADOS UNIDOS DE AMERICA,BLANCO,2005-08-01
6617453.59,1404554.9,616244.58,2005,8,1404554.9,6032631.42,2356640.8475000015,-0.8660254037844385,-0.5000000000000004,1.0,ESTADOS UNIDOS DE AMERICA,REPOSADO,2005-08-01
7893592.62,5900870.36,235133.84,2005,9,1404554.9,6032631.42,2528633.7650000015,-1.0,-1.8369701987210297e-16,0.0,ESTADOS UNIDOS DE AMERICA,AÑEJO,2005-09-01
7893592.62,5900870.36,1159816.45,2005,9,5900870.36,6032631.42,3652712.6300000018,-1.0,-1.8369701987210297e-16,0.0,ESTADOS UNIDOS DE AMERICA,BLANCO,2005-09-01
7893592.62,5900870.36,4294691.2,2005,9,5900870.36,1807634.34,4776791.495000002,-1.0,-1.8369701987210297e-16,0.0,ESTADOS UNIDOS DE AMERICA,JOVEN,2005-09-01
7893592.62,5900870.36,211228.87,2005,9,5900870.36,1807634.34,5900870.36,-1.0,-1.8369701987210297e-16,0.0,ESTADOS UNIDOS DE AMERICA,REPOSADO,2005-09-01
7893592.62,1992722.25,235824.41,2005,9,5900870.36,1807634.34,4923833.332500001,-1.0,-1.8369701987210297e-16,1.0,ESTADOS UNIDOS DE AMERICA,AÑEJO,2005-09-01
7893592.62,1992722.25,628537.58,2005,9,1992722.25,5212898.69,3946796.305000002,-1.0,-1.8369701987210297e-16,1.0,ESTADOS UNIDOS DE AMERICA,BLANCO,2005-09-01
7893592.62,1992722.25,1128360.26,2005,9,1992722.25,5212898.69,2969759.2775000017,-1.0,-1.8369701987210297e-16,1.0,ESTADOS UNIDOS DE AMERICA,REPOSADO,2005-09-01
6669273.79,4724789.56,305183.83,2005,10,1992722.25,5212898.69,2675739.0775000015,-0.8660254037844386,0.5000000000000001,0.0,ESTADOS UNIDOS DE AMERICA,AÑEJO,2005-10-01
6669273.79,4724789.56,669274.03,2005,10,4724789.56,5212898.69,3358755.905000001,-0.8660254037844386,0.5000000000000001,0.0,ESTADOS UNIDOS DE AMERICA,BLANCO,2005-10-01
6669273.79,4724789.56,3628293.61,2005,10,4724789.56,1404554.9,4041772.7325000013,-0.8660254037844386,0.5000000000000001,0.0,ESTADOS UNIDOS DE AMERICA,JOVEN,2005-10-01
6669273.79,4724789.56,122038.09,2005,10,4724789.56,1404554.9,4724789.56,-0.8660254037844386,0.5000000000000001,0.0,ESTADOS UNIDOS DE AMERICA,REPOSADO,2005-10-01
6669273.79,1944484.24,320663.54,2005,10,4724789.56,1404554.9,4029713.2300000014,-0.8660254037844386,0.5000000000000001,1.0,ESTADOS UNIDOS DE AMERICA,AÑEJO,2005-10-01
6669273.79,1944484.24,716784.26,2005,10,1944484.24,5900870.36,3334636.9000000013,-0.8660254037844386,0.5000000000000001,1.0,ESTADOS UNIDOS DE AMERICA,BLANCO,2005-10-01
6669273.79,1944484.24,907036.43,2005,10,1944484.24,5900870.36,2639560.5700000017,-0.8660254037844386,0.5000000000000001,1.0,ESTADOS UNIDOS DE AMERICA,REPOSADO,2005-10-01
8373140.09,6466697.8,183101.84,2005,11,1944484.24,5900870.36,3075037.6300000018,-0.5000000000000004,0.8660254037844384,0.0,ESTADOS UNIDOS DE AMERICA,AÑEJO,2005-11-01
8373140.09,6466697.8,1244565.34,2005,11,6466697.8,5900870.36,4205591.020000001,-0.5000000000000004,0.8660254037844384,0.0,ESTADOS UNIDOS DE AMERICA,BLANCO,2005-11-01
8373140.09,6466697.8,4946410.61,2005,11,6466697.8,1992722.25,5336144.410000001,-0.5000000000000004,0.8660254037844384,0.0,ESTADOS UNIDOS DE AMERICA,JOVEN,2005-11-01
8373140.09,6466697.8,92620.01,2005,11,6466697.8,1992722.25,6466697.8,-0.5000000000000004,0.8660254037844384,0.0,ESTADOS UNIDOS DE AMERICA,REPOSADO,2005-11-01
8373140.09,1906442.29,174307.45,2005,11,6466697.8,1992722.25,5326633.922500001,-0.5000000000000004,0.8660254037844384,1.0,ESTADOS UNIDOS DE AMERICA,AÑEJO,2005-11-01
8373140.09,1906442.29,866292.68,2005,11,1906442.29,4724789.56,4186570.0450000013,-0.5000000000000004,0.8660254037844384,1.0,ESTADOS UNIDOS DE AMERICA,BLANCO,2005-11-01
8373140.09,1906442.29,2760.0,2005,11,1906442.29,4724789.56,3046506.1675000014,-0.5000000000000004,0.8660254037844384,1.0,ESTADOS UNIDOS DE AMERICA,JOVEN,2005-11-01
8373140.09,1906442.29,863082.16,2005,11,1906442.29,4724789.56,1906442.29,-0.5000000000000004,0.8660254037844384,1.0,ESTADOS UNIDOS DE AMERICA,REPOSADO,2005-11-01
2979555.14,1671244.26,54963.0,2005,12,1906442.29,4724789.56,1847642.7825000016,-2.4492935982947064e-16,1.0,0.0,ESTADOS UNIDOS DE AMERICA,AÑEJO,2005-12-01
2979555.14,1671244.26,504782.89,2005,12,1671244.26,1944484.24,1788843.2750000018,-2.4492935982947064e-16,1.0,0.0,ESTADOS UNIDOS DE AMERICA,BLANCO,2005-12-01
2979555.14,1671244.26,919055.89,2005,12,1671244.26,1944484.24,1730043.7675000017,-2.4492935982947064e-16,1.0,0.0,ESTADOS UNIDOS DE AMERICA,JOVEN,2005-12-01
2979555.14,1671244.26,192442.49,2005,12,1671244.26,1944484.24,1671244.26,-2.4492935982947064e-16,1.0,0.0,ESTADOS UNIDOS DE AMERICA,REPOSADO,2005-12-01
2979555.14,1308310.88,102318.04,2005,12,1671244.26,6466697.8,1580510.9150000017,-2.4492935982947064e-16,1.0,1.0,ESTADOS UNIDOS DE AMERICA,AÑEJO,2005-12-01
2979555.14,1308310.88,579971.28,2005,12,1308310.88,6466697.8,1489777.5700000015,-2.4492935982947064e-16,1.0,1.0,ESTADOS UNIDOS DE AMERICA,BLANCO,2005-12-01
2979555.14,1308310.88,626021.56,2005,12,1308310.88,6466697.8,1399044.2250000015,-2.4492935982947064e-16,1.0,1.0,ESTADOS UNIDOS DE AMERICA,REPOSADO,2005-12-01
9853587.74,7652746.19,376541.82,2006,1,1308310.88,6466697.8,2894419.7075000014,0.49999999999999994,0.8660254037844387,0.0,ESTADOS UNIDOS DE AMERICA,AÑEJO,2006-01-01
9853587.74,7652746.19,1016043.08,2006,1,7652746.19,1906442.29,4480528.535000002,0.49999999999999994,0.8660254037844387,0.0,ESTADOS UNIDOS DE AMERICA,BLANCO,2006-01-01
9853587.74,7652746.19,6032031.61,2006,1,7652746.19,1906442.29,6066637.362500002,0.49999999999999994,0.8660254037844387,0.0,ESTADOS UNIDOS DE AMERICA,JOVEN,2006-01-01
9853587.74,7652746.19,228129.68,2006,1,7652746.19,1906442.29,7652746.19,0.49999999999999994,0.8660254037844387,0.0,ESTADOS UNIDOS DE AMERICA,REPOSADO,2006-01-01
9853587.74,2200841.55,243442.93,2006,1,7652746.19,1906442.29,6289770.030000002,0.49999999999999994,0.8660254037844387,1.0,ESTADOS UNIDOS DE AMERICA,AÑEJO,2006-01-01
9853587.74,2200841.55,920546.74,2006,1,2200841.55,1671244.26,4926793.870000001,0.49999999999999994,0.8660254037844387,1.0,ESTADOS UNIDOS DE AMERICA,BLANCO,2006-01-01
9853587.74,2200841.55,1036851.88,2006,1,2200841.55,1671244.26,3563817.710000002,0.49999999999999994,0.8660254037844387,1.0,ESTADOS UNIDOS DE AMERICA,REPOSADO,2006-01-01
8597021.06,6367218.08,379217.73,2006,2,2200841.55,1671244.26,3242435.6825000015,0.8660254037844386,0.5000000000000001,0.0,ESTADOS UNIDOS DE AMERICA,AÑEJO,2006-02-01
8597021.06,6367218.08,1289495.52,2006,2,6367218.08,1671244.26,4284029.815000001,0.8660254037844386,0.5000000000000001,0.0,ESTADOS UNIDOS DE AMERICA,BLANCO,2006-02-01
8597021.06,6367218.08,4450777.4,2006,2,6367218.08,1308310.88,5325623.947500002,0.8660254037844386,0.5000000000000001,0.0,ESTADOS UNIDOS DE AMERICA,JOVEN,2006-02-01
8597021.06,6367218.08,247727.43,2006,2,6367218.08,1308310.88,6367218.08,0.8660254037844386,0.5000000000000001,0.0,ESTADOS UNIDOS DE AMERICA,REPOSADO,2006-02-01
8597021.06,2229802.98,228159.37,2006,2,6367218.08,1308310.88,5332864.305000002,0.8660254037844386,0.5000000000000001,1.0,ESTADOS UNIDOS DE AMERICA,AÑEJO,2006-02-01
8597021.06,2229802.98,945077.51,2006,2,2229802.98,7652746.19,4298510.530000001,0.8660254037844386,0.5000000000000001,1.0,ESTADOS UNIDOS DE AMERICA,BLANCO,2006-02-01
8597021.06,2229802.98,1056566.1,2006,2,2229802.98,7652746.19,3264156.7550000018,0.8660254037844386,0.5000000000000001,1.0,ESTADOS UNIDOS DE AMERICA,REPOSADO,2006-02-01
9048461.7,6498306.61,111384.8,2006,3,2229802.98,7652746.19,3296928.887500002,1.0,6.123233995736766e-17,0.0,ESTADOS UNIDOS DE AMERICA,AÑEJO,2006-03-01
9048461.7,6498306.61,1237253.28,2006,3,6498306.61,7652746.19,4364054.795000002,1.0,6.123233995736766e-17,0.0,ESTADOS UNIDOS DE AMERICA,BLANCO,2006-03-01
9048461.7,6498306.61,4821812.62,2006,3,6498306.61,2200841.55,5431180.7025000015,1.0,6.123233995736766e-17,0.0,ESTADOS UNIDOS DE AMERICA,JOVEN,2006-03-01
9048461.7,6498306.61,327855.91,2006,3,6498306.61,2200841.55,6498306.61,1.0,6.123233995736766e-17,0.0,ESTADOS UNIDOS DE AMERICA,REPOSADO,2006-03-01
9048461.7,2550155.1,352129.23,2006,3,6498306.61,2200841.55,5511268.732500002,1.0,6.123233995736766e-17,1.0,ESTADOS UNIDOS DE AMERICA,AÑEJO,2006-03-01
9048461.7,2550155.1,1026216.29,2006,3,2550155.1,6367218.08,4524230.855000002,1.0,6.123233995736766e-17,1.0,ESTADOS UNIDOS DE AMERICA,BLANCO,2006-03-01
9048461.7,2550155.1,51.3,2006,3,2550155.1,6367218.08,3537192.977500002,1.0,6.123233995736766e-17,1.0,ESTADOS UNIDOS DE AMERICA,JOVEN,2006-03-01
9048461.7,2550155.1,1171758.28,2006,3,2550155.1,6367218.08,2550155.1,1.0,6.123233995736766e-17,1.0,ESTADOS UNIDOS DE AMERICA,REPOSADO,2006-03-01
9353082.35,7373226.37,215374.27,2006,4,2550155.1,6367218.08,3755922.917500002,0.8660254037844387,-0.4999999999999998,0.0,ESTADOS UNIDOS DE AMERICA,AÑEJO,2006-04-01
9353082.35,7373226.37,936605.99,2006,4,7373226.37,2229802.98,4961690.735000002,0.8660254037844387,-0.4999999999999998,0.0,ESTADOS UNIDOS DE AMERICA,BLANCO,2006-04-01
9353082.35,7373226.37,5856083.94,2006,4,7373226.37,2229802.98,6167458.552500002,0.8660254037844387,-0.4999999999999998,0.0,ESTADOS UNIDOS DE AMERICA,JOVEN,2006-04-01
9353082.35,7373226.37,365162.18,2006,4,7373226.37,2229802.98,7373226.37,0.8660254037844387,-0.4999999999999998,0.0,ESTADOS UNIDOS DE AMERICA,REPOSADO,2006-04-01
9353082.35,1979855.98,317647.65,2006,4,7373226.37,6498306.61,6024883.772500002,0.8660254037844387,-0.4999999999999998,1.0,ESTADOS UNIDOS DE AMERICA,AÑEJO,2006-04-01
9353082.35,1979855.98,640002.78,2006,4,1979855.98,6498306.61,4676541.175000002,0.8660254037844387,-0.4999999999999998,1.0,ESTADOS UNIDOS DE AMERICA,BLANCO,2006-04-01
9353082.35,1979855.98,1022205.55,2006,4,1979855.98,6498306.61,3328198.5775000015,0.8660254037844387,-0.4999999999999998,1.0,ESTADOS UNIDOS DE AMERICA,REPOSADO,2006-04-01
10483418.87,7967996.45,128372.86,2006,5,1979855.98,6498306.61,3476891.0975000015,0.49999999999999994,-0.8660254037844387,0.0,ESTADOS UNIDOS DE AMERICA,AÑEJO,2006-05-01
10483418.87,7967996.45,1260043.51,2006,5,7967996.45,2550155.1,4973926.215000002,0.49999999999999994,-0.8660254037844387,0.0,ESTADOS UNIDOS DE AMERICA,BLANCO,2006-05-01
10483418.87,7967996.45,6379493.4,2006,5,7967996.45,2550155.1,6470961.332500001,0.49999999999999994,-0.8660254037844387,0.0,ESTADOS UNIDOS DE AMERICA,JOVEN,2006-05-01
10483418.87,7967996.45,200086.67,2006,5,7967996.45,2550155.1,7967996.45,0.49999999999999994,-0.8660254037844387,0.0,ESTADOS UNIDOS DE AMERICA,REPOSADO,2006-05-01
10483418.87,2515422.42,243730.85,2006,5,7967996.45,2550155.1,6604852.942500002,0.49999999999999994,-0.8660254037844387,1.0,ESTADOS UNIDOS DE AMERICA,AÑEJO,2006-05-01
10483418.87,2515422.42,945582.63,2006,5,2515422.42,7373226.37,5241709.435000001,0.49999999999999994,-0.8660254037844387,1.0,ESTADOS UNIDOS DE AMERICA,BLANCO,2006-05-01
10483418.87,2515422.42,1326108.94,2006,5,2515422.42,7373226.37,3878565.927500001,0.49999999999999994,-0.8660254037844387,1.0,ESTADOS UNIDOS DE AMERICA,REPOSADO,2006-05-01
7318435.78,5173859.75,96540.48,2006,6,2515422.42,7373226.37,3180031.7525000013,1.2246467991473532e-16,-1.0,0.0,ESTADOS UNIDOS DE AMERICA,AÑEJO,2006-06-01
7318435.78,5173859.75,1153902.45,2006,6,5173859.75,7373226.37,3844641.0850000014,1.2246467991473532e-16,-1.0,0.0,ESTADOS UNIDOS DE AMERICA,BLANCO,2006-06-01
7318435.78,5173859.75,3668375.45,2006,6,5173859.75,1979855.98,4509250.417500001,1.2246467991473532e-16,-1.0,0.0,ESTADOS UNIDOS DE AMERICA,JOVEN,2006-06-01
7318435.78,5173859.75,255041.37,2006,6,5173859.75,1979855.98,5173859.75,1.2246467991473532e-16,-1.0,0.0,ESTADOS UNIDOS DE AMERICA,REPOSADO,2006-06-01
7318435.78,2144576.03,259448.55,2006,6,5173859.75,1979855.98,4416538.820000001,1.2246467991473532e-16,-1.0,1.0,ESTADOS UNIDOS DE AMERICA,AÑEJO,2006-06-01
7318435.78,2144576.03,749122.07,2006,6,2144576.03,7967996.45,3659217.8900000015,1.2246467991473532e-16,-1.0,1.0,ESTADOS UNIDOS DE AMERICA,BLANCO,2006-06-01
7318435.78,2144576.03,1136005.41,2006,6,2144576.03,7967996.45,2901896.9600000014,1.2246467991473532e-16,-1.0,1.0,ESTADOS UNIDOS DE AMERICA,REPOSADO,2006-06-01
9326949.15,7186474.32,183887.85,2006,7,2144576.03,7967996.45,3405050.6025000014,-0.4999999999999997,-0.8660254037844388,0.0,ESTADOS UNIDOS DE AMERICA,AÑEJO,2006-07-01
9326949.15,7186474.32,1223387.54,2006,7,7186474.32,7967996.45,4665525.175000002,-0.4999999999999997,-0.8660254037844388,0.0,ESTADOS UNIDOS DE AMERICA,BLANCO,2006-07-01
9326949.15,7186474.32,5686119.09,2006,7,7186474.32,2515422.42,5925999.747500001,-0.4999999999999997,-0.8660254037844388,0.0,ESTADOS UNIDOS DE AMERICA,JOVEN,2006-07-01
9326949.15,7186474.32,93079.84,2006,7,7186474.32,2515422.42,7186474.32,-0.4999999999999997,-0.8660254037844388,0.0,ESTADOS UNIDOS DE AMERICA,REPOSADO,2006-07-01
9326949.15,2140474.84,271035.6,2006,7,7186474.32,2515422.42,5924974.450000002,-0.4999999999999997,-0.8660254037844388,1.0,ESTADOS UNIDOS DE AMERICA,AÑEJO,2006-07-01
9326949.15,2140474.84,818352.23,2006,7,2140474.84,5173859.75,4663474.580000002,-0.4999999999999997,-0.8660254037844388,1.0,ESTADOS UNIDOS DE AMERICA,BLANCO,2006-07-01
9326949.15,2140474.84,1051087.01,2006,7,2140474.84,5173859.75,3401974.7100000014,-0.4999999999999997,-0.8660254037844388,1.0,ESTADOS UNIDOS DE AMERICA,REPOSADO,2006-07-01
10214379.94,7776885.72,169291.3,2006,8,2140474.84,5173859.75,3549577.5600000015,-0.8660254037844385,-0.5000000000000004,0.0,ESTADOS UNIDOS DE AMERICA,AÑEJO,2006-08-01
10214379.94,7776885.72,1441692.29,2006,8,7776885.72,5173859.75,4958680.280000001,-0.8660254037844385,-0.5000000000000004,0.0,ESTADOS UNIDOS DE AMERICA,BLANCO,2006-08-01
10214379.94,7776885.72,6035555.67,2006,8,7776885.72,2144576.03,6367783.000000001,-0.8660254037844385,-0.5000000000000004,0.0,ESTADOS UNIDOS DE AMERICA,JOVEN,2006-08-01
10214379.94,7776885.72,130346.46,2006,8,7776885.72,2144576.03,7776885.72,-0.8660254037844385,-0.5000000000000004,0.0,ESTADOS UNIDOS DE AMERICA,REPOSADO,2006-08-01
10214379.94,2437494.22,350305.63,2006,8,7776885.72,2144576.03,6442037.845000002,-0.8660254037844385,-0.5000000000000004,1.0,ESTADOS UNIDOS DE AMERICA,AÑEJO,2006-08-01
10214379.94,2437494.22,986681.89,2006,8,2437494.22,7186474.32,5107189.970000001,-0.8660254037844385,-0.5000000000000004,1.0,ESTADOS UNIDOS DE AMERICA,BLANCO,2006-08-01
10214379.94,2437494.22,3839.99,2006,8,2437494.22,7186474.32,3772342.095000001,-0.8660254037844385,-0.5000000000000004,1.0,ESTADOS UNIDOS DE AMERICA,JOVEN,2006-08-01
10214379.94,2437494.22,1096666.71,2006,8,2437494.22,7186474.32,2437494.22,-0.8660254037844385,-0.5000000000000004,1.0,ESTADOS UNIDOS DE AMERICA,REPOSADO,2006-08-01
8132281.84,6285835.08,202251.55,2006,9,2437494.22,7186474.32,3399579.4350000015,-1.0,-1.8369701987210297e-16,0.0,ESTADOS UNIDOS DE AMERICA,AÑEJO,2006-09-01
8132281.84,6285835.08,1040370.59,2006,9,6285835.08,2140474.84,4361664.650000002,-1.0,-1.8369701987210297e-16,0.0,ESTADOS UNIDOS DE AMERICA,BLANCO,2006-09-01
8132281.84,6285835.08,4779542.93,2006,9,6285835.08,2140474.84,5323749.865000002,-1.0,-1.8369701987210297e-16,0.0,ESTADOS UNIDOS DE AMERICA,JOVEN,2006-09-01
8132281.84,6285835.08,263670.02,2006,9,6285835.08,2140474.84,6285835.08,-1.0,-1.8369701987210297e-16,0.0,ESTADOS UNIDOS DE AMERICA,REPOSADO,2006-09-01
8132281.84,1846446.76,257416.19,2006,9,6285835.08,7776885.72,5175988.000000002,-1.0,-1.8369701987210297e-16,1.0,ESTADOS UNIDOS DE AMERICA,AÑEJO,2006-09-01
8132281.84,1846446.76,834526.99,2006,9,1846446.76,7776885.72,4066140.9200000013,-1.0,-1.8369701987210297e-16,1.0,ESTADOS UNIDOS DE AMERICA,BLANCO,2006-09-01
8132281.84,1846446.76,805.5,2006,9,1846446.76,7776885.72,2956293.8400000012,-1.0,-1.8369701987210297e-16,1.0,ESTADOS UNIDOS DE AMERICA,EXTRA AÑEJO,2006-09-01
8132281.84,1846446.76,1839.0,2006,9,1846446.76,7776885.72,1846446.76,-1.0,-1.8369701987210297e-16,1.0,ESTADOS UNIDOS DE AMERICA,JOVEN,2006-09-01
8132281.84,1846446.76,751859.08,2006,9,1846446.76,2437494.22,1846446.76,-1.0,-1.8369701987210297e-16,1.0,ESTADOS UNIDOS DE AMERICA,REPOSADO,2006-09-01
10066466.0,8087427.28,211963.3,2006,10,1846446.76,2437494.22,3406691.8900000015,-0.8660254037844386,0.5000000000000001,0.0,ESTADOS UNIDOS DE AMERICA,AÑEJO,2006-10-01
10066466.0,8087427.28,1282909.29,2006,10,8087427.28,2437494.22,4966937.020000001,-0.8660254037844386,0.5000000000000001,0.0,ESTADOS UNIDOS DE AMERICA,BLANCO,2006-10-01
10066466.0,8087427.28,6249529.06,2006,10,8087427.28,2437494.22,6527182.150000002,-0.8660254037844386,0.5000000000000001,0.0,ESTADOS UNIDOS DE AMERICA,JOVEN,2006-10-01
10066466.0,8087427.28,343025.63,2006,10,8087427.28,6285835.08,8087427.28,-0.8660254037844386,0.5000000000000001,0.0,ESTADOS UNIDOS DE AMERICA,REPOSADO,2006-10-01
10066466.0,1979038.72,288104.37,2006,10,8087427.28,6285835.08,6560330.1400000015,-0.8660254037844386,0.5000000000000001,1.0,ESTADOS UNIDOS DE AMERICA,AÑEJO,2006-10-01
10066466.0,1979038.72,942457.5,2006,10,1979038.72,6285835.08,5033233.000000002,-0.8660254037844386,0.5000000000000001,1.0,ESTADOS UNIDOS DE AMERICA,BLANCO,2006-10-01
10066466.0,1979038.72,562.5,2006,10,1979038.72,6285835.08,3506135.8600000017,-0.8660254037844386,0.5000000000000001,1.0,ESTADOS UNIDOS DE AMERICA,EXTRA AÑEJO,2006-10-01
10066466.0,1979038.72,747914.35,2006,10,1979038.72,1846446.76,1979038.72,-0.8660254037844386,0.5000000000000001,1.0,ESTADOS UNIDOS DE AMERICA,REPOSADO,2006-10-01
8671386.29,6574962.92,164114.82,2006,11,1979038.72,1846446.76,3128019.7700000014,-0.5000000000000004,0.8660254037844384,0.0,ESTADOS UNIDOS DE AMERICA,AÑEJO,2006-11-01
8671386.29,6574962.92,1090473.85,2006,11,6574962.92,1846446.76,4277000.820000001,-0.5000000000000004,0.8660254037844384,0.0,ESTADOS UNIDOS DE AMERICA,BLANCO,2006-11-01
8671386.29,6574962.92,5003149.02,2006,11,6574962.92,1846446.76,5425981.870000001,-0.5000000000000004,0.8660254037844384,0.0,ESTADOS UNIDOS DE AMERICA,JOVEN,2006-11-01
8671386.29,6574962.92,317225.23,2006,11,6574962.92,1846446.76,6574962.92,-0.5000000000000004,0.8660254037844384,0.0,ESTADOS UNIDOS DE AMERICA,REPOSADO,2006-11-01
8671386.29,2096423.37,237601.38,2006,11,6574962.92,8087427.28,5455328.032500002,-0.5000000000000004,0.8660254037844384,1.0,ESTADOS UNIDOS DE AMERICA,AÑEJO,2006-11-01
8671386.29,2096423.37,968456.55,2006,11,2096423.37,8087427.28,4335693.145000001,-0.5000000000000004,0.8660254037844384,1.0,ESTADOS UNIDOS DE AMERICA,BLANCO,2006-11-01
8671386.29,2096423.37,37402.49,2006,11,2096423.37,8087427.28,3216058.257500001,-0.5000000000000004,0.8660254037844384,1.0,ESTADOS UNIDOS DE AMERICA,JOVEN,2006-11-01
8671386.29,2096423.37,852962.95,2006,11,2096423.37,8087427.28,2096423.37,-0.5000000000000004,0.8660254037844384,1.0,ESTADOS UNIDOS DE AMERICA,REPOSADO,2006-11-01
6695004.49,5322457.29,221177.96,2006,12,2096423.37,1979038.72,2902931.8500000015,-2.4492935982947064e-16,1.0,0.0,ESTADOS UNIDOS DE AMERICA,AÑEJO,2006-12-01
6695004.49,5322457.29,721104.91,2006,12,5322457.29,1979038.72,3709440.330000001,-2.4492935982947064e-16,1.0,0.0,ESTADOS UNIDOS DE AMERICA,BLANCO,2006-12-01
6695004.49,5322457.29,4280811.52,2006,12,5322457.29,1979038.72,4515948.810000001,-2.4492935982947064e-16,1.0,0.0,ESTADOS UNIDOS DE AMERICA,JOVEN,2006-12-01
6695004.49,5322457.29,99362.89,2006,12,5322457.29,1979038.72,5322457.29,-2.4492935982947064e-16,1.0,0.0,ESTADOS UNIDOS DE AMERICA,REPOSADO,2006-12-01
6695004.49,1372547.21,252180.89,2006,12,5322457.29,6574962.92,4334979.770000001,-2.4492935982947064e-16,1.0,1.0,ESTADOS UNIDOS DE AMERICA,AÑEJO,2006-12-01
6695004.49,1372547.21,633555.21,2006,12,1372547.21,6574962.92,3347502.250000002,-2.4492935982947064e-16,1.0,1.0,ESTADOS UNIDOS DE AMERICA,BLANCO,2006-12-01
6695004.49,1372547.21,483.75,2006,12,1372547.21,6574962.92,2360024.7300000014,-2.4492935982947064e-16,1.0,1.0,ESTADOS UNIDOS DE AMERICA,EXTRA AÑEJO,2006-12-01
6695004.49,1372547.21,486327.35,2006,12,1372547.21,6574962.92,1372547.21,-2.4492935982947064e-16,1.0,1.0,ESTADOS UNIDOS DE AMERICA,REPOSADO,2006-12-01
9782055.59,6903361.57,144409.5,2007,1,1372547.21,2096423.37,2755250.8000000017,0.49999999999999994,0.8660254037844387,0.0,ESTADOS UNIDOS DE AMERICA,AÑEJO,2007-01-01
9782055.59,6903361.57,962343.31,2007,1,6903361.57,2096423.37,4137954.3900000015,0.49999999999999994,0.8660254037844387,0.0,ESTADOS UNIDOS DE AMERICA,BLANCO,2007-01-01
9782055.59,6903361.57,5651276.75,2007,1,6903361.57,2096423.37,5520657.980000001,0.49999999999999994,0.8660254037844387,0.0,ESTADOS UNIDOS DE AMERICA,JOVEN,2007-01-01
9782055.59,6903361.57,145332.0,2007,1,6903361.57,2096423.37,6903361.57,0.49999999999999994,0.8660254037844387,0.0,ESTADOS UNIDOS DE AMERICA,REPOSADO,2007-01-01
9782055.59,2878694.03,269088.0,2007,1,6903361.57,5322457.29,5897194.685000001,0.49999999999999994,0.8660254037844387,1.0,ESTADOS UNIDOS DE AMERICA,AÑEJO,2007-01-01
9782055.59,2878694.03,1256458.05,2007,1,2878694.03,5322457.29,4891027.800000001,0.49999999999999994,0.8660254037844387,1.0,ESTADOS UNIDOS DE AMERICA,BLANCO,2007-01-01
9782055.59,2878694.03,2196.38,2007,1,2878694.03,5322457.29,3884860.915000001,0.49999999999999994,0.8660254037844387,1.0,ESTADOS UNIDOS DE AMERICA,EXTRA AÑEJO,2007-01-01
9782055.59,2878694.03,1350951.6,2007,1,2878694.03,5322457.29,2878694.03,0.49999999999999994,0.8660254037844387,1.0,ESTADOS UNIDOS DE AMERICA,REPOSADO,2007-01-01
8411265.13,6243061.6,124197.0,2007,2,2878694.03,1372547.21,3719785.9225000013,0.8660254037844386,0.5000000000000001,0.0,ESTADOS UNIDOS DE AMERICA,AÑEJO,2007-02-01
8411265.13,6243061.6,1321175.49,2007,2,6243061.6,1372547.21,4560877.815000001,0.8660254037844386,0.5000000000000001,0.0,ESTADOS UNIDOS DE AMERICA,BLANCO,2007-02-01
8411265.13,6243061.6,4575855.46,2007,2,6243061.6,1372547.21,5401969.707500001,0.8660254037844386,0.5000000000000001,0.0,ESTADOS UNIDOS DE AMERICA,JOVEN,2007-02-01
8411265.13,6243061.6,221833.65,2007,2,6243061.6,1372547.21,6243061.6,0.8660254037844386,0.5000000000000001,0.0,ESTADOS UNIDOS DE AMERICA,REPOSADO,2007-02-01
8411265.13,2168203.54,240066.97,2007,2,6243061.6,6903361.57,5224347.085000001,0.8660254037844386,0.5000000000000001,1.0,ESTADOS UNIDOS DE AMERICA,AÑEJO,2007-02-01
8411265.13,2168203.54,1048653.21,2007,2,2168203.54,6903361.57,4205632.570000001,0.8660254037844386,0.5000000000000001,1.0,ESTADOS UNIDOS DE AMERICA,BLANCO,2007-02-01
8411265.13,2168203.54,675.0,2007,2,2168203.54,6903361.57,3186918.0550000016,0.8660254037844386,0.5000000000000001,1.0,ESTADOS UNIDOS DE AMERICA,EXTRA AÑEJO,2007-02-01
8411265.13,2168203.54,7560.0,2007,2,2168203.54,6903361.57,2168203.54,0.8660254037844386,0.5000000000000001,1.0,ESTADOS UNIDOS DE AMERICA,JOVEN,2007-02-01
8411265.13,2168203.54,871248.36,2007,2,2168203.54,2878694.03,2168203.54,0.8660254037844386,0.5000000000000001,1.0,ESTADOS UNIDOS DE AMERICA,REPOSADO,2007-02-01
9778541.01,7254277.01,203720.99,2007,3,2168203.54,2878694.03,3439721.9075000016,1.0,6.123233995736766e-17,0.0,ESTADOS UNIDOS DE AMERICA,AÑEJO,2007-03-01
9778541.01,7254277.01,1012571.91,2007,3,7254277.01,2878694.03,4711240.275000001,1.0,6.123233995736766e-17,0.0,ESTADOS UNIDOS DE AMERICA,BLANCO,2007-03-01
9778541.01,7254277.01,5662840.46,2007,3,7254277.01,2878694.03,5982758.642500001,1.0,6.123233995736766e-17,0.0,ESTADOS UNIDOS DE AMERICA,JOVEN,2007-03-01
9778541.01,7254277.01,375143.65,2007,3,7254277.01,6243061.6,7254277.01,1.0,6.123233995736766e-17,0.0,ESTADOS UNIDOS DE AMERICA,REPOSADO,2007-03-01
9778541.01,2524264.0,222180.05,2007,3,7254277.01,6243061.6,6071773.757500001,1.0,6.123233995736766e-17,1.0,ESTADOS UNIDOS DE AMERICA,AÑEJO,2007-03-01
9778541.01,2524264.0,1179853.35,2007,3,2524264.0,6243061.6,4889270.505000002,1.0,6.123233995736766e-17,1.0,ESTADOS UNIDOS DE AMERICA,BLANCO,2007-03-01
9778541.01,2524264.0,2225.25,2007,3,2524264.0,6243061.6,3706767.2525000013,1.0,6.123233995736766e-17,1.0,ESTADOS UNIDOS DE AMERICA,EXTRA AÑEJO,2007-03-01
9778541.01,2524264.0,32760.0,2007,3,2524264.0,2168203.54,2524264.0,1.0,6.123233995736766e-17,1.0,ESTADOS UNIDOS DE AMERICA,JOVEN,2007-03-01
9778541.01,2524264.0,1087245.35,2007,3,2524264.0,2168203.54,2524264.0,1.0,6.123233995736766e-17,1.0,ESTADOS UNIDOS DE AMERICA,REPOSADO,2007-03-01
6995341.81,5012063.37,196368.0,2007,4,2524264.0,2168203.54,3146213.842500001,0.8660254037844387,-0.4999999999999998,0.0,ESTADOS UNIDOS DE AMERICA,AÑEJO,2007-04-01
6995341.81,5012063.37,837315.18,2007,4,5012063.37,2168203.54,3768163.6850000015,0.8660254037844387,-0.4999999999999998,0.0,ESTADOS UNIDOS DE AMERICA,BLANCO,2007-04-01
6995341.81,5012063.37,3780700.49,2007,4,5012063.37,2168203.54,4390113.527500002,0.8660254037844387,-0.4999999999999998,0.0,ESTADOS UNIDOS DE AMERICA,JOVEN,2007-04-01
6995341.81,5012063.37,197679.7,2007,4,5012063.37,7254277.01,5012063.37,0.8660254037844387,-0.4999999999999998,0.0,ESTADOS UNIDOS DE AMERICA,REPOSADO,2007-04-01
6995341.81,1983278.45,317123.93,2007,4,5012063.37,7254277.01,4254867.1400000015,0.8660254037844387,-0.4999999999999998,1.0,ESTADOS UNIDOS DE AMERICA,AÑEJO,2007-04-01
6995341.81,1983278.45,924879.9,2007,4,1983278.45,7254277.01,3497670.9100000015,0.8660254037844387,-0.4999999999999998,1.0,ESTADOS UNIDOS DE AMERICA,BLANCO,2007-04-01
6995341.81,1983278.45,2146.5,2007,4,1983278.45,7254277.01,2740474.6800000016,0.8660254037844387,-0.4999999999999998,1.0,ESTADOS UNIDOS DE AMERICA,EXTRA AÑEJO,2007-04-01
6995341.81,1983278.45,21120.0,2007,4,1983278.45,2524264.0,1983278.45,0.8660254037844387,-0.4999999999999998,1.0,ESTADOS UNIDOS DE AMERICA,JOVEN,2007-04-01
6995341.81,1983278.45,718008.12,2007,4,1983278.45,2524264.0,1983278.45,0.8660254037844387,-0.4999999999999998,1.0,ESTADOS UNIDOS DE AMERICA,REPOSADO,2007-04-01
8405596.91,5605557.08,251634.75,2007,5,1983278.45,2524264.0,2888848.1075000013,0.49999999999999994,-0.8660254037844387,0.0,ESTADOS UNIDOS DE AMERICA,AÑEJO,2007-05-01
8405596.91,5605557.08,1054391.15,2007,5,5605557.08,2524264.0,3794417.7650000015,0.49999999999999994,-0.8660254037844387,0.0,ESTADOS UNIDOS DE AMERICA,BLANCO,2007-05-01
8405596.91,5605557.08,4136613.7,2007,5,5605557.08,2524264.0,4699987.422500001,0.49999999999999994,-0.8660254037844387,0.0,ESTADOS UNIDOS DE AMERICA,JOVEN,2007-05-01
8405596.91,5605557.08,162917.48,2007,5,5605557.08,5012063.37,5605557.08,0.49999999999999994,-0.8660254037844387,0.0,ESTADOS UNIDOS DE AMERICA,REPOSADO,2007-05-01
8405596.91,2800039.83,318860.92,2007,5,5605557.08,5012063.37,4904177.767500002,0.49999999999999994,-0.8660254037844387,1.0,ESTADOS UNIDOS DE AMERICA,AÑEJO,2007-05-01
8405596.91,2800039.83,1138161.75,2007,5,2800039.83,5012063.37,4202798.455000002,0.49999999999999994,-0.8660254037844387,1.0,ESTADOS UNIDOS DE AMERICA,BLANCO,2007-05-01
8405596.91,2800039.83,2452.5,2007,5,2800039.83,5012063.37,3501419.1425000015,0.49999999999999994,-0.8660254037844387,1.0,ESTADOS UNIDOS DE AMERICA,EXTRA AÑEJO,2007-05-01
8405596.91,2800039.83,43555.5,2007,5,2800039.83,1983278.45,2800039.83,0.49999999999999994,-0.8660254037844387,1.0,ESTADOS UNIDOS DE AMERICA,JOVEN,2007-05-01
8405596.91,2800039.83,1297009.16,2007,5,2800039.83,1983278.45,2800039.83,0.49999999999999994,-0.8660254037844387,1.0,ESTADOS UNIDOS DE AMERICA,REPOSADO,2007-05-01
7855132.93,4149589.71,93735.0,2007,6,2800039.83,1983278.45,3137427.3000000017,1.2246467991473532e-16,-1.0,0.0,ESTADOS UNIDOS DE AMERICA,AÑEJO,2007-06-01
7855132.93,4149589.71,1039304.55,2007,6,4149589.71,1983278.45,3474814.7700000014,1.2246467991473532e-16,-1.0,0.0,ESTADOS UNIDOS DE AMERICA,BLANCO,2007-06-01
7855132.93,4149589.71,2758368.35,2007,6,4149589.71,1983278.45,3812202.240000001,1.2246467991473532e-16,-1.0,0.0,ESTADOS UNIDOS DE AMERICA,JOVEN,2007-06-01
7855132.93,4149589.71,258181.81,2007,6,4149589.71,5605557.08,4149589.71,1.2246467991473532e-16,-1.0,0.0,ESTADOS UNIDOS DE AMERICA,REPOSADO,2007-06-01
7855132.93,3705543.22,257741.75,2007,6,4149589.71,5605557.08,4038578.087500002,1.2246467991473532e-16,-1.0,1.0,ESTADOS UNIDOS DE AMERICA,AÑEJO,2007-06-01
7855132.93,3705543.22,1258077.46,2007,6,3705543.22,5605557.08,3927566.4650000017,1.2246467991473532e-16,-1.0,1.0,ESTADOS UNIDOS DE AMERICA,BLANCO,2007-06-01
7855132.93,3705543.22,3615.0,2007,6,3705543.22,5605557.08,3816554.842500001,1.2246467991473532e-16,-1.0,1.0,ESTADOS UNIDOS DE AMERICA,EXTRA AÑEJO,2007-06-01
7855132.93,3705543.22,12202.5,2007,6,3705543.22,2800039.83,3705543.22,1.2246467991473532e-16,-1.0,1.0,ESTADOS UNIDOS DE AMERICA,JOVEN,2007-06-01
7855132.93,3705543.22,2173906.51,2007,6,3705543.22,2800039.83,3705543.22,1.2246467991473532e-16,-1.0,1.0,ESTADOS UNIDOS DE AMERICA,REPOSADO,2007-06-01
10813675.96,8359837.36,160701.0,2007,7,3705543.22,2800039.83,4869116.755000002,-0.4999999999999997,-0.8660254037844388,0.0,ESTADOS UNIDOS DE AMERICA,AÑEJO,2007-07-01
10813675.96,8359837.36,1085072.1,2007,7,8359837.36,2800039.83,6032690.290000002,-0.4999999999999997,-0.8660254037844388,0.0,ESTADOS UNIDOS DE AMERICA,BLANCO,2007-07-01
10813675.96,8359837.36,6897680.09,2007,7,8359837.36,2800039.83,7196263.825000001,-0.4999999999999997,-0.8660254037844388,0.0,ESTADOS UNIDOS DE AMERICA,JOVEN,2007-07-01
10813675.96,8359837.36,216384.17,2007,7,8359837.36,4149589.71,8359837.36,-0.4999999999999997,-0.8660254037844388,0.0,ESTADOS UNIDOS DE AMERICA,REPOSADO,2007-07-01
10813675.96,2453838.6,192819.0,2007,7,8359837.36,4149589.71,6883337.670000002,-0.4999999999999997,-0.8660254037844388,1.0,ESTADOS UNIDOS DE AMERICA,AÑEJO,2007-07-01
10813675.96,2453838.6,1433998.8,2007,7,2453838.6,4149589.71,5406837.980000002,-0.4999999999999997,-0.8660254037844388,1.0,ESTADOS UNIDOS DE AMERICA,BLANCO,2007-07-01
10813675.96,2453838.6,1336.5,2007,7,2453838.6,4149589.71,3930338.2900000014,-0.4999999999999997,-0.8660254037844388,1.0,ESTADOS UNIDOS DE AMERICA,EXTRA AÑEJO,2007-07-01
10813675.96,2453838.6,612.0,2007,7,2453838.6,3705543.22,2453838.6,-0.4999999999999997,-0.8660254037844388,1.0,ESTADOS UNIDOS DE AMERICA,JOVEN,2007-07-01
10813675.96,2453838.6,825072.3,2007,7,2453838.6,3705543.22,2453838.6,-0.4999999999999997,-0.8660254037844388,1.0,ESTADOS UNIDOS DE AMERICA,REPOSADO,2007-07-01
10588240.32,8065644.07,136132.5,2007,8,2453838.6,3705543.22,3856789.967500001,-0.8660254037844385,-0.5000000000000004,0.0,ESTADOS UNIDOS DE AMERICA,AÑEJO,2007-08-01
10588240.32,8065644.07,1324066.23,2007,8,8065644.07,3705543.22,5259741.335000002,-0.8660254037844385,-0.5000000000000004,0.0,ESTADOS UNIDOS DE AMERICA,BLANCO,2007-08-01
10588240.32,8065644.07,92.25,2007,8,8065644.07,3705543.22,6662692.7025000015,-0.8660254037844385,-0.5000000000000004,0.0,ESTADOS UNIDOS DE AMERICA,EXTRA AÑEJO,2007-08-01
10588240.32,8065644.07,6234936.53,2007,8,8065644.07,8359837.36,8065644.07,-0.8660254037844385,-0.5000000000000004,0.0,ESTADOS UNIDOS DE AMERICA,JOVEN,2007-08-01
10588240.32,8065644.07,370416.57,2007,8,8065644.07,8359837.36,8065644.07,-0.8660254037844385,-0.5000000000000004,0.0,ESTADOS UNIDOS DE AMERICA,REPOSADO,2007-08-01
10588240.32,2522596.25,339449.23,2007,8,8065644.07,8359837.36,6679882.115000002,-0.8660254037844385,-0.5000000000000004,1.0,ESTADOS UNIDOS DE AMERICA,AÑEJO,2007-08-01
10588240.32,2522596.25,1200730.25,2007,8,2522596.25,8359837.36,5294120.160000002,-0.8660254037844385,-0.5000000000000004,1.0,ESTADOS UNIDOS DE AMERICA,BLANCO,2007-08-01
10588240.32,2522596.25,6277.5,2007,8,2522596.25,2453838.6,3908358.205000001,-0.8660254037844385,-0.5000000000000004,1.0,ESTADOS UNIDOS DE AMERICA,EXTRA AÑEJO,2007-08-01
10588240.32,2522596.25,24420.0,2007,8,2522596.25,2453838.6,2522596.25,-0.8660254037844385,-0.5000000000000004,1.0,ESTADOS UNIDOS DE AMERICA,JOVEN,2007-08-01
10588240.32,2522596.25,951719.27,2007,8,2522596.25,2453838.6,2522596.25,-0.8660254037844385,-0.5000000000000004,1.0,ESTADOS UNIDOS DE AMERICA,REPOSADO,2007-08-01
7762097.49,4778281.26,108390.0,2007,9,2522596.25,2453838.6,3086517.5025000013,-1.0,-1.8369701987210297e-16,0.0,ESTADOS UNIDOS DE AMERICA,AÑEJO,2007-09-01
7762097.49,4778281.26,1304696.93,2007,9,4778281.26,2453838.6,3650438.755000001,-1.0,-1.8369701987210297e-16,0.0,ESTADOS UNIDOS DE AMERICA,BLANCO,2007-09-01
7762097.49,4778281.26,3114381.74,2007,9,4778281.26,8065644.07,4214360.007500001,-1.0,-1.8369701987210297e-16,0.0,ESTADOS UNIDOS DE AMERICA,JOVEN,2007-09-01
7762097.49,4778281.26,250812.59,2007,9,4778281.26,8065644.07,4778281.26,-1.0,-1.8369701987210297e-16,0.0,ESTADOS UNIDOS DE AMERICA,REPOSADO,2007-09-01
7762097.49,2983816.22,340470.28,2007,9,4778281.26,8065644.07,4329665.000000001,-1.0,-1.8369701987210297e-16,1.0,ESTADOS UNIDOS DE AMERICA,AÑEJO,2007-09-01
7762097.49,2983816.22,1235949.23,2007,9,2983816.22,8065644.07,3881048.740000001,-1.0,-1.8369701987210297e-16,1.0,ESTADOS UNIDOS DE AMERICA,BLANCO,2007-09-01
7762097.49,2983816.22,576.0,2007,9,2983816.22,8065644.07,3432432.4800000014,-1.0,-1.8369701987210297e-16,1.0,ESTADOS UNIDOS DE AMERICA,EXTRA AÑEJO,2007-09-01
7762097.49,2983816.22,29625.0,2007,9,2983816.22,2522596.25,2983816.22,-1.0,-1.8369701987210297e-16,1.0,ESTADOS UNIDOS DE AMERICA,JOVEN,2007-09-01
7762097.49,2983816.22,1377195.71,2007,9,2983816.22,2522596.25,2983816.22,-1.0,-1.8369701987210297e-16,1.0,ESTADOS UNIDOS DE AMERICA,REPOSADO,2007-09-01
8778960.14,5857350.49,154161.4,2007,10,2983816.22,2522596.25,3702199.787500001,-0.8660254037844386,0.5000000000000001,0.0,ESTADOS UNIDOS DE AMERICA,AÑEJO,2007-10-01
8778960.14,5857350.49,1051332.76,2007,10,5857350.49,2522596.25,4420583.355000001,-0.8660254037844386,0.5000000000000001,0.0,ESTADOS UNIDOS DE AMERICA,BLANCO,2007-10-01
8778960.14,5857350.49,4386128.6,2007,10,5857350.49,2522596.25,5138966.922500001,-0.8660254037844386,0.5000000000000001,0.0,ESTADOS UNIDOS DE AMERICA,JOVEN,2007-10-01
8778960.14,5857350.49,265727.73,2007,10,5857350.49,4778281.26,5857350.49,-0.8660254037844386,0.5000000000000001,0.0,ESTADOS UNIDOS DE AMERICA,REPOSADO,2007-10-01
8778960.14,2921609.65,412806.75,2007,10,5857350.49,4778281.26,5123415.280000001,-0.8660254037844386,0.5000000000000001,1.0,ESTADOS UNIDOS DE AMERICA,AÑEJO,2007-10-01
8778960.14,2921609.65,1390708.35,2007,10,2921609.65,4778281.26,4389480.070000001,-0.8660254037844386,0.5000000000000001,1.0,ESTADOS UNIDOS DE AMERICA,BLANCO,2007-10-01
8778960.14,2921609.65,5049.0,2007,10,2921609.65,4778281.26,3655544.860000001,-0.8660254037844386,0.5000000000000001,1.0,ESTADOS UNIDOS DE AMERICA,EXTRA AÑEJO,2007-10-01
8778960.14,2921609.65,30793.5,2007,10,2921609.65,2983816.22,2921609.65,-0.8660254037844386,0.5000000000000001,1.0,ESTADOS UNIDOS DE AMERICA,JOVEN,2007-10-01
8778960.14,2921609.65,1082252.05,2007,10,2921609.65,2983816.22,2921609.65,-0.8660254037844386,0.5000000000000001,1.0,ESTADOS UNIDOS DE AMERICA,REPOSADO,2007-10-01
8417709.65,5159499.36,129792.0,2007,11,2921609.65,2983816.22,3481082.0775000006,-0.5000000000000004,0.8660254037844384,0.0,ESTADOS UNIDOS DE AMERICA,AÑEJO,2007-11-01
8417709.65,5159499.36,703043.3,2007,11,5159499.36,2983816.22,4040554.505000001,-0.5000000000000004,0.8660254037844384,0.0,ESTADOS UNIDOS DE AMERICA,BLANCO,2007-11-01
8417709.65,5159499.36,4044170.96,2007,11,5159499.36,2983816.22,4600026.932500001,-0.5000000000000004,0.8660254037844384,0.0,ESTADOS UNIDOS DE AMERICA,JOVEN,2007-11-01
8417709.65,5159499.36,282493.1,2007,11,5159499.36,5857350.49,5159499.36,-0.5000000000000004,0.8660254037844384,0.0,ESTADOS UNIDOS DE AMERICA,REPOSADO,2007-11-01
8417709.65,3258210.29,547027.84,2007,11,5159499.36,5857350.49,4684177.092500001,-0.5000000000000004,0.8660254037844384,1.0,ESTADOS UNIDOS DE AMERICA,AÑEJO,2007-11-01
8417709.65,3258210.29,1570825.05,2007,11,3258210.29,5857350.49,4208854.825000001,-0.5000000000000004,0.8660254037844384,1.0,ESTADOS UNIDOS DE AMERICA,BLANCO,2007-11-01
8417709.65,3258210.29,2665.88,2007,11,3258210.29,5857350.49,3733532.557500001,-0.5000000000000004,0.8660254037844384,1.0,ESTADOS UNIDOS DE AMERICA,EXTRA AÑEJO,2007-11-01
8417709.65,3258210.29,13288.5,2007,11,3258210.29,2921609.65,3258210.29,-0.5000000000000004,0.8660254037844384,1.0,ESTADOS UNIDOS DE AMERICA,JOVEN,2007-11-01
8417709.65,3258210.29,1124403.02,2007,11,3258210.29,2921609.65,3258210.29,-0.5000000000000004,0.8660254037844384,1.0,ESTADOS UNIDOS DE AMERICA,REPOSADO,2007-11-01
5691807.19,3830060.14,176119.5,2007,12,3258210.29,2921609.65,3401172.7525000013,-2.4492935982947064e-16,1.0,0.0,ESTADOS UNIDOS DE AMERICA,AÑEJO,2007-12-01
5691807.19,3830060.14,713333.81,2007,12,3830060.14,2921609.65,3544135.215000001,-2.4492935982947064e-16,1.0,0.0,ESTADOS UNIDOS DE AMERICA,BLANCO,2007-12-01
5691807.19,3830060.14,2703719.32,2007,12,3830060.14,2921609.65,3687097.677500001,-2.4492935982947064e-16,1.0,0.0,ESTADOS UNIDOS DE AMERICA,JOVEN,2007-12-01
5691807.19,3830060.14,236887.5,2007,12,3830060.14,5159499.36,3830060.14,-2.4492935982947064e-16,1.0,0.0,ESTADOS UNIDOS DE AMERICA,REPOSADO,2007-12-01
5691807.19,1861747.05,233817.75,2007,12,3830060.14,5159499.36,3337981.867500001,-2.4492935982947064e-16,1.0,1.0,ESTADOS UNIDOS DE AMERICA,AÑEJO,2007-12-01
5691807.19,1861747.05,917365.2,2007,12,1861747.05,5159499.36,2845903.595000001,-2.4492935982947064e-16,1.0,1.0,ESTADOS UNIDOS DE AMERICA,BLANCO,2007-12-01
5691807.19,1861747.05,1426.2,2007,12,1861747.05,5159499.36,2353825.322500001,-2.4492935982947064e-16,1.0,1.0,ESTADOS UNIDOS DE AMERICA,EXTRA AÑEJO,2007-12-01
5691807.19,1861747.05,24682.5,2007,12,1861747.05,3258210.29,1861747.05,-2.4492935982947064e-16,1.0,1.0,ESTADOS UNIDOS DE AMERICA,JOVEN,2007-12-01
5691807.19,1861747.05,684455.4,2007,12,1861747.05,3258210.29,1861747.05,-2.4492935982947064e-16,1.0,1.0,ESTADOS UNIDOS DE AMERICA,REPOSADO,2007-12-01
8794539.32,6107114.72,113991.0,2008,1,1861747.05,3258210.29,2923088.967500001,0.49999999999999994,0.8660254037844387,0.0,ESTADOS UNIDOS DE AMERICA,AÑEJO,2008-01-01
8794539.32,6107114.72,1060260.94,2008,1,6107114.72,3258210.29,3984430.8850000007,0.49999999999999994,0.8660254037844387,0.0,ESTADOS UNIDOS DE AMERICA,BLANCO,2008-01-01
8794539.32,6107114.72,4674832.78,2008,1,6107114.72,3258210.29,5045772.8025,0.49999999999999994,0.8660254037844387,0.0,ESTADOS UNIDOS DE AMERICA,JOVEN,2008-01-01
8794539.32,6107114.72,258030.0,2008,1,6107114.72,3830060.14,6107114.72,0.49999999999999994,0.8660254037844387,0.0,ESTADOS UNIDOS DE AMERICA,REPOSADO,2008-01-01
8794539.32,2687424.6,331761.45,2008,1,6107114.72,3830060.14,5252192.19,0.49999999999999994,0.8660254037844387,1.0,ESTADOS UNIDOS DE AMERICA,AÑEJO,2008-01-01
8794539.32,2687424.6,1493782.05,2008,1,2687424.6,3830060.14,4397269.660000001,0.49999999999999994,0.8660254037844387,1.0,ESTADOS UNIDOS DE AMERICA,BLANCO,2008-01-01
8794539.32,2687424.6,108.0,2008,1,2687424.6,3830060.14,3542347.1300000013,0.49999999999999994,0.8660254037844387,1.0,ESTADOS UNIDOS DE AMERICA,EXTRA AÑEJO,2008-01-01
8794539.32,2687424.6,17797.5,2008,1,2687424.6,1861747.05,2687424.6,0.49999999999999994,0.8660254037844387,1.0,ESTADOS UNIDOS DE AMERICA,JOVEN,2008-01-01
8794539.32,2687424.6,843975.6,2008,1,2687424.6,1861747.05,2687424.6,0.49999999999999994,0.8660254037844387,1.0,ESTADOS UNIDOS DE AMERICA,REPOSADO,2008-01-01
9233134.41,7193630.09,77455.5,2008,2,2687424.6,1861747.05,3813975.972500001,0.8660254037844386,0.5000000000000001,0.0,ESTADOS UNIDOS DE AMERICA,AÑEJO,2008-02-01
9233134.41,7193630.09,937037.63,2008,2,7193630.09,1861747.05,4940527.345000001,0.8660254037844386,0.5000000000000001,0.0,ESTADOS UNIDOS DE AMERICA,BLANCO,2008-02-01
9233134.41,7193630.09,5985562.77,2008,2,7193630.09,1861747.05,6067078.7175,0.8660254037844386,0.5000000000000001,0.0,ESTADOS UNIDOS DE AMERICA,JOVEN,2008-02-01
9233134.41,7193630.09,193574.19,2008,2,7193630.09,6107114.72,7193630.09,0.8660254037844386,0.5000000000000001,0.0,ESTADOS UNIDOS DE AMERICA,REPOSADO,2008-02-01
9233134.41,2039504.33,173611.3,2008,2,7193630.09,6107114.72,5905098.650000001,0.8660254037844386,0.5000000000000001,1.0,ESTADOS UNIDOS DE AMERICA,AÑEJO,2008-02-01
9233134.41,2039504.33,1274105.81,2008,2,2039504.33,6107114.72,4616567.210000001,0.8660254037844386,0.5000000000000001,1.0,ESTADOS UNIDOS DE AMERICA,BLANCO,2008-02-01
9233134.41,2039504.33,2598.75,2008,2,2039504.33,6107114.72,3328035.7700000005,0.8660254037844386,0.5000000000000001,1.0,ESTADOS UNIDOS DE AMERICA,EXTRA AÑEJO,2008-02-01
9233134.41,2039504.33,589188.46,2008,2,2039504.33,2687424.6,2039504.33,0.8660254037844386,0.5000000000000001,1.0,ESTADOS UNIDOS DE AMERICA,REPOSADO,2008-02-01
7869673.06,5530650.46,51900.0,2008,3,2039504.33,2687424.6,2912290.8625000007,1.0,6.123233995736766e-17,0.0,ESTADOS UNIDOS DE AMERICA,AÑEJO,2008-03-01
7869673.06,5530650.46,919513.65,2008,3,5530650.46,2687424.6,3785077.3950000005,1.0,6.123233995736766e-17,0.0,ESTADOS UNIDOS DE AMERICA,BLANCO,2008-03-01
7869673.06,5530650.46,4319033.35,2008,3,5530650.46,2687424.6,4657863.9275,1.0,6.123233995736766e-17,0.0,ESTADOS UNIDOS DE AMERICA,JOVEN,2008-03-01
7869673.06,5530650.46,240203.46,2008,3,5530650.46,2687424.6,5530650.46,1.0,6.123233995736766e-17,0.0,ESTADOS UNIDOS DE AMERICA,REPOSADO,2008-03-01
7869673.06,2339022.6,191021.48,2008,3,5530650.46,7193630.09,4732743.495,1.0,6.123233995736766e-17,1.0,ESTADOS UNIDOS DE AMERICA,AÑEJO,2008-03-01
7869673.06,2339022.6,1347035.38,2008,3,2339022.6,7193630.09,3934836.5300000007,1.0,6.123233995736766e-17,1.0,ESTADOS UNIDOS DE AMERICA,BLANCO,2008-03-01
7869673.06,2339022.6,981.0,2008,3,2339022.6,7193630.09,3136929.565000001,1.0,6.123233995736766e-17,1.0,ESTADOS UNIDOS DE AMERICA,EXTRA AÑEJO,2008-03-01
7869673.06,2339022.6,52335.0,2008,3,2339022.6,7193630.09,2339022.6,1.0,6.123233995736766e-17,1.0,ESTADOS UNIDOS DE AMERICA,JOVEN,2008-03-01
7869673.06,2339022.6,747649.74,2008,3,2339022.6,2039504.33,2339022.6,1.0,6.123233995736766e-17,1.0,ESTADOS UNIDOS DE AMERICA,REPOSADO,2008-03-01
9601675.18,7083844.01,123894.0,2008,4,2339022.6,2039504.33,3525227.9525000006,0.8660254037844387,-0.4999999999999998,0.0,ESTADOS UNIDOS DE AMERICA,AÑEJO,2008-04-01
9601675.18,7083844.01,1299642.19,2008,4,7083844.01,2039504.33,4711433.305000001,0.8660254037844387,-0.4999999999999998,0.0,ESTADOS UNIDOS DE AMERICA,BLANCO,2008-04-01
9601675.18,7083844.01,5393871.58,2008,4,7083844.01,2039504.33,5897638.657500001,0.8660254037844387,-0.4999999999999998,0.0,ESTADOS UNIDOS DE AMERICA,JOVEN,2008-04-01
9601675.18,7083844.01,266436.24,2008,4,7083844.01,5530650.46,7083844.01,0.8660254037844387,-0.4999999999999998,0.0,ESTADOS UNIDOS DE AMERICA,REPOSADO,2008-04-01
9601675.18,2517831.17,280622.19,2008,4,7083844.01,5530650.46,5942340.800000001,0.8660254037844387,-0.4999999999999998,1.0,ESTADOS UNIDOS DE AMERICA,AÑEJO,2008-04-01
9601675.18,2517831.17,1363019.7,2008,4,2517831.17,5530650.46,4800837.590000001,0.8660254037844387,-0.4999999999999998,1.0,ESTADOS UNIDOS DE AMERICA,BLANCO,2008-04-01
9601675.18,2517831.17,1044.0,2008,4,2517831.17,5530650.46,3659334.380000001,0.8660254037844387,-0.4999999999999998,1.0,ESTADOS UNIDOS DE AMERICA,EXTRA AÑEJO,2008-04-01
9601675.18,2517831.17,42834.0,2008,4,2517831.17,2339022.6,2517831.17,0.8660254037844387,-0.4999999999999998,1.0,ESTADOS UNIDOS DE AMERICA,JOVEN,2008-04-01
9601675.18,2517831.17,830311.29,2008,4,2517831.17,2339022.6,2517831.17,0.8660254037844387,-0.4999999999999998,1.0,ESTADOS UNIDOS DE AMERICA,REPOSADO,2008-04-01
9840516.07,6357196.72,315637.5,2008,5,2517831.17,2339022.6,3477672.5575000006,0.49999999999999994,-0.8660254037844387,0.0,ESTADOS UNIDOS DE AMERICA,AÑEJO,2008-05-01
9840516.07,6357196.72,1233175.91,2008,5,6357196.72,2339022.6,4437513.945,0.49999999999999994,-0.8660254037844387,0.0,ESTADOS UNIDOS DE AMERICA,BLANCO,2008-05-01
9840516.07,6357196.72,4682072.66,2008,5,6357196.72,2339022.6,5397355.3325000005,0.49999999999999994,-0.8660254037844387,0.0,ESTADOS UNIDOS DE AMERICA,JOVEN,2008-05-01
9840516.07,6357196.72,126310.65,2008,5,6357196.72,7083844.01,6357196.72,0.49999999999999994,-0.8660254037844387,0.0,ESTADOS UNIDOS DE AMERICA,REPOSADO,2008-05-01
9840516.07,3483319.35,264310.5,2008,5,6357196.72,7083844.01,5638727.3775,0.49999999999999994,-0.8660254037844387,1.0,ESTADOS UNIDOS DE AMERICA,AÑEJO,2008-05-01
9840516.07,3483319.35,1534716.75,2008,5,3483319.35,7083844.01,4920258.035,0.49999999999999994,-0.8660254037844387,1.0,ESTADOS UNIDOS DE AMERICA,BLANCO,2008-05-01
9840516.07,3483319.35,1611.75,2008,5,3483319.35,7083844.01,4201788.692500001,0.49999999999999994,-0.8660254037844387,1.0,ESTADOS UNIDOS DE AMERICA,EXTRA AÑEJO,2008-05-01
9840516.07,3483319.35,55494.0,2008,5,3483319.35,2517831.17,3483319.35,0.49999999999999994,-0.8660254037844387,1.0,ESTADOS UNIDOS DE AMERICA,JOVEN,2008-05-01
9840516.07,3483319.35,1627186.35,2008,5,3483319.35,2517831.17,3483319.35,0.49999999999999994,-0.8660254037844387,1.0,ESTADOS UNIDOS DE AMERICA,REPOSADO,2008-05-01
10301049.86,6809645.96,637354.5,2008,6,3483319.35,2517831.17,4314901.002500001,1.2246467991473532e-16,-1.0,0.0,ESTADOS UNIDOS DE AMERICA,AÑEJO,2008-06-01
10301049.86,6809645.96,1376852.32,2008,6,6809645.96,2517831.17,5146482.655,1.2246467991473532e-16,-1.0,0.0,ESTADOS UNIDOS DE AMERICA,BLANCO,2008-06-01
10301049.86,6809645.96,4585944.49,2008,6,6809645.96,2517831.17,5978064.307500001,1.2246467991473532e-16,-1.0,0.0,ESTADOS UNIDOS DE AMERICA,JOVEN,2008-06-01
10301049.86,6809645.96,209494.64,2008,6,6809645.96,6357196.72,6809645.96,1.2246467991473532e-16,-1.0,0.0,ESTADOS UNIDOS DE AMERICA,REPOSADO,2008-06-01
10301049.86,3491403.9,212677.2,2008,6,6809645.96,6357196.72,5980085.445,1.2246467991473532e-16,-1.0,1.0,ESTADOS UNIDOS DE AMERICA,AÑEJO,2008-06-01
10301049.86,3491403.9,1843054.65,2008,6,3491403.9,6357196.72,5150524.93,1.2246467991473532e-16,-1.0,1.0,ESTADOS UNIDOS DE AMERICA,BLANCO,2008-06-01
10301049.86,3491403.9,2925.75,2008,6,3491403.9,6357196.72,4320964.415,1.2246467991473532e-16,-1.0,1.0,ESTADOS UNIDOS DE AMERICA,EXTRA AÑEJO,2008-06-01
10301049.86,3491403.9,51150.0,2008,6,3491403.9,3483319.35,3491403.9,1.2246467991473532e-16,-1.0,1.0,ESTADOS UNIDOS DE AMERICA,JOVEN,2008-06-01
10301049.86,3491403.9,1381596.3,2008,6,3491403.9,3483319.35,3491403.9,1.2246467991473532e-16,-1.0,1.0,ESTADOS UNIDOS DE AMERICA,REPOSADO,2008-06-01
9117691.1,6290442.5,87150.0,2008,7,3491403.9,3483319.35,4191163.5500000003,-0.4999999999999997,-0.8660254037844388,0.0,ESTADOS UNIDOS DE AMERICA,AÑEJO,2008-07-01
9117691.1,6290442.5,1396853.53,2008,7,6290442.5,3483319.35,4890923.2,-0.4999999999999997,-0.8660254037844388,0.0,ESTADOS UNIDOS DE AMERICA,BLANCO,2008-07-01
9117691.1,6290442.5,4623036.26,2008,7,6290442.5,3483319.35,5590682.850000001,-0.4999999999999997,-0.8660254037844388,0.0,ESTADOS UNIDOS DE AMERICA,JOVEN,2008-07-01
9117691.1,6290442.5,183402.71,2008,7,6290442.5,6809645.96,6290442.5,-0.4999999999999997,-0.8660254037844388,0.0,ESTADOS UNIDOS DE AMERICA,REPOSADO,2008-07-01
9117691.1,2827248.6,206209.71,2008,7,6290442.5,6809645.96,5424644.025,-0.4999999999999997,-0.8660254037844388,1.0,ESTADOS UNIDOS DE AMERICA,AÑEJO,2008-07-01
9117691.1,2827248.6,1480902.4,2008,7,2827248.6,6809645.96,4558845.550000001,-0.4999999999999997,-0.8660254037844388,1.0,ESTADOS UNIDOS DE AMERICA,BLANCO,2008-07-01
9117691.1,2827248.6,1769.5,2008,7,2827248.6,6809645.96,3693047.0750000007,-0.4999999999999997,-0.8660254037844388,1.0,ESTADOS UNIDOS DE AMERICA,EXTRA AÑEJO,2008-07-01
9117691.1,2827248.6,93892.5,2008,7,2827248.6,3491403.9,2827248.6,-0.4999999999999997,-0.8660254037844388,1.0,ESTADOS UNIDOS DE AMERICA,JOVEN,2008-07-01
9117691.1,2827248.6,1044474.49,2008,7,2827248.6,3491403.9,2827248.6,-0.4999999999999997,-0.8660254037844388,1.0,ESTADOS UNIDOS DE AMERICA,REPOSADO,2008-07-01
9288181.75,6416007.32,61860.0,2008,8,2827248.6,3491403.9,3724438.2800000003,-0.8660254037844385,-0.5000000000000004,0.0,ESTADOS UNIDOS DE AMERICA,AÑEJO,2008-08-01
9288181.75,6416007.32,1443063.91,2008,8,6416007.32,3491403.9,4621627.960000001,-0.8660254037844385,-0.5000000000000004,0.0,ESTADOS UNIDOS DE AMERICA,BLANCO,2008-08-01
9288181.75,6416007.32,450.0,2008,8,6416007.32,3491403.9,5518817.640000001,-0.8660254037844385,-0.5000000000000004,0.0,ESTADOS UNIDOS DE AMERICA,EXTRA AÑEJO,2008-08-01
9288181.75,6416007.32,4785026.98,2008,8,6416007.32,6290442.5,6416007.32,-0.8660254037844385,-0.5000000000000004,0.0,ESTADOS UNIDOS DE AMERICA,JOVEN,2008-08-01
9288181.75,6416007.32,125606.43,2008,8,6416007.32,6290442.5,6416007.32,-0.8660254037844385,-0.5000000000000004,0.0,ESTADOS UNIDOS DE AMERICA,REPOSADO,2008-08-01
9288181.75,2872174.43,247415.1,2008,8,6416007.32,6290442.5,5530049.0975,-0.8660254037844385,-0.5000000000000004,1.0,ESTADOS UNIDOS DE AMERICA,AÑEJO,2008-08-01
9288181.75,2872174.43,1495846.43,2008,8,2872174.43,6290442.5,4644090.875000001,-0.8660254037844385,-0.5000000000000004,1.0,ESTADOS UNIDOS DE AMERICA,BLANCO,2008-08-01
9288181.75,2872174.43,1188.0,2008,8,2872174.43,2827248.6,3758132.652500001,-0.8660254037844385,-0.5000000000000004,1.0,ESTADOS UNIDOS DE AMERICA,EXTRA AÑEJO,2008-08-01
9288181.75,2872174.43,58230.0,2008,8,2872174.43,2827248.6,2872174.43,-0.8660254037844385,-0.5000000000000004,1.0,ESTADOS UNIDOS DE AMERICA,JOVEN,2008-08-01
9288181.75,2872174.43,1069494.9,2008,8,2872174.43,2827248.6,2872174.43,-0.8660254037844385,-0.5000000000000004,1.0,ESTADOS UNIDOS DE AMERICA,REPOSADO,2008-08-01
8875070.12,5451484.99,54133.5,2008,9,2872174.43,2827248.6,3517002.0700000008,-1.0,-1.8369701987210297e-16,0.0,ESTADOS UNIDOS DE AMERICA,AÑEJO,2008-09-01
8875070.12,5451484.99,999184.03,2008,9,5451484.99,2827248.6,4161829.7100000004,-1.0,-1.8369701987210297e-16,0.0,ESTADOS UNIDOS DE AMERICA,BLANCO,2008-09-01
8875070.12,5451484.99,4253670.16,2008,9,5451484.99,6416007.32,4806657.350000001,-1.0,-1.8369701987210297e-16,0.0,ESTADOS UNIDOS DE AMERICA,JOVEN,2008-09-01
8875070.12,5451484.99,144497.3,2008,9,5451484.99,6416007.32,5451484.99,-1.0,-1.8369701987210297e-16,0.0,ESTADOS UNIDOS DE AMERICA,REPOSADO,2008-09-01
8875070.12,3423585.13,363033.09,2008,9,5451484.99,6416007.32,4944510.025,-1.0,-1.8369701987210297e-16,1.0,ESTADOS UNIDOS DE AMERICA,AÑEJO,2008-09-01
8875070.12,3423585.13,1584822.58,2008,9,3423585.13,6416007.32,4437535.0600000005,-1.0,-1.8369701987210297e-16,1.0,ESTADOS UNIDOS DE AMERICA,BLANCO,2008-09-01
8875070.12,3423585.13,1668.75,2008,9,3423585.13,6416007.32,3930560.0950000007,-1.0,-1.8369701987210297e-16,1.0,ESTADOS UNIDOS DE AMERICA,EXTRA AÑEJO,2008-09-01
8875070.12,3423585.13,7867.5,2008,9,3423585.13,2872174.43,3423585.13,-1.0,-1.8369701987210297e-16,1.0,ESTADOS UNIDOS DE AMERICA,JOVEN,2008-09-01
8875070.12,3423585.13,1466193.21,2008,9,3423585.13,2872174.43,3423585.13,-1.0,-1.8369701987210297e-16,1.0,ESTADOS UNIDOS DE AMERICA,REPOSADO,2008-09-01
10428885.61,7316080.84,110184.0,2008,10,3423585.13,2872174.43,4396709.0575,-0.8660254037844386,0.5000000000000001,0.0,ESTADOS UNIDOS DE AMERICA,AÑEJO,2008-10-01
10428885.61,7316080.84,945049.37,2008,10,7316080.84,2872174.43,5369832.985,-0.8660254037844386,0.5000000000000001,0.0,ESTADOS UNIDOS DE AMERICA,BLANCO,2008-10-01
10428885.61,7316080.84,6100424.27,2008,10,7316080.84,2872174.43,6342956.912500001,-0.8660254037844386,0.5000000000000001,0.0,ESTADOS UNIDOS DE AMERICA,JOVEN,2008-10-01
10428885.61,7316080.84,160423.2,2008,10,7316080.84,5451484.99,7316080.84,-0.8660254037844386,0.5000000000000001,0.0,ESTADOS UNIDOS DE AMERICA,REPOSADO,2008-10-01
10428885.61,3112804.78,300711.68,2008,10,7316080.84,5451484.99,6265261.825,-0.8660254037844386,0.5000000000000001,1.0,ESTADOS UNIDOS DE AMERICA,AÑEJO,2008-10-01
10428885.61,3112804.78,1715566.1,2008,10,3112804.78,5451484.99,5214442.8100000005,-0.8660254037844386,0.5000000000000001,1.0,ESTADOS UNIDOS DE AMERICA,BLANCO,2008-10-01
10428885.61,3112804.78,640.0,2008,10,3112804.78,5451484.99,4163623.795,-0.8660254037844386,0.5000000000000001,1.0,ESTADOS UNIDOS DE AMERICA,EXTRA AÑEJO,2008-10-01
10428885.61,3112804.78,57076.5,2008,10,3112804.78,3423585.13,3112804.78,-0.8660254037844386,0.5000000000000001,1.0,ESTADOS UNIDOS DE AMERICA,JOVEN,2008-10-01
10428885.61,3112804.78,1038810.5,2008,10,3112804.78,3423585.13,3112804.78,-0.8660254037844386,0.5000000000000001,1.0,ESTADOS UNIDOS DE AMERICA,REPOSADO,2008-10-01
8815865.27,6059934.23,45967.5,2008,11,3112804.78,3423585.13,3849587.1425000005,-0.5000000000000004,0.8660254037844384,0.0,ESTADOS UNIDOS DE AMERICA,AÑEJO,2008-11-01
8815865.27,6059934.23,1186768.01,2008,11,6059934.23,3423585.13,4586369.505000001,-0.5000000000000004,0.8660254037844384,0.0,ESTADOS UNIDOS DE AMERICA,BLANCO,2008-11-01
8815865.27,6059934.23,4619089.26,2008,11,6059934.23,3423585.13,5323151.867500001,-0.5000000000000004,0.8660254037844384,0.0,ESTADOS UNIDOS DE AMERICA,JOVEN,2008-11-01
8815865.27,6059934.23,208109.45,2008,11,6059934.23,7316080.84,6059934.23,-0.5000000000000004,0.8660254037844384,0.0,ESTADOS UNIDOS DE AMERICA,REPOSADO,2008-11-01
8815865.27,2755931.04,276426.49,2008,11,6059934.23,7316080.84,5233933.432500001,-0.5000000000000004,0.8660254037844384,1.0,ESTADOS UNIDOS DE AMERICA,AÑEJO,2008-11-01
8815865.27,2755931.04,1501589.45,2008,11,2755931.04,7316080.84,4407932.635000001,-0.5000000000000004,0.8660254037844384,1.0,ESTADOS UNIDOS DE AMERICA,BLANCO,2008-11-01
8815865.27,2755931.04,2076.0,2008,11,2755931.04,7316080.84,3581931.8375000004,-0.5000000000000004,0.8660254037844384,1.0,ESTADOS UNIDOS DE AMERICA,EXTRA AÑEJO,2008-11-01
8815865.27,2755931.04,16365.0,2008,11,2755931.04,3112804.78,2755931.04,-0.5000000000000004,0.8660254037844384,1.0,ESTADOS UNIDOS DE AMERICA,JOVEN,2008-11-01
8815865.27,2755931.04,959474.1,2008,11,2755931.04,3112804.78,2755931.04,-0.5000000000000004,0.8660254037844384,1.0,ESTADOS UNIDOS DE AMERICA,REPOSADO,2008-11-01
6130805.68,3905062.83,63448.5,2008,12,2755931.04,3112804.78,3043213.9875000007,-2.4492935982947064e-16,1.0,0.0,ESTADOS UNIDOS DE AMERICA,AÑEJO,2008-12-01
6130805.68,3905062.83,1208872.48,2008,12,3905062.83,3112804.78,3330496.9350000005,-2.4492935982947064e-16,1.0,0.0,ESTADOS UNIDOS DE AMERICA,BLANCO,2008-12-01
6130805.68,3905062.83,1656.0,2008,12,3905062.83,3112804.78,3617779.8825000003,-2.4492935982947064e-16,1.0,0.0,ESTADOS UNIDOS DE AMERICA,EXTRA AÑEJO,2008-12-01
6130805.68,3905062.83,2508211.66,2008,12,3905062.83,6059934.23,3905062.83,-2.4492935982947064e-16,1.0,0.0,ESTADOS UNIDOS DE AMERICA,JOVEN,2008-12-01
6130805.68,3905062.83,122874.19,2008,12,3905062.83,6059934.23,3905062.83,-2.4492935982947064e-16,1.0,0.0,ESTADOS UNIDOS DE AMERICA,REPOSADO,2008-12-01
6130805.68,2225742.85,201912.39,2008,12,3905062.83,6059934.23,3485232.835000001,-2.4492935982947064e-16,1.0,1.0,ESTADOS UNIDOS DE AMERICA,AÑEJO,2008-12-01
6130805.68,2225742.85,1268210.73,2008,12,2225742.85,6059934.23,3065402.8400000003,-2.4492935982947064e-16,1.0,1.0,ESTADOS UNIDOS DE AMERICA,BLANCO,2008-12-01
6130805.68,2225742.85,4190.25,2008,12,2225742.85,2755931.04,2645572.8450000007,-2.4492935982947064e-16,1.0,1.0,ESTADOS UNIDOS DE AMERICA,EXTRA AÑEJO,2008-12-01
6130805.68,2225742.85,41871.0,2008,12,2225742.85,2755931.04,2225742.85,-2.4492935982947064e-16,1.0,1.0,ESTADOS UNIDOS DE AMERICA,JOVEN,2008-12-01
6130805.68,2225742.85,709558.49,2008,12,2225742.85,2755931.04,2225742.85,-2.4492935982947064e-16,1.0,1.0,ESTADOS UNIDOS DE AMERICA,REPOSADO,2008-12-01
7659297.41,5460797.21,77367.0,2009,1,2225742.85,2755931.04,3034506.4400000004,0.49999999999999994,0.8660254037844387,0.0,ESTADOS UNIDOS DE AMERICA,AÑEJO,2009-01-01
7659297.41,5460797.21,1632963.81,2009,1,5460797.21,2755931.04,3843270.0300000007,0.49999999999999994,0.8660254037844387,0.0,ESTADOS UNIDOS DE AMERICA,BLANCO,2009-01-01
7659297.41,5460797.21,3646522.95,2009,1,5460797.21,3905062.83,4652033.620000001,0.49999999999999994,0.8660254037844387,0.0,ESTADOS UNIDOS DE AMERICA,JOVEN,2009-01-01
7659297.41,5460797.21,103943.45,2009,1,5460797.21,3905062.83,5460797.21,0.49999999999999994,0.8660254037844387,0.0,ESTADOS UNIDOS DE AMERICA,REPOSADO,2009-01-01
7659297.41,2198500.2,141848.8,2009,1,5460797.21,3905062.83,4645222.9575000005,0.49999999999999994,0.8660254037844387,1.0,ESTADOS UNIDOS DE AMERICA,AÑEJO,2009-01-01
7659297.41,2198500.2,1339225.6,2009,1,2198500.2,3905062.83,3829648.7050000005,0.49999999999999994,0.8660254037844387,1.0,ESTADOS UNIDOS DE AMERICA,BLANCO,2009-01-01
7659297.41,2198500.2,2853.0,2009,1,2198500.2,3905062.83,3014074.4525000006,0.49999999999999994,0.8660254037844387,1.0,ESTADOS UNIDOS DE AMERICA,EXTRA AÑEJO,2009-01-01
7659297.41,2198500.2,4413.0,2009,1,2198500.2,2225742.85,2198500.2,0.49999999999999994,0.8660254037844387,1.0,ESTADOS UNIDOS DE AMERICA,JOVEN,2009-01-01
7659297.41,2198500.2,710159.8,2009,1,2198500.2,2225742.85,2198500.2,0.49999999999999994,0.8660254037844387,1.0,ESTADOS UNIDOS DE AMERICA,REPOSADO,2009-01-01
7383153.88,5106850.18,100321.5,2009,2,2198500.2,2225742.85,2925587.6950000008,0.8660254037844386,0.5000000000000001,0.0,ESTADOS UNIDOS DE AMERICA,AÑEJO,2009-02-01
7383153.88,5106850.18,1212561.12,2009,2,5106850.18,2225742.85,3652675.1900000004,0.8660254037844386,0.5000000000000001,0.0,ESTADOS UNIDOS DE AMERICA,BLANCO,2009-02-01
7383153.88,5106850.18,3691003.05,2009,2,5106850.18,2225742.85,4379762.6850000005,0.8660254037844386,0.5000000000000001,0.0,ESTADOS UNIDOS DE AMERICA,JOVEN,2009-02-01
7383153.88,5106850.18,102964.5,2009,2,5106850.18,5460797.21,5106850.18,0.8660254037844386,0.5000000000000001,0.0,ESTADOS UNIDOS DE AMERICA,REPOSADO,2009-02-01
7383153.88,2276303.7,205874.85,2009,2,5106850.18,5460797.21,4399213.5600000005,0.8660254037844386,0.5000000000000001,1.0,ESTADOS UNIDOS DE AMERICA,AÑEJO,2009-02-01
7383153.88,2276303.7,1095674.78,2009,2,2276303.7,5460797.21,3691576.940000001,0.8660254037844386,0.5000000000000001,1.0,ESTADOS UNIDOS DE AMERICA,BLANCO,2009-02-01
7383153.88,2276303.7,5519.25,2009,2,2276303.7,5460797.21,2983940.3200000003,0.8660254037844386,0.5000000000000001,1.0,ESTADOS UNIDOS DE AMERICA,EXTRA AÑEJO,2009-02-01
7383153.88,2276303.7,87991.88,2009,2,2276303.7,2198500.2,2276303.7,0.8660254037844386,0.5000000000000001,1.0,ESTADOS UNIDOS DE AMERICA,JOVEN,2009-02-01
7383153.88,2276303.7,881242.95,2009,2,2276303.7,2198500.2,2276303.7,0.8660254037844386,0.5000000000000001,1.0,ESTADOS UNIDOS DE AMERICA,REPOSADO,2009-02-01
9512208.08,6715163.03,110677.5,2009,3,2276303.7,2198500.2,3386018.5325000007,1.0,6.123233995736766e-17,0.0,ESTADOS UNIDOS DE AMERICA,AÑEJO,2009-03-01
9512208.08,6715163.03,1452415.02,2009,3,6715163.03,2198500.2,4495733.365000001,1.0,6.123233995736766e-17,0.0,ESTADOS UNIDOS DE AMERICA,BLANCO,2009-03-01
9512208.08,6715163.03,5031988.82,2009,3,6715163.03,2198500.2,5605448.197500001,1.0,6.123233995736766e-17,0.0,ESTADOS UNIDOS DE AMERICA,JOVEN,2009-03-01
9512208.08,6715163.03,120081.68,2009,3,6715163.03,5106850.18,6715163.03,1.0,6.123233995736766e-17,0.0,ESTADOS UNIDOS DE AMERICA,REPOSADO,2009-03-01
9512208.08,2797045.05,192577.05,2009,3,6715163.03,5106850.18,5735633.535000001,1.0,6.123233995736766e-17,1.0,ESTADOS UNIDOS DE AMERICA,AÑEJO,2009-03-01
9512208.08,2797045.05,1415169.08,2009,3,2797045.05,5106850.18,4756104.040000001,1.0,6.123233995736766e-17,1.0,ESTADOS UNIDOS DE AMERICA,BLANCO,2009-03-01
9512208.08,2797045.05,1309.5,2009,3,2797045.05,5106850.18,3776574.545000001,1.0,6.123233995736766e-17,1.0,ESTADOS UNIDOS DE AMERICA,EXTRA AÑEJO,2009-03-01
9512208.08,2797045.05,68010.0,2009,3,2797045.05,2276303.7,2797045.05,1.0,6.123233995736766e-17,1.0,ESTADOS UNIDOS DE AMERICA,JOVEN,2009-03-01
9512208.08,2797045.05,1119979.43,2009,3,2797045.05,2276303.7,2797045.05,1.0,6.123233995736766e-17,1.0,ESTADOS UNIDOS DE AMERICA,REPOSADO,2009-03-01
11415692.59,8005444.94,91645.5,2009,4,2797045.05,2276303.7,4099145.0225000004,0.8660254037844387,-0.4999999999999998,0.0,ESTADOS UNIDOS DE AMERICA,AÑEJO,2009-04-01
11415692.59,8005444.94,1207957.09,2009,4,8005444.94,2276303.7,5401244.995000001,0.8660254037844387,-0.4999999999999998,0.0,ESTADOS UNIDOS DE AMERICA,BLANCO,2009-04-01
11415692.59,8005444.94,6615209.85,2009,4,8005444.94,2276303.7,6703344.967500001,0.8660254037844387,-0.4999999999999998,0.0,ESTADOS UNIDOS DE AMERICA,JOVEN,2009-04-01
11415692.59,8005444.94,90632.5,2009,4,8005444.94,6715163.03,8005444.94,0.8660254037844387,-0.4999999999999998,0.0,ESTADOS UNIDOS DE AMERICA,REPOSADO,2009-04-01
11415692.59,3410247.65,158933.4,2009,4,8005444.94,6715163.03,6856645.617500002,0.8660254037844387,-0.4999999999999998,1.0,ESTADOS UNIDOS DE AMERICA,AÑEJO,2009-04-01
11415692.59,3410247.65,1612619.55,2009,4,3410247.65,6715163.03,5707846.295000001,0.8660254037844387,-0.4999999999999998,1.0,ESTADOS UNIDOS DE AMERICA,BLANCO,2009-04-01
11415692.59,3410247.65,5942.75,2009,4,3410247.65,6715163.03,4559046.9725,0.8660254037844387,-0.4999999999999998,1.0,ESTADOS UNIDOS DE AMERICA,EXTRA AÑEJO,2009-04-01
11415692.59,3410247.65,60180.0,2009,4,3410247.65,2797045.05,3410247.65,0.8660254037844387,-0.4999999999999998,1.0,ESTADOS UNIDOS DE AMERICA,JOVEN,2009-04-01
11415692.59,3410247.65,1572571.95,2009,4,3410247.65,2797045.05,3410247.65,0.8660254037844387,-0.4999999999999998,1.0,ESTADOS UNIDOS DE AMERICA,REPOSADO,2009-04-01
9326487.18,6580350.1,72247.5,2009,5,3410247.65,2797045.05,4202773.262500001,0.49999999999999994,-0.8660254037844387,0.0,ESTADOS UNIDOS DE AMERICA,AÑEJO,2009-05-01
9326487.18,6580350.1,1260043.55,2009,5,6580350.1,2797045.05,4995298.875,0.49999999999999994,-0.8660254037844387,0.0,ESTADOS UNIDOS DE AMERICA,BLANCO,2009-05-01
9326487.18,6580350.1,315.0,2009,5,6580350.1,2797045.05,5787824.487500001,0.49999999999999994,-0.8660254037844387,0.0,ESTADOS UNIDOS DE AMERICA,EXTRA AÑEJO,2009-05-01
9326487.18,6580350.1,5161704.29,2009,5,6580350.1,8005444.94,6580350.1,0.49999999999999994,-0.8660254037844387,0.0,ESTADOS UNIDOS DE AMERICA,JOVEN,2009-05-01
9326487.18,6580350.1,86039.75,2009,5,6580350.1,8005444.94,6580350.1,0.49999999999999994,-0.8660254037844387,0.0,ESTADOS UNIDOS DE AMERICA,REPOSADO,2009-05-01
9326487.18,2746137.08,236415.48,2009,5,6580350.1,8005444.94,5621796.845,0.49999999999999994,-0.8660254037844387,1.0,ESTADOS UNIDOS DE AMERICA,AÑEJO,2009-05-01
9326487.18,2746137.08,1535846.38,2009,5,2746137.08,8005444.94,4663243.59,0.49999999999999994,-0.8660254037844387,1.0,ESTADOS UNIDOS DE AMERICA,BLANCO,2009-05-01
9326487.18,2746137.08,1568.5,2009,5,2746137.08,3410247.65,3704690.3350000004,0.49999999999999994,-0.8660254037844387,1.0,ESTADOS UNIDOS DE AMERICA,EXTRA AÑEJO,2009-05-01
9326487.18,2746137.08,21090.0,2009,5,2746137.08,3410247.65,2746137.08,0.49999999999999994,-0.8660254037844387,1.0,ESTADOS UNIDOS DE AMERICA,JOVEN,2009-05-01
9326487.18,2746137.08,951216.72,2009,5,2746137.08,3410247.65,2746137.08,0.49999999999999994,-0.8660254037844387,1.0,ESTADOS UNIDOS DE AMERICA,REPOSADO,2009-05-01
10432004.53,7397349.78,92835.0,2009,6,2746137.08,3410247.65,3908940.255000001,1.2246467991473532e-16,-1.0,0.0,ESTADOS UNIDOS DE AMERICA,AÑEJO,2009-06-01
10432004.53,7397349.78,1770405.69,2009,6,7397349.78,3410247.65,5071743.430000001,1.2246467991473532e-16,-1.0,0.0,ESTADOS UNIDOS DE AMERICA,BLANCO,2009-06-01
10432004.53,7397349.78,5441928.34,2009,6,7397349.78,6580350.1,6234546.605,1.2246467991473532e-16,-1.0,0.0,ESTADOS UNIDOS DE AMERICA,JOVEN,2009-06-01
10432004.53,7397349.78,92180.75,2009,6,7397349.78,6580350.1,7397349.78,1.2246467991473532e-16,-1.0,0.0,ESTADOS UNIDOS DE AMERICA,REPOSADO,2009-06-01
10432004.53,3034654.75,202026.75,2009,6,7397349.78,6580350.1,6306676.022500001,1.2246467991473532e-16,-1.0,1.0,ESTADOS UNIDOS DE AMERICA,AÑEJO,2009-06-01
10432004.53,3034654.75,1895194.1,2009,6,3034654.75,6580350.1,5216002.265000001,1.2246467991473532e-16,-1.0,1.0,ESTADOS UNIDOS DE AMERICA,BLANCO,2009-06-01
10432004.53,3034654.75,47.25,2009,6,3034654.75,6580350.1,4125328.5075000008,1.2246467991473532e-16,-1.0,1.0,ESTADOS UNIDOS DE AMERICA,EXTRA AÑEJO,2009-06-01
10432004.53,3034654.75,117229.5,2009,6,3034654.75,2746137.08,3034654.75,1.2246467991473532e-16,-1.0,1.0,ESTADOS UNIDOS DE AMERICA,JOVEN,2009-06-01
10432004.53,3034654.75,820157.15,2009,6,3034654.75,2746137.08,3034654.75,1.2246467991473532e-16,-1.0,1.0,ESTADOS UNIDOS DE AMERICA,REPOSADO,2009-06-01
10103997.47,6707037.09,51171.0,2009,7,3034654.75,2746137.08,3952750.3350000004,-0.4999999999999997,-0.8660254037844388,0.0,ESTADOS UNIDOS DE AMERICA,AÑEJO,2009-07-01
10103997.47,6707037.09,1803286.35,2009,7,6707037.09,2746137.08,4870845.92,-0.4999999999999997,-0.8660254037844388,0.0,ESTADOS UNIDOS DE AMERICA,BLANCO,2009-07-01
10103997.47,6707037.09,4707414.82,2009,7,6707037.09,2746137.08,5788941.505000001,-0.4999999999999997,-0.8660254037844388,0.0,ESTADOS UNIDOS DE AMERICA,JOVEN,2009-07-01
10103997.47,6707037.09,145164.92,2009,7,6707037.09,7397349.78,6707037.09,-0.4999999999999997,-0.8660254037844388,0.0,ESTADOS UNIDOS DE AMERICA,REPOSADO,2009-07-01
10103997.47,3396960.38,226841.18,2009,7,6707037.09,7397349.78,5879517.912500001,-0.4999999999999997,-0.8660254037844388,1.0,ESTADOS UNIDOS DE AMERICA,AÑEJO,2009-07-01
10103997.47,3396960.38,1843026.53,2009,7,3396960.38,7397349.78,5051998.735,-0.4999999999999997,-0.8660254037844388,1.0,ESTADOS UNIDOS DE AMERICA,BLANCO,2009-07-01
10103997.47,3396960.38,6210.0,2009,7,3396960.38,7397349.78,4224479.5575,-0.4999999999999997,-0.8660254037844388,1.0,ESTADOS UNIDOS DE AMERICA,EXTRA AÑEJO,2009-07-01
10103997.47,3396960.38,63624.75,2009,7,3396960.38,3034654.75,3396960.38,-0.4999999999999997,-0.8660254037844388,1.0,ESTADOS UNIDOS DE AMERICA,JOVEN,2009-07-01
10103997.47,3396960.38,1257257.93,2009,7,3396960.38,3034654.75,3396960.38,-0.4999999999999997,-0.8660254037844388,1.0,ESTADOS UNIDOS DE AMERICA,REPOSADO,2009-07-01
9206392.51,6328145.34,49848.0,2009,8,3396960.38,3034654.75,4129756.62,-0.8660254037844385,-0.5000000000000004,0.0,ESTADOS UNIDOS DE AMERICA,AÑEJO,2009-08-01
9206392.51,6328145.34,1624324.32,2009,8,6328145.34,3034654.75,4862552.86,-0.8660254037844385,-0.5000000000000004,0.0,ESTADOS UNIDOS DE AMERICA,BLANCO,2009-08-01
9206392.51,6328145.34,4572359.71,2009,8,6328145.34,3034654.75,5595349.100000001,-0.8660254037844385,-0.5000000000000004,0.0,ESTADOS UNIDOS DE AMERICA,JOVEN,2009-08-01
9206392.51,6328145.34,81613.32,2009,8,6328145.34,6707037.09,6328145.34,-0.8660254037844385,-0.5000000000000004,0.0,ESTADOS UNIDOS DE AMERICA,REPOSADO,2009-08-01
9206392.51,2878247.18,227629.8,2009,8,6328145.34,6707037.09,5465670.800000001,-0.8660254037844385,-0.5000000000000004,1.0,ESTADOS UNIDOS DE AMERICA,AÑEJO,2009-08-01
9206392.51,2878247.18,1438127.61,2009,8,2878247.18,6707037.09,4603196.260000001,-0.8660254037844385,-0.5000000000000004,1.0,ESTADOS UNIDOS DE AMERICA,BLANCO,2009-08-01
9206392.51,2878247.18,6817.5,2009,8,2878247.18,6707037.09,3740721.7200000007,-0.8660254037844385,-0.5000000000000004,1.0,ESTADOS UNIDOS DE AMERICA,EXTRA AÑEJO,2009-08-01
9206392.51,2878247.18,83817.0,2009,8,2878247.18,3396960.38,2878247.18,-0.8660254037844385,-0.5000000000000004,1.0,ESTADOS UNIDOS DE AMERICA,JOVEN,2009-08-01
9206392.51,2878247.18,1121855.26,2009,8,2878247.18,3396960.38,2878247.18,-0.8660254037844385,-0.5000000000000004,1.0,ESTADOS UNIDOS DE AMERICA,REPOSADO,2009-08-01
10622264.76,6498528.71,58960.5,2009,9,2878247.18,3396960.38,3783317.5625000005,-1.0,-1.8369701987210297e-16,0.0,ESTADOS UNIDOS DE AMERICA,AÑEJO,2009-09-01
10622264.76,6498528.71,1760233.93,2009,9,6498528.71,3396960.38,4688387.945,-1.0,-1.8369701987210297e-16,0.0,ESTADOS UNIDOS DE AMERICA,BLANCO,2009-09-01
10622264.76,6498528.71,4533066.08,2009,9,6498528.71,3396960.38,5593458.327500001,-1.0,-1.8369701987210297e-16,0.0,ESTADOS UNIDOS DE AMERICA,JOVEN,2009-09-01
10622264.76,6498528.71,146268.2,2009,9,6498528.71,6328145.34,6498528.71,-1.0,-1.8369701987210297e-16,0.0,ESTADOS UNIDOS DE AMERICA,REPOSADO,2009-09-01
10622264.76,4123736.05,275962.75,2009,9,6498528.71,6328145.34,5904830.545,-1.0,-1.8369701987210297e-16,1.0,ESTADOS UNIDOS DE AMERICA,AÑEJO,2009-09-01
10622264.76,4123736.05,2208061.5,2009,9,4123736.05,6328145.34,5311132.38,-1.0,-1.8369701987210297e-16,1.0,ESTADOS UNIDOS DE AMERICA,BLANCO,2009-09-01
10622264.76,4123736.05,3237.0,2009,9,4123736.05,6328145.34,4717434.215,-1.0,-1.8369701987210297e-16,1.0,ESTADOS UNIDOS DE AMERICA,EXTRA AÑEJO,2009-09-01
10622264.76,4123736.05,112488.0,2009,9,4123736.05,2878247.18,4123736.05,-1.0,-1.8369701987210297e-16,1.0,ESTADOS UNIDOS DE AMERICA,JOVEN,2009-09-01
10622264.76,4123736.05,1523986.8,2009,9,4123736.05,2878247.18,4123736.05,-1.0,-1.8369701987210297e-16,1.0,ESTADOS UNIDOS DE AMERICA,REPOSADO,2009-09-01
9024009.11,5813656.19,48624.0,2009,10,4123736.05,2878247.18,4546216.085000001,-0.8660254037844386,0.5000000000000001,0.0,ESTADOS UNIDOS DE AMERICA,AÑEJO,2009-10-01
9024009.11,5813656.19,1265387.62,2009,10,5813656.19,2878247.18,4968696.120000001,-0.8660254037844386,0.5000000000000001,0.0,ESTADOS UNIDOS DE AMERICA,BLANCO,2009-10-01
9024009.11,5813656.19,4432114.57,2009,10,5813656.19,2878247.18,5391176.155,-0.8660254037844386,0.5000000000000001,0.0,ESTADOS UNIDOS DE AMERICA,JOVEN,2009-10-01
9024009.11,5813656.19,67530.0,2009,10,5813656.19,6498528.71,5813656.19,-0.8660254037844386,0.5000000000000001,0.0,ESTADOS UNIDOS DE AMERICA,REPOSADO,2009-10-01
9024009.11,3210352.93,377978.24,2009,10,5813656.19,6498528.71,5162830.375000001,-0.8660254037844386,0.5000000000000001,1.0,ESTADOS UNIDOS DE AMERICA,AÑEJO,2009-10-01
9024009.11,3210352.93,1851739.68,2009,10,3210352.93,6498528.71,4512004.5600000005,-0.8660254037844386,0.5000000000000001,1.0,ESTADOS UNIDOS DE AMERICA,BLANCO,2009-10-01
9024009.11,3210352.93,5958.75,2009,10,3210352.93,6498528.71,3861178.7450000006,-0.8660254037844386,0.5000000000000001,1.0,ESTADOS UNIDOS DE AMERICA,EXTRA AÑEJO,2009-10-01
9024009.11,3210352.93,36606.75,2009,10,3210352.93,4123736.05,3210352.93,-0.8660254037844386,0.5000000000000001,1.0,ESTADOS UNIDOS DE AMERICA,JOVEN,2009-10-01
9024009.11,3210352.93,938069.52,2009,10,3210352.93,4123736.05,3210352.93,-0.8660254037844386,0.5000000000000001,1.0,ESTADOS UNIDOS DE AMERICA,REPOSADO,2009-10-01
7542025.51,4842120.61,78714.0,2009,11,3210352.93,4123736.05,3618294.850000001,-0.5000000000000004,0.8660254037844384,0.0,ESTADOS UNIDOS DE AMERICA,AÑEJO,2009-11-01
7542025.51,4842120.61,1000648.85,2009,11,4842120.61,4123736.05,4026236.7700000005,-0.5000000000000004,0.8660254037844384,0.0,ESTADOS UNIDOS DE AMERICA,BLANCO,2009-11-01
7542025.51,4842120.61,3664398.7,2009,11,4842120.61,4123736.05,4434178.690000001,-0.5000000000000004,0.8660254037844384,0.0,ESTADOS UNIDOS DE AMERICA,JOVEN,2009-11-01
7542025.51,4842120.61,98359.06,2009,11,4842120.61,5813656.19,4842120.61,-0.5000000000000004,0.8660254037844384,0.0,ESTADOS UNIDOS DE AMERICA,REPOSADO,2009-11-01
7542025.51,2699904.9,274278.75,2009,11,4842120.61,5813656.19,4306566.682500001,-0.5000000000000004,0.8660254037844384,1.0,ESTADOS UNIDOS DE AMERICA,AÑEJO,2009-11-01
7542025.51,2699904.9,1632200.4,2009,11,2699904.9,5813656.19,3771012.755000001,-0.5000000000000004,0.8660254037844384,1.0,ESTADOS UNIDOS DE AMERICA,BLANCO,2009-11-01
7542025.51,2699904.9,543.75,2009,11,2699904.9,5813656.19,3235458.8275000006,-0.5000000000000004,0.8660254037844384,1.0,ESTADOS UNIDOS DE AMERICA,EXTRA AÑEJO,2009-11-01
7542025.51,2699904.9,50595.0,2009,11,2699904.9,3210352.93,2699904.9,-0.5000000000000004,0.8660254037844384,1.0,ESTADOS UNIDOS DE AMERICA,JOVEN,2009-11-01
7542025.51,2699904.9,742287.0,2009,11,2699904.9,3210352.93,2699904.9,-0.5000000000000004,0.8660254037844384,1.0,ESTADOS UNIDOS DE AMERICA,REPOSADO,2009-11-01
5647319.4,3811485.43,47332.5,2009,12,2699904.9,3210352.93,2977800.0325000007,-2.4492935982947064e-16,1.0,0.0,ESTADOS UNIDOS DE AMERICA,AÑEJO,2009-12-01
5647319.4,3811485.43,1154277.12,2009,12,3811485.43,3210352.93,3255695.1650000005,-2.4492935982947064e-16,1.0,0.0,ESTADOS UNIDOS DE AMERICA,BLANCO,2009-12-01
5647319.4,3811485.43,2538248.25,2009,12,3811485.43,3210352.93,3533590.2975000003,-2.4492935982947064e-16,1.0,0.0,ESTADOS UNIDOS DE AMERICA,JOVEN,2009-12-01
5647319.4,3811485.43,71627.56,2009,12,3811485.43,4842120.61,3811485.43,-2.4492935982947064e-16,1.0,0.0,ESTADOS UNIDOS DE AMERICA,REPOSADO,2009-12-01
5647319.4,1835833.98,264769.05,2009,12,3811485.43,4842120.61,3317572.567500001,-2.4492935982947064e-16,1.0,1.0,ESTADOS UNIDOS DE AMERICA,AÑEJO,2009-12-01
5647319.4,1835833.98,961595.2,2009,12,1835833.98,4842120.61,2823659.7050000005,-2.4492935982947064e-16,1.0,1.0,ESTADOS UNIDOS DE AMERICA,BLANCO,2009-12-01
5647319.4,1835833.98,5720.25,2009,12,1835833.98,4842120.61,2329746.8425000003,-2.4492935982947064e-16,1.0,1.0,ESTADOS UNIDOS DE AMERICA,EXTRA AÑEJO,2009-12-01
5647319.4,1835833.98,50818.88,2009,12,1835833.98,2699904.9,1835833.98,-2.4492935982947064e-16,1.0,1.0,ESTADOS UNIDOS DE AMERICA,JOVEN,2009-12-01
5647319.4,1835833.98,552930.6,2009,12,1835833.98,2699904.9,1835833.98,-2.4492935982947064e-16,1.0,1.0,ESTADOS UNIDOS DE AMERICA,REPOSADO,2009-12-01
7938994.59,4722963.08,85432.5,2010,1,1835833.98,2699904.9,2557616.2550000004,0.49999999999999994,0.8660254037844387,0.0,ESTADOS UNIDOS DE AMERICA,AÑEJO,2010-01-01
7938994.59,4722963.08,1394732.08,2010,1,4722963.08,2699904.9,3279398.5300000007,0.49999999999999994,0.8660254037844387,0.0,ESTADOS UNIDOS DE AMERICA,BLANCO,2010-01-01
7938994.59,4722963.08,3185289.7,2010,1,4722963.08,2699904.9,4001180.8050000006,0.49999999999999994,0.8660254037844387,0.0,ESTADOS UNIDOS DE AMERICA,JOVEN,2010-01-01
7938994.59,4722963.08,57508.8,2010,1,4722963.08,3811485.43,4722963.08,0.49999999999999994,0.8660254037844387,0.0,ESTADOS UNIDOS DE AMERICA,REPOSADO,2010-01-01
7938994.59,3216031.51,193827.46,2010,1,4722963.08,3811485.43,4346230.1875,0.49999999999999994,0.8660254037844387,1.0,ESTADOS UNIDOS DE AMERICA,AÑEJO,2010-01-01
7938994.59,3216031.51,1620805.09,2010,1,3216031.51,3811485.43,3969497.2950000004,0.49999999999999994,0.8660254037844387,1.0,ESTADOS UNIDOS DE AMERICA,BLANCO,2010-01-01
7938994.59,3216031.51,182.25,2010,1,3216031.51,3811485.43,3592764.4025000003,0.49999999999999994,0.8660254037844387,1.0,ESTADOS UNIDOS DE AMERICA,EXTRA AÑEJO,2010-01-01
7938994.59,3216031.51,54252.0,2010,1,3216031.51,1835833.98,3216031.51,0.49999999999999994,0.8660254037844387,1.0,ESTADOS UNIDOS DE AMERICA,JOVEN,2010-01-01
7938994.59,3216031.51,1346964.71,2010,1,3216031.51,1835833.98,3216031.51,0.49999999999999994,0.8660254037844387,1.0,ESTADOS UNIDOS DE AMERICA,REPOSADO,2010-01-01
8156088.62,5298692.78,50265.0,2010,2,3216031.51,1835833.98,3736696.8275000006,0.8660254037844386,0.5000000000000001,0.0,ESTADOS UNIDOS DE AMERICA,AÑEJO,2010-02-01
8156088.62,5298692.78,1204063.38,2010,2,5298692.78,1835833.98,4257362.1450000005,0.8660254037844386,0.5000000000000001,0.0,ESTADOS UNIDOS DE AMERICA,BLANCO,2010-02-01
8156088.62,5298692.78,3947384.17,2010,2,5298692.78,1835833.98,4778027.4625,0.8660254037844386,0.5000000000000001,0.0,ESTADOS UNIDOS DE AMERICA,JOVEN,2010-02-01
8156088.62,5298692.78,96980.23,2010,2,5298692.78,4722963.08,5298692.78,0.8660254037844386,0.5000000000000001,0.0,ESTADOS UNIDOS DE AMERICA,REPOSADO,2010-02-01
8156088.62,2857395.84,210611.0,2010,2,5298692.78,4722963.08,4688368.545,0.8660254037844386,0.5000000000000001,1.0,ESTADOS UNIDOS DE AMERICA,AÑEJO,2010-02-01
8156088.62,2857395.84,1600104.05,2010,2,2857395.84,4722963.08,4078044.3100000005,0.8660254037844386,0.5000000000000001,1.0,ESTADOS UNIDOS DE AMERICA,BLANCO,2010-02-01
8156088.62,2857395.84,5871.5,2010,2,2857395.84,4722963.08,3467720.075,0.8660254037844386,0.5000000000000001,1.0,ESTADOS UNIDOS DE AMERICA,EXTRA AÑEJO,2010-02-01
8156088.62,2857395.84,35579.25,2010,2,2857395.84,3216031.51,2857395.84,0.8660254037844386,0.5000000000000001,1.0,ESTADOS UNIDOS DE AMERICA,JOVEN,2010-02-01
8156088.62,2857395.84,1005230.04,2010,2,2857395.84,3216031.51,2857395.84,0.8660254037844386,0.5000000000000001,1.0,ESTADOS UNIDOS DE AMERICA,REPOSADO,2010-02-01
10328060.91,6791480.02,85200.0,2010,3,2857395.84,3216031.51,3840916.8850000002,1.0,6.123233995736766e-17,0.0,ESTADOS UNIDOS DE AMERICA,AÑEJO,2010-03-01
10328060.91,6791480.02,1596755.58,2010,3,6791480.02,3216031.51,4824437.93,1.0,6.123233995736766e-17,0.0,ESTADOS UNIDOS DE AMERICA,BLANCO,2010-03-01
10328060.91,6791480.02,5019086.39,2010,3,6791480.02,3216031.51,5807958.975,1.0,6.123233995736766e-17,0.0,ESTADOS UNIDOS DE AMERICA,JOVEN,2010-03-01
10328060.91,6791480.02,90438.05,2010,3,6791480.02,5298692.78,6791480.02,1.0,6.123233995736766e-17,0.0,ESTADOS UNIDOS DE AMERICA,REPOSADO,2010-03-01
10328060.91,3536580.89,262993.99,2010,3,6791480.02,5298692.78,5977755.2375,1.0,6.123233995736766e-17,1.0,ESTADOS UNIDOS DE AMERICA,AÑEJO,2010-03-01
10328060.91,3536580.89,1775665.76,2010,3,3536580.89,5298692.78,5164030.455,1.0,6.123233995736766e-17,1.0,ESTADOS UNIDOS DE AMERICA,BLANCO,2010-03-01
10328060.91,3536580.89,1390.5,2010,3,3536580.89,5298692.78,4350305.6725,1.0,6.123233995736766e-17,1.0,ESTADOS UNIDOS DE AMERICA,EXTRA AÑEJO,2010-03-01
10328060.91,3536580.89,104872.5,2010,3,3536580.89,2857395.84,3536580.89,1.0,6.123233995736766e-17,1.0,ESTADOS UNIDOS DE AMERICA,JOVEN,2010-03-01
10328060.91,3536580.89,1391658.14,2010,3,3536580.89,2857395.84,3536580.89,1.0,6.123233995736766e-17,1.0,ESTADOS UNIDOS DE AMERICA,REPOSADO,2010-03-01
11789263.04,8071393.59,122020.5,2010,4,3536580.89,2857395.84,4670284.065,0.8660254037844387,-0.4999999999999998,0.0,ESTADOS UNIDOS DE AMERICA,AÑEJO,2010-04-01
11789263.04,8071393.59,1569631.72,2010,4,8071393.59,2857395.84,5803987.24,0.8660254037844387,-0.4999999999999998,0.0,ESTADOS UNIDOS DE AMERICA,BLANCO,2010-04-01
11789263.04,8071393.59,6303655.9,2010,4,8071393.59,2857395.84,6937690.415000001,0.8660254037844387,-0.4999999999999998,0.0,ESTADOS UNIDOS DE AMERICA,JOVEN,2010-04-01
11789263.04,8071393.59,76085.46,2010,4,8071393.59,6791480.02,8071393.59,0.8660254037844387,-0.4999999999999998,0.0,ESTADOS UNIDOS DE AMERICA,REPOSADO,2010-04-01
11789263.04,3717869.45,315790.05,2010,4,8071393.59,6791480.02,6983012.555000001,0.8660254037844387,-0.4999999999999998,1.0,ESTADOS UNIDOS DE AMERICA,AÑEJO,2010-04-01
11789263.04,3717869.45,1932874.15,2010,4,3717869.45,6791480.02,5894631.5200000005,0.8660254037844387,-0.4999999999999998,1.0,ESTADOS UNIDOS DE AMERICA,BLANCO,2010-04-01
11789263.04,3717869.45,1726.5,2010,4,3717869.45,6791480.02,4806250.485,0.8660254037844387,-0.4999999999999998,1.0,ESTADOS UNIDOS DE AMERICA,EXTRA AÑEJO,2010-04-01
11789263.04,3717869.45,100476.0,2010,4,3717869.45,3536580.89,3717869.45,0.8660254037844387,-0.4999999999999998,1.0,ESTADOS UNIDOS DE AMERICA,JOVEN,2010-04-01
11789263.04,3717869.45,1367002.75,2010,4,3717869.45,3536580.89,3717869.45,0.8660254037844387,-0.4999999999999998,1.0,ESTADOS UNIDOS DE AMERICA,REPOSADO,2010-04-01
9309356.9,5548728.3,65275.5,2010,5,3717869.45,3536580.89,4175584.1625000006,0.49999999999999994,-0.8660254037844387,0.0,ESTADOS UNIDOS DE AMERICA,AÑEJO,2010-05-01
9309356.9,5548728.3,1274559.86,2010,5,5548728.3,3536580.89,4633298.875000001,0.49999999999999994,-0.8660254037844387,0.0,ESTADOS UNIDOS DE AMERICA,BLANCO,2010-05-01
9309356.9,5548728.3,4169593.94,2010,5,5548728.3,3536580.89,5091013.5875,0.49999999999999994,-0.8660254037844387,0.0,ESTADOS UNIDOS DE AMERICA,JOVEN,2010-05-01
9309356.9,5548728.3,39299.0,2010,5,5548728.3,8071393.59,5548728.3,0.49999999999999994,-0.8660254037844387,0.0,ESTADOS UNIDOS DE AMERICA,REPOSADO,2010-05-01
9309356.9,3760628.6,259055.64,2010,5,5548728.3,8071393.59,5101703.375,0.49999999999999994,-0.8660254037844387,1.0,ESTADOS UNIDOS DE AMERICA,AÑEJO,2010-05-01
9309356.9,3760628.6,2206258.84,2010,5,3760628.6,8071393.59,4654678.45,0.49999999999999994,-0.8660254037844387,1.0,ESTADOS UNIDOS DE AMERICA,BLANCO,2010-05-01
9309356.9,3760628.6,1044.75,2010,5,3760628.6,8071393.59,4207653.525,0.49999999999999994,-0.8660254037844387,1.0,ESTADOS UNIDOS DE AMERICA,EXTRA AÑEJO,2010-05-01
9309356.9,3760628.6,105075.94,2010,5,3760628.6,3717869.45,3760628.6,0.49999999999999994,-0.8660254037844387,1.0,ESTADOS UNIDOS DE AMERICA,JOVEN,2010-05-01
9309356.9,3760628.6,1189193.44,2010,5,3760628.6,3717869.45,3760628.6,0.49999999999999994,-0.8660254037844387,1.0,ESTADOS UNIDOS DE AMERICA,REPOSADO,2010-05-01
11885928.2,7897814.14,107895.0,2010,6,3760628.6,3717869.45,4794924.985,1.2246467991473532e-16,-1.0,0.0,ESTADOS UNIDOS DE AMERICA,AÑEJO,2010-06-01
11885928.2,7897814.14,1670139.48,2010,6,7897814.14,3717869.45,5829221.37,1.2246467991473532e-16,-1.0,0.0,ESTADOS UNIDOS DE AMERICA,BLANCO,2010-06-01
11885928.2,7897814.14,6022171.55,2010,6,7897814.14,3717869.45,6863517.755,1.2246467991473532e-16,-1.0,0.0,ESTADOS UNIDOS DE AMERICA,JOVEN,2010-06-01
11885928.2,7897814.14,97608.12,2010,6,7897814.14,5548728.3,7897814.14,1.2246467991473532e-16,-1.0,0.0,ESTADOS UNIDOS DE AMERICA,REPOSADO,2010-06-01
11885928.2,3988114.06,285219.18,2010,6,7897814.14,5548728.3,6920389.12,1.2246467991473532e-16,-1.0,1.0,ESTADOS UNIDOS DE AMERICA,AÑEJO,2010-06-01
11885928.2,3988114.06,2051148.13,2010,6,3988114.06,5548728.3,5942964.1,1.2246467991473532e-16,-1.0,1.0,ESTADOS UNIDOS DE AMERICA,BLANCO,2010-06-01
11885928.2,3988114.06,1059.38,2010,6,3988114.06,5548728.3,4965539.08,1.2246467991473532e-16,-1.0,1.0,ESTADOS UNIDOS DE AMERICA,EXTRA AÑEJO,2010-06-01
11885928.2,3988114.06,150705.0,2010,6,3988114.06,3760628.6,3988114.06,1.2246467991473532e-16,-1.0,1.0,ESTADOS UNIDOS DE AMERICA,JOVEN,2010-06-01
11885928.2,3988114.06,1499982.39,2010,6,3988114.06,3760628.6,3988114.06,1.2246467991473532e-16,-1.0,1.0,ESTADOS UNIDOS DE AMERICA,REPOSADO,2010-06-01
9190315.24,5045404.55,71562.0,2010,7,3988114.06,3760628.6,4252436.682500001,-0.4999999999999997,-0.8660254037844388,0.0,ESTADOS UNIDOS DE AMERICA,AÑEJO,2010-07-01
9190315.24,5045404.55,2005142.04,2010,7,5045404.55,3760628.6,4516759.305000001,-0.4999999999999997,-0.8660254037844388,0.0,ESTADOS UNIDOS DE AMERICA,BLANCO,2010-07-01
9190315.24,5045404.55,2917697.51,2010,7,5045404.55,3760628.6,4781081.9275,-0.4999999999999997,-0.8660254037844388,0.0,ESTADOS UNIDOS DE AMERICA,JOVEN,2010-07-01
9190315.24,5045404.55,51003.0,2010,7,5045404.55,7897814.14,5045404.55,-0.4999999999999997,-0.8660254037844388,0.0,ESTADOS UNIDOS DE AMERICA,REPOSADO,2010-07-01
9190315.24,4144910.69,307966.65,2010,7,5045404.55,7897814.14,4820281.085,-0.4999999999999997,-0.8660254037844388,1.0,ESTADOS UNIDOS DE AMERICA,AÑEJO,2010-07-01
9190315.24,4144910.69,2131982.23,2010,7,4144910.69,7897814.14,4595157.62,-0.4999999999999997,-0.8660254037844388,1.0,ESTADOS UNIDOS DE AMERICA,BLANCO,2010-07-01
9190315.24,4144910.69,7491.0,2010,7,4144910.69,7897814.14,4370034.155,-0.4999999999999997,-0.8660254037844388,1.0,ESTADOS UNIDOS DE AMERICA,EXTRA AÑEJO,2010-07-01
9190315.24,4144910.69,142261.88,2010,7,4144910.69,3988114.06,4144910.69,-0.4999999999999997,-0.8660254037844388,1.0,ESTADOS UNIDOS DE AMERICA,JOVEN,2010-07-01
9190315.24,4144910.69,1555208.94,2010,7,4144910.69,3988114.06,4144910.69,-0.4999999999999997,-0.8660254037844388,1.0,ESTADOS UNIDOS DE AMERICA,REPOSADO,2010-07-01
9956299.12,5924915.8,48780.0,2010,8,4144910.69,3988114.06,4589911.9675,-0.8660254037844385,-0.5000000000000004,0.0,ESTADOS UNIDOS DE AMERICA,AÑEJO,2010-08-01
9956299.12,5924915.8,1723095.41,2010,8,5924915.8,3988114.06,5034913.245,-0.8660254037844385,-0.5000000000000004,0.0,ESTADOS UNIDOS DE AMERICA,BLANCO,2010-08-01
9956299.12,5924915.8,4091929.58,2010,8,5924915.8,3988114.06,5479914.5225,-0.8660254037844385,-0.5000000000000004,0.0,ESTADOS UNIDOS DE AMERICA,JOVEN,2010-08-01
9956299.12,5924915.8,61110.82,2010,8,5924915.8,5045404.55,5924915.8,-0.8660254037844385,-0.5000000000000004,0.0,ESTADOS UNIDOS DE AMERICA,REPOSADO,2010-08-01
9956299.12,4031383.32,271340.15,2010,8,5924915.8,5045404.55,5451532.680000001,-0.8660254037844385,-0.5000000000000004,1.0,ESTADOS UNIDOS DE AMERICA,AÑEJO,2010-08-01
9956299.12,4031383.32,2175587.78,2010,8,4031383.32,5045404.55,4978149.5600000005,-0.8660254037844385,-0.5000000000000004,1.0,ESTADOS UNIDOS DE AMERICA,BLANCO,2010-08-01
9956299.12,4031383.32,6487.5,2010,8,4031383.32,5045404.55,4504766.44,-0.8660254037844385,-0.5000000000000004,1.0,ESTADOS UNIDOS DE AMERICA,EXTRA AÑEJO,2010-08-01
9956299.12,4031383.32,107295.38,2010,8,4031383.32,4144910.69,4031383.32,-0.8660254037844385,-0.5000000000000004,1.0,ESTADOS UNIDOS DE AMERICA,JOVEN,2010-08-01
9956299.12,4031383.32,1470672.52,2010,8,4031383.32,4144910.69,4031383.32,-0.8660254037844385,-0.5000000000000004,1.0,ESTADOS UNIDOS DE AMERICA,REPOSADO,2010-08-01
12044752.74,8008383.5,53415.0,2010,9,4031383.32,4144910.69,5025633.365,-1.0,-1.8369701987210297e-16,0.0,ESTADOS UNIDOS DE AMERICA,AÑEJO,2010-09-01
12044752.74,8008383.5,2281884.25,2010,9,8008383.5,4144910.69,6019883.41,-1.0,-1.8369701987210297e-16,0.0,ESTADOS UNIDOS DE AMERICA,BLANCO,2010-09-01
12044752.74,8008383.5,5663369.26,2010,9,8008383.5,4144910.69,7014133.455,-1.0,-1.8369701987210297e-16,0.0,ESTADOS UNIDOS DE AMERICA,JOVEN,2010-09-01
12044752.74,8008383.5,9715.0,2010,9,8008383.5,5924915.8,8008383.5,-1.0,-1.8369701987210297e-16,0.0,ESTADOS UNIDOS DE AMERICA,REPOSADO,2010-09-01
12044752.74,4036369.24,304678.58,2010,9,8008383.5,5924915.8,7015379.9350000005,-1.0,-1.8369701987210297e-16,1.0,ESTADOS UNIDOS DE AMERICA,AÑEJO,2010-09-01
12044752.74,4036369.24,2157222.59,2010,9,4036369.24,5924915.8,6022376.37,-1.0,-1.8369701987210297e-16,1.0,ESTADOS UNIDOS DE AMERICA,BLANCO,2010-09-01
12044752.74,4036369.24,3488.25,2010,9,4036369.24,5924915.8,5029372.805000001,-1.0,-1.8369701987210297e-16,1.0,ESTADOS UNIDOS DE AMERICA,EXTRA AÑEJO,2010-09-01
12044752.74,4036369.24,71767.5,2010,9,4036369.24,4031383.32,4036369.24,-1.0,-1.8369701987210297e-16,1.0,ESTADOS UNIDOS DE AMERICA,JOVEN,2010-09-01
12044752.74,4036369.24,1499212.33,2010,9,4036369.24,4031383.32,4036369.24,-1.0,-1.8369701987210297e-16,1.0,ESTADOS UNIDOS DE AMERICA,REPOSADO,2010-09-01
9697395.32,5659257.86,82927.5,2010,10,4036369.24,4031383.32,4442091.3950000005,-0.8660254037844386,0.5000000000000001,0.0,ESTADOS UNIDOS DE AMERICA,AÑEJO,2010-10-01
9697395.32,5659257.86,1817712.99,2010,10,5659257.86,4031383.32,4847813.550000001,-0.8660254037844386,0.5000000000000001,0.0,ESTADOS UNIDOS DE AMERICA,BLANCO,2010-10-01
9697395.32,5659257.86,3751533.87,2010,10,5659257.86,4031383.32,5253535.705000001,-0.8660254037844386,0.5000000000000001,0.0,ESTADOS UNIDOS DE AMERICA,JOVEN,2010-10-01
9697395.32,5659257.86,7083.5,2010,10,5659257.86,8008383.5,5659257.86,-0.8660254037844386,0.5000000000000001,0.0,ESTADOS UNIDOS DE AMERICA,REPOSADO,2010-10-01
9697395.32,4038137.46,381469.33,2010,10,5659257.86,8008383.5,5253977.760000001,-0.8660254037844386,0.5000000000000001,1.0,ESTADOS UNIDOS DE AMERICA,AÑEJO,2010-10-01
9697395.32,4038137.46,2111652.13,2010,10,4038137.46,8008383.5,4848697.66,-0.8660254037844386,0.5000000000000001,1.0,ESTADOS UNIDOS DE AMERICA,BLANCO,2010-10-01
9697395.32,4038137.46,1352.25,2010,10,4038137.46,8008383.5,4443417.5600000005,-0.8660254037844386,0.5000000000000001,1.0,ESTADOS UNIDOS DE AMERICA,EXTRA AÑEJO,2010-10-01
9697395.32,4038137.46,37388.44,2010,10,4038137.46,4036369.24,4038137.46,-0.8660254037844386,0.5000000000000001,1.0,ESTADOS UNIDOS DE AMERICA,JOVEN,2010-10-01
9697395.32,4038137.46,1506275.33,2010,10,4038137.46,4036369.24,4038137.46,-0.8660254037844386,0.5000000000000001,1.0,ESTADOS UNIDOS DE AMERICA,REPOSADO,2010-10-01
11166111.87,6680659.57,94549.5,2010,11,4038137.46,4036369.24,4698767.987500001,-0.5000000000000004,0.8660254037844384,0.0,ESTADOS UNIDOS DE AMERICA,AÑEJO,2010-11-01
11166111.87,6680659.57,1555751.78,2010,11,6680659.57,4036369.24,5359398.515000001,-0.5000000000000004,0.8660254037844384,0.0,ESTADOS UNIDOS DE AMERICA,BLANCO,2010-11-01
11166111.87,6680659.57,5015370.29,2010,11,6680659.57,4036369.24,6020029.0425,-0.5000000000000004,0.8660254037844384,0.0,ESTADOS UNIDOS DE AMERICA,JOVEN,2010-11-01
11166111.87,6680659.57,14988.0,2010,11,6680659.57,5659257.86,6680659.57,-0.5000000000000004,0.8660254037844384,0.0,ESTADOS UNIDOS DE AMERICA,REPOSADO,2010-11-01
11166111.87,4485452.3,393831.38,2010,11,6680659.57,5659257.86,6131857.752500001,-0.5000000000000004,0.8660254037844384,1.0,ESTADOS UNIDOS DE AMERICA,AÑEJO,2010-11-01
11166111.87,4485452.3,2286828.93,2010,11,4485452.3,5659257.86,5583055.9350000005,-0.5000000000000004,0.8660254037844384,1.0,ESTADOS UNIDOS DE AMERICA,BLANCO,2010-11-01
11166111.87,4485452.3,7104.0,2010,11,4485452.3,5659257.86,5034254.117500001,-0.5000000000000004,0.8660254037844384,1.0,ESTADOS UNIDOS DE AMERICA,EXTRA AÑEJO,2010-11-01
11166111.87,4485452.3,66600.0,2010,11,4485452.3,4038137.46,4485452.3,-0.5000000000000004,0.8660254037844384,1.0,ESTADOS UNIDOS DE AMERICA,JOVEN,2010-11-01
11166111.87,4485452.3,1731088.0,2010,11,4485452.3,4038137.46,4485452.3,-0.5000000000000004,0.8660254037844384,1.0,ESTADOS UNIDOS DE AMERICA,REPOSADO,2010-11-01
6130587.27,3191405.72,52188.0,2010,12,4485452.3,4038137.46,4161940.6550000003,-2.4492935982947064e-16,1.0,0.0,ESTADOS UNIDOS DE AMERICA,AÑEJO,2010-12-01
6130587.27,3191405.72,1086386.68,2010,12,3191405.72,4038137.46,3838429.0100000007,-2.4492935982947064e-16,1.0,0.0,ESTADOS UNIDOS DE AMERICA,BLANCO,2010-12-01
6130587.27,3191405.72,2030828.64,2010,12,3191405.72,4038137.46,3514917.365,-2.4492935982947064e-16,1.0,0.0,ESTADOS UNIDOS DE AMERICA,JOVEN,2010-12-01
6130587.27,3191405.72,22002.4,2010,12,3191405.72,6680659.57,3191405.72,-2.4492935982947064e-16,1.0,0.0,ESTADOS UNIDOS DE AMERICA,REPOSADO,2010-12-01
6130587.27,2939181.55,185797.73,2010,12,3191405.72,6680659.57,3128349.6775,-2.4492935982947064e-16,1.0,1.0,ESTADOS UNIDOS DE AMERICA,AÑEJO,2010-12-01
6130587.27,2939181.55,1636936.03,2010,12,2939181.55,6680659.57,3065293.6350000007,-2.4492935982947064e-16,1.0,1.0,ESTADOS UNIDOS DE AMERICA,BLANCO,2010-12-01
6130587.27,2939181.55,2450.18,2010,12,2939181.55,6680659.57,3002237.5925000003,-2.4492935982947064e-16,1.0,1.0,ESTADOS UNIDOS DE AMERICA,EXTRA AÑEJO,2010-12-01
6130587.27,2939181.55,73089.94,2010,12,2939181.55,4485452.3,2939181.55,-2.4492935982947064e-16,1.0,1.0,ESTADOS UNIDOS DE AMERICA,JOVEN,2010-12-01
6130587.27,2939181.55,1040907.69,2010,12,2939181.55,4485452.3,2939181.55,-2.4492935982947064e-16,1.0,1.0,ESTADOS UNIDOS DE AMERICA,REPOSADO,2010-12-01
9499972.19,5808629.42,84661.5,2011,1,2939181.55,4485452.3,3656543.5175,0.49999999999999994,0.8660254037844387,0.0,ESTADOS UNIDOS DE AMERICA,AÑEJO,2011-01-01
9499972.19,5808629.42,1856311.05,2011,1,5808629.42,4485452.3,4373905.485,0.49999999999999994,0.8660254037844387,0.0,ESTADOS UNIDOS DE AMERICA,BLANCO,2011-01-01
9499972.19,5808629.42,3844431.86,2011,1,5808629.42,4485452.3,5091267.452500001,0.49999999999999994,0.8660254037844387,0.0,ESTADOS UNIDOS DE AMERICA,JOVEN,2011-01-01
9499972.19,5808629.42,23225.0,2011,1,5808629.42,3191405.72,5808629.42,0.49999999999999994,0.8660254037844387,0.0,ESTADOS UNIDOS DE AMERICA,REPOSADO,2011-01-01
9499972.19,3691342.77,266105.8,2011,1,5808629.42,3191405.72,5279307.7575,0.49999999999999994,0.8660254037844387,1.0,ESTADOS UNIDOS DE AMERICA,AÑEJO,2011-01-01
9499972.19,3691342.77,2097020.73,2011,1,3691342.77,3191405.72,4749986.095000001,0.49999999999999994,0.8660254037844387,1.0,ESTADOS UNIDOS DE AMERICA,BLANCO,2011-01-01
9499972.19,3691342.77,6651.75,2011,1,3691342.77,3191405.72,4220664.432500001,0.49999999999999994,0.8660254037844387,1.0,ESTADOS UNIDOS DE AMERICA,EXTRA AÑEJO,2011-01-01
9499972.19,3691342.77,64002.94,2011,1,3691342.77,2939181.55,3691342.77,0.49999999999999994,0.8660254037844387,1.0,ESTADOS UNIDOS DE AMERICA,JOVEN,2011-01-01
9499972.19,3691342.77,1257561.56,2011,1,3691342.77,2939181.55,3691342.77,0.49999999999999994,0.8660254037844387,1.0,ESTADOS UNIDOS DE AMERICA,REPOSADO,2011-01-01
9561646.48,6013321.05,55309.5,2011,2,3691342.77,2939181.55,4271837.34,0.8660254037844386,0.5000000000000001,0.0,ESTADOS UNIDOS DE AMERICA,AÑEJO,2011-02-01
9561646.48,6013321.05,1544938.66,2011,2,6013321.05,2939181.55,4852331.91,0.8660254037844386,0.5000000000000001,0.0,ESTADOS UNIDOS DE AMERICA,BLANCO,2011-02-01
9561646.48,6013321.05,4341460.13,2011,2,6013321.05,2939181.55,5432826.48,0.8660254037844386,0.5000000000000001,0.0,ESTADOS UNIDOS DE AMERICA,JOVEN,2011-02-01
9561646.48,6013321.05,71612.77,2011,2,6013321.05,5808629.42,6013321.05,0.8660254037844386,0.5000000000000001,0.0,ESTADOS UNIDOS DE AMERICA,REPOSADO,2011-02-01
9561646.48,3548325.43,230804.75,2011,2,6013321.05,5808629.42,5397072.1450000005,0.8660254037844386,0.5000000000000001,1.0,ESTADOS UNIDOS DE AMERICA,AÑEJO,2011-02-01
9561646.48,3548325.43,1818336.93,2011,2,3548325.43,5808629.42,4780823.24,0.8660254037844386,0.5000000000000001,1.0,ESTADOS UNIDOS DE AMERICA,BLANCO,2011-02-01
9561646.48,3548325.43,4323.0,2011,2,3548325.43,5808629.42,4164574.3350000004,0.8660254037844386,0.5000000000000001,1.0,ESTADOS UNIDOS DE AMERICA,EXTRA AÑEJO,2011-02-01
9561646.48,3548325.43,70738.69,2011,2,3548325.43,3691342.77,3548325.43,0.8660254037844386,0.5000000000000001,1.0,ESTADOS UNIDOS DE AMERICA,JOVEN,2011-02-01
9561646.48,3548325.43,1424122.06,2011,2,3548325.43,3691342.77,3548325.43,0.8660254037844386,0.5000000000000001,1.0,ESTADOS UNIDOS DE AMERICA,REPOSADO,2011-02-01
12180819.66,7275062.97,112897.5,2011,3,3548325.43,3691342.77,4480009.815,1.0,6.123233995736766e-17,0.0,ESTADOS UNIDOS DE AMERICA,AÑEJO,2011-03-01
12180819.66,7275062.97,1959149.48,2011,3,7275062.97,3691342.77,5411694.2,1.0,6.123233995736766e-17,0.0,ESTADOS UNIDOS DE AMERICA,BLANCO,2011-03-01
12180819.66,7275062.97,5185792.99,2011,3,7275062.97,3691342.77,6343378.585000001,1.0,6.123233995736766e-17,0.0,ESTADOS UNIDOS DE AMERICA,JOVEN,2011-03-01
12180819.66,7275062.97,17223.0,2011,3,7275062.97,6013321.05,7275062.97,1.0,6.123233995736766e-17,0.0,ESTADOS UNIDOS DE AMERICA,REPOSADO,2011-03-01
12180819.66,4905756.69,315717.32,2011,3,7275062.97,6013321.05,6682736.4,1.0,6.123233995736766e-17,1.0,ESTADOS UNIDOS DE AMERICA,AÑEJO,2011-03-01
12180819.66,4905756.69,2574768.71,2011,3,4905756.69,6013321.05,6090409.83,1.0,6.123233995736766e-17,1.0,ESTADOS UNIDOS DE AMERICA,BLANCO,2011-03-01
12180819.66,4905756.69,1781.63,2011,3,4905756.69,6013321.05,5498083.260000001,1.0,6.123233995736766e-17,1.0,ESTADOS UNIDOS DE AMERICA,EXTRA AÑEJO,2011-03-01
12180819.66,4905756.69,90311.63,2011,3,4905756.69,3548325.43,4905756.69,1.0,6.123233995736766e-17,1.0,ESTADOS UNIDOS DE AMERICA,JOVEN,2011-03-01
12180819.66,4905756.69,1923177.41,2011,3,4905756.69,3548325.43,4905756.69,1.0,6.123233995736766e-17,1.0,ESTADOS UNIDOS DE AMERICA,REPOSADO,2011-03-01
10627901.59,6248693.09,115543.5,2011,4,4905756.69,3548325.43,5241490.790000001,0.8660254037844387,-0.4999999999999998,0.0,ESTADOS UNIDOS DE AMERICA,AÑEJO,2011-04-01
10627901.59,6248693.09,1369263.89,2011,4,6248693.09,3548325.43,5577224.890000001,0.8660254037844387,-0.4999999999999998,0.0,ESTADOS UNIDOS DE AMERICA,BLANCO,2011-04-01
10627901.59,6248693.09,4750662.96,2011,4,6248693.09,3548325.43,5912958.99,0.8660254037844387,-0.4999999999999998,0.0,ESTADOS UNIDOS DE AMERICA,JOVEN,2011-04-01
10627901.59,6248693.09,13222.75,2011,4,6248693.09,7275062.97,6248693.09,0.8660254037844387,-0.4999999999999998,0.0,ESTADOS UNIDOS DE AMERICA,REPOSADO,2011-04-01
10627901.59,4379208.49,263204.86,2011,4,6248693.09,7275062.97,5781321.940000001,0.8660254037844387,-0.4999999999999998,1.0,ESTADOS UNIDOS DE AMERICA,AÑEJO,2011-04-01
10627901.59,4379208.49,2385339.6,2011,4,4379208.49,7275062.97,5313950.79,0.8660254037844387,-0.4999999999999998,1.0,ESTADOS UNIDOS DE AMERICA,BLANCO,2011-04-01
10627901.59,4379208.49,8754.34,2011,4,4379208.49,7275062.97,4846579.640000001,0.8660254037844387,-0.4999999999999998,1.0,ESTADOS UNIDOS DE AMERICA,EXTRA AÑEJO,2011-04-01
10627901.59,4379208.49,104067.38,2011,4,4379208.49,4905756.69,4379208.49,0.8660254037844387,-0.4999999999999998,1.0,ESTADOS UNIDOS DE AMERICA,JOVEN,2011-04-01
10627901.59,4379208.49,1617842.32,2011,4,4379208.49,4905756.69,4379208.49,0.8660254037844387,-0.4999999999999998,1.0,ESTADOS UNIDOS DE AMERICA,REPOSADO,2011-04-01
11920407.14,6996458.49,97497.0,2011,5,4379208.49,4905756.69,5033520.99,0.49999999999999994,-0.8660254037844387,0.0,ESTADOS UNIDOS DE AMERICA,AÑEJO,2011-05-01
11920407.14,6996458.49,1922683.22,2011,5,6996458.49,4905756.69,5687833.49,0.49999999999999994,-0.8660254037844387,0.0,ESTADOS UNIDOS DE AMERICA,BLANCO,2011-05-01
11920407.14,6996458.49,4945017.07,2011,5,6996458.49,4905756.69,6342145.99,0.49999999999999994,-0.8660254037844387,0.0,ESTADOS UNIDOS DE AMERICA,JOVEN,2011-05-01
11920407.14,6996458.49,31261.2,2011,5,6996458.49,6248693.09,6996458.49,0.49999999999999994,-0.8660254037844387,0.0,ESTADOS UNIDOS DE AMERICA,REPOSADO,2011-05-01
11920407.14,4923948.65,345552.0,2011,5,6996458.49,6248693.09,6478331.03,0.49999999999999994,-0.8660254037844387,1.0,ESTADOS UNIDOS DE AMERICA,AÑEJO,2011-05-01
11920407.14,4923948.65,2861173.2,2011,5,4923948.65,6248693.09,5960203.57,0.49999999999999994,-0.8660254037844387,1.0,ESTADOS UNIDOS DE AMERICA,BLANCO,2011-05-01
11920407.14,4923948.65,2979.75,2011,5,4923948.65,6248693.09,5442076.11,0.49999999999999994,-0.8660254037844387,1.0,ESTADOS UNIDOS DE AMERICA,EXTRA AÑEJO,2011-05-01
11920407.14,4923948.65,132915.38,2011,5,4923948.65,4379208.49,4923948.65,0.49999999999999994,-0.8660254037844387,1.0,ESTADOS UNIDOS DE AMERICA,JOVEN,2011-05-01
11920407.14,4923948.65,1581328.33,2011,5,4923948.65,4379208.49,4923948.65,0.49999999999999994,-0.8660254037844387,1.0,ESTADOS UNIDOS DE AMERICA,REPOSADO,2011-05-01
9382312.18,5467346.86,77710.5,2011,6,4923948.65,4379208.49,5059798.202500001,1.2246467991473532e-16,-1.0,0.0,ESTADOS UNIDOS DE AMERICA,AÑEJO,2011-06-01
9382312.18,5467346.86,1757193.64,2011,6,5467346.86,4379208.49,5195647.755000001,1.2246467991473532e-16,-1.0,0.0,ESTADOS UNIDOS DE AMERICA,BLANCO,2011-06-01
9382312.18,5467346.86,3589047.53,2011,6,5467346.86,4379208.49,5331497.307500001,1.2246467991473532e-16,-1.0,0.0,ESTADOS UNIDOS DE AMERICA,JOVEN,2011-06-01
9382312.18,5467346.86,43395.19,2011,6,5467346.86,6996458.49,5467346.86,1.2246467991473532e-16,-1.0,0.0,ESTADOS UNIDOS DE AMERICA,REPOSADO,2011-06-01
9382312.18,3914965.32,217772.95,2011,6,5467346.86,6996458.49,5079251.475000001,1.2246467991473532e-16,-1.0,1.0,ESTADOS UNIDOS DE AMERICA,AÑEJO,2011-06-01
9382312.18,3914965.32,2137964.95,2011,6,3914965.32,6996458.49,4691156.090000001,1.2246467991473532e-16,-1.0,1.0,ESTADOS UNIDOS DE AMERICA,BLANCO,2011-06-01
9382312.18,3914965.32,2135.63,2011,6,3914965.32,6996458.49,4303060.705000001,1.2246467991473532e-16,-1.0,1.0,ESTADOS UNIDOS DE AMERICA,EXTRA AÑEJO,2011-06-01
9382312.18,3914965.32,171873.38,2011,6,3914965.32,4923948.65,3914965.32,1.2246467991473532e-16,-1.0,1.0,ESTADOS UNIDOS DE AMERICA,JOVEN,2011-06-01
9382312.18,3914965.32,1385218.42,2011,6,3914965.32,4923948.65,3914965.32,1.2246467991473532e-16,-1.0,1.0,ESTADOS UNIDOS DE AMERICA,REPOSADO,2011-06-01
12619717.68,8343156.86,71268.0,2011,7,3914965.32,4923948.65,5022013.205,-0.4999999999999997,-0.8660254037844388,0.0,ESTADOS UNIDOS DE AMERICA,AÑEJO,2011-07-01
12619717.68,8343156.86,2288829.69,2011,7,8343156.86,4923948.65,6129061.090000001,-0.4999999999999997,-0.8660254037844388,0.0,ESTADOS UNIDOS DE AMERICA,BLANCO,2011-07-01
12619717.68,8343156.86,5926595.93,2011,7,8343156.86,4923948.65,7236108.975000001,-0.4999999999999997,-0.8660254037844388,0.0,ESTADOS UNIDOS DE AMERICA,JOVEN,2011-07-01
12619717.68,8343156.86,56463.25,2011,7,8343156.86,5467346.86,8343156.86,-0.4999999999999997,-0.8660254037844388,0.0,ESTADOS UNIDOS DE AMERICA,REPOSADO,2011-07-01
12619717.68,4276560.81,268679.55,2011,7,8343156.86,5467346.86,7326507.8475,-0.4999999999999997,-0.8660254037844388,1.0,ESTADOS UNIDOS DE AMERICA,AÑEJO,2011-07-01
12619717.68,4276560.81,2409111.15,2011,7,4276560.81,5467346.86,6309858.835000001,-0.4999999999999997,-0.8660254037844388,1.0,ESTADOS UNIDOS DE AMERICA,BLANCO,2011-07-01
12619717.68,4276560.81,20579.4,2011,7,4276560.81,5467346.86,5293209.822500001,-0.4999999999999997,-0.8660254037844388,1.0,ESTADOS UNIDOS DE AMERICA,EXTRA AÑEJO,2011-07-01
12619717.68,4276560.81,122671.88,2011,7,4276560.81,3914965.32,4276560.81,-0.4999999999999997,-0.8660254037844388,1.0,ESTADOS UNIDOS DE AMERICA,JOVEN,2011-07-01
12619717.68,4276560.81,1455518.84,2011,7,4276560.81,3914965.32,4276560.81,-0.4999999999999997,-0.8660254037844388,1.0,ESTADOS UNIDOS DE AMERICA,REPOSADO,2011-07-01
11178254.14,6357834.01,41377.5,2011,8,4276560.81,3914965.32,4796879.11,-0.8660254037844385,-0.5000000000000004,0.0,ESTADOS UNIDOS DE AMERICA,AÑEJO,2011-08-01
11178254.14,6357834.01,1815808.65,2011,8,6357834.01,3914965.32,5317197.41,-0.8660254037844385,-0.5000000000000004,0.0,ESTADOS UNIDOS DE AMERICA,BLANCO,2011-08-01
11178254.14,6357834.01,4474885.66,2011,8,6357834.01,3914965.32,5837515.710000001,-0.8660254037844385,-0.5000000000000004,0.0,ESTADOS UNIDOS DE AMERICA,JOVEN,2011-08-01
11178254.14,6357834.01,25762.2,2011,8,6357834.01,8343156.86,6357834.01,-0.8660254037844385,-0.5000000000000004,0.0,ESTADOS UNIDOS DE AMERICA,REPOSADO,2011-08-01
11178254.14,4820420.14,281777.25,2011,8,6357834.01,8343156.86,5973480.5425,-0.8660254037844385,-0.5000000000000004,1.0,ESTADOS UNIDOS DE AMERICA,AÑEJO,2011-08-01
11178254.14,4820420.14,2649287.45,2011,8,4820420.14,8343156.86,5589127.075000001,-0.8660254037844385,-0.5000000000000004,1.0,ESTADOS UNIDOS DE AMERICA,BLANCO,2011-08-01
11178254.14,4820420.14,635.25,2011,8,4820420.14,8343156.86,5204773.6075,-0.8660254037844385,-0.5000000000000004,1.0,ESTADOS UNIDOS DE AMERICA,EXTRA AÑEJO,2011-08-01
11178254.14,4820420.14,164829.84,2011,8,4820420.14,4276560.81,4820420.14,-0.8660254037844385,-0.5000000000000004,1.0,ESTADOS UNIDOS DE AMERICA,JOVEN,2011-08-01
11178254.14,4820420.14,1723890.35,2011,8,4820420.14,4276560.81,4820420.14,-0.8660254037844385,-0.5000000000000004,1.0,ESTADOS UNIDOS DE AMERICA,REPOSADO,2011-08-01
10944411.58,5974571.95,77232.0,2011,9,4820420.14,4276560.81,5108958.0925,-1.0,-1.8369701987210297e-16,0.0,ESTADOS UNIDOS DE AMERICA,AÑEJO,2011-09-01
10944411.58,5974571.95,2182024.61,2011,9,5974571.95,4276560.81,5397496.045,-1.0,-1.8369701987210297e-16,0.0,ESTADOS UNIDOS DE AMERICA,BLANCO,2011-09-01
10944411.58,5974571.95,3671904.13,2011,9,5974571.95,4276560.81,5686033.9975000005,-1.0,-1.8369701987210297e-16,0.0,ESTADOS UNIDOS DE AMERICA,JOVEN,2011-09-01
10944411.58,5974571.95,43411.21,2011,9,5974571.95,6357834.01,5974571.95,-1.0,-1.8369701987210297e-16,0.0,ESTADOS UNIDOS DE AMERICA,REPOSADO,2011-09-01
10944411.58,4969839.63,341351.69,2011,9,5974571.95,6357834.01,5723388.870000001,-1.0,-1.8369701987210297e-16,1.0,ESTADOS UNIDOS DE AMERICA,AÑEJO,2011-09-01
10944411.58,4969839.63,2621245.56,2011,9,4969839.63,6357834.01,5472205.790000001,-1.0,-1.8369701987210297e-16,1.0,ESTADOS UNIDOS DE AMERICA,BLANCO,2011-09-01
10944411.58,4969839.63,2843.0,2011,9,4969839.63,6357834.01,5221022.710000001,-1.0,-1.8369701987210297e-16,1.0,ESTADOS UNIDOS DE AMERICA,EXTRA AÑEJO,2011-09-01
10944411.58,4969839.63,119424.38,2011,9,4969839.63,4820420.14,4969839.63,-1.0,-1.8369701987210297e-16,1.0,ESTADOS UNIDOS DE AMERICA,JOVEN,2011-09-01
10944411.58,4969839.63,1884975.0,2011,9,4969839.63,4820420.14,4969839.63,-1.0,-1.8369701987210297e-16,1.0,ESTADOS UNIDOS DE AMERICA,REPOSADO,2011-09-01
9766970.34,4986572.19,93034.5,2011,10,4969839.63,4820420.14,4974022.7700000005,-0.8660254037844386,0.5000000000000001,0.0,ESTADOS UNIDOS DE AMERICA,AÑEJO,2011-10-01
9766970.34,4986572.19,1215119.06,2011,10,4986572.19,4820420.14,4978205.91,-0.8660254037844386,0.5000000000000001,0.0,ESTADOS UNIDOS DE AMERICA,BLANCO,2011-10-01
9766970.34,4986572.19,3604211.86,2011,10,4986572.19,4820420.14,4982389.050000001,-0.8660254037844386,0.5000000000000001,0.0,ESTADOS UNIDOS DE AMERICA,JOVEN,2011-10-01
9766970.34,4986572.19,74206.77,2011,10,4986572.19,5974571.95,4986572.19,-0.8660254037844386,0.5000000000000001,0.0,ESTADOS UNIDOS DE AMERICA,REPOSADO,2011-10-01
9766970.34,4780398.15,375163.89,2011,10,4986572.19,5974571.95,4935028.680000001,-0.8660254037844386,0.5000000000000001,1.0,ESTADOS UNIDOS DE AMERICA,AÑEJO,2011-10-01
9766970.34,4780398.15,2616993.36,2011,10,4780398.15,5974571.95,4883485.170000001,-0.8660254037844386,0.5000000000000001,1.0,ESTADOS UNIDOS DE AMERICA,BLANCO,2011-10-01
9766970.34,4780398.15,8308.5,2011,10,4780398.15,5974571.95,4831941.66,-0.8660254037844386,0.5000000000000001,1.0,ESTADOS UNIDOS DE AMERICA,EXTRA AÑEJO,2011-10-01
9766970.34,4780398.15,87736.69,2011,10,4780398.15,4969839.63,4780398.15,-0.8660254037844386,0.5000000000000001,1.0,ESTADOS UNIDOS DE AMERICA,JOVEN,2011-10-01
9766970.34,4780398.15,1692195.72,2011,10,4780398.15,4969839.63,4780398.15,-0.8660254037844386,0.5000000000000001,1.0,ESTADOS UNIDOS DE AMERICA,REPOSADO,2011-10-01
9807498.37,5487893.92,78957.0,2011,11,4780398.15,4969839.63,4957272.092500001,-0.5000000000000004,0.8660254037844384,0.0,ESTADOS UNIDOS DE AMERICA,AÑEJO,2011-11-01
9807498.37,5487893.92,1548855.59,2011,11,5487893.92,4969839.63,5134146.035,-0.5000000000000004,0.8660254037844384,0.0,ESTADOS UNIDOS DE AMERICA,BLANCO,2011-11-01
9807498.37,5487893.92,3840020.32,2011,11,5487893.92,4969839.63,5311019.977500001,-0.5000000000000004,0.8660254037844384,0.0,ESTADOS UNIDOS DE AMERICA,JOVEN,2011-11-01
9807498.37,5487893.92,20061.0,2011,11,5487893.92,4986572.19,5487893.92,-0.5000000000000004,0.8660254037844384,0.0,ESTADOS UNIDOS DE AMERICA,REPOSADO,2011-11-01
9807498.37,4319604.45,400743.55,2011,11,5487893.92,4986572.19,5195821.5525,-0.5000000000000004,0.8660254037844384,1.0,ESTADOS UNIDOS DE AMERICA,AÑEJO,2011-11-01
9807498.37,4319604.45,2446220.15,2011,11,4319604.45,4986572.19,4903749.1850000005,-0.5000000000000004,0.8660254037844384,1.0,ESTADOS UNIDOS DE AMERICA,BLANCO,2011-11-01
9807498.37,4319604.45,4294.25,2011,11,4319604.45,4986572.19,4611676.817500001,-0.5000000000000004,0.8660254037844384,1.0,ESTADOS UNIDOS DE AMERICA,EXTRA AÑEJO,2011-11-01
9807498.37,4319604.45,79860.68,2011,11,4319604.45,4780398.15,4319604.45,-0.5000000000000004,0.8660254037844384,1.0,ESTADOS UNIDOS DE AMERICA,JOVEN,2011-11-01
9807498.37,4319604.45,1388485.83,2011,11,4319604.45,4780398.15,4319604.45,-0.5000000000000004,0.8660254037844384,1.0,ESTADOS UNIDOS DE AMERICA,REPOSADO,2011-11-01
7348058.39,4537156.51,63063.0,2011,12,4319604.45,4780398.15,4373992.465000001,-2.4492935982947064e-16,1.0,0.0,ESTADOS UNIDOS DE AMERICA,AÑEJO,2011-12-01
7348058.39,4537156.51,1440165.14,2011,12,4537156.51,4780398.15,4428380.48,-2.4492935982947064e-16,1.0,0.0,ESTADOS UNIDOS DE AMERICA,BLANCO,2011-12-01
7348058.39,4537156.51,3012125.97,2011,12,4537156.51,4780398.15,4482768.495,-2.4492935982947064e-16,1.0,0.0,ESTADOS UNIDOS DE AMERICA,JOVEN,2011-12-01
7348058.39,4537156.51,21802.4,2011,12,4537156.51,5487893.92,4537156.51,-2.4492935982947064e-16,1.0,0.0,ESTADOS UNIDOS DE AMERICA,REPOSADO,2011-12-01
7348058.39,2810901.88,330751.73,2011,12,4537156.51,5487893.92,4105592.8525,-2.4492935982947064e-16,1.0,1.0,ESTADOS UNIDOS DE AMERICA,AÑEJO,2011-12-01
7348058.39,2810901.88,1435115.64,2011,12,2810901.88,5487893.92,3674029.1950000003,-2.4492935982947064e-16,1.0,1.0,ESTADOS UNIDOS DE AMERICA,BLANCO,2011-12-01
7348058.39,2810901.88,3211.65,2011,12,2810901.88,5487893.92,3242465.5375,-2.4492935982947064e-16,1.0,1.0,ESTADOS UNIDOS DE AMERICA,EXTRA AÑEJO,2011-12-01
7348058.39,2810901.88,55581.38,2011,12,2810901.88,4319604.45,2810901.88,-2.4492935982947064e-16,1.0,1.0,ESTADOS UNIDOS DE AMERICA,JOVEN,2011-12-01
7348058.39,2810901.88,986241.49,2011,12,2810901.88,4319604.45,2810901.88,-2.4492935982947064e-16,1.0,1.0,ESTADOS UNIDOS DE AMERICA,REPOSADO,2011-12-01
9912825.81,6319363.62,48408.0,2012,1,2810901.88,4319604.45,3688017.3150000004,0.49999999999999994,0.8660254037844387,0.0,ESTADOS UNIDOS DE AMERICA,AÑEJO,2012-01-01
9912825.81,6319363.62,1678167.79,2012,1,6319363.62,4319604.45,4565132.75,0.49999999999999994,0.8660254037844387,0.0,ESTADOS UNIDOS DE AMERICA,BLANCO,2012-01-01
9912825.81,6319363.62,4535549.32,2012,1,6319363.62,4319604.45,5442248.1850000005,0.49999999999999994,0.8660254037844387,0.0,ESTADOS UNIDOS DE AMERICA,JOVEN,2012-01-01
9912825.81,6319363.62,57238.52,2012,1,6319363.62,4537156.51,6319363.62,0.49999999999999994,0.8660254037844387,0.0,ESTADOS UNIDOS DE AMERICA,REPOSADO,2012-01-01
9912825.81,3593462.19,288286.25,2012,1,6319363.62,4537156.51,5637888.262500001,0.49999999999999994,0.8660254037844387,1.0,ESTADOS UNIDOS DE AMERICA,AÑEJO,2012-01-01
9912825.81,3593462.19,2140256.76,2012,1,3593462.19,4537156.51,4956412.905,0.49999999999999994,0.8660254037844387,1.0,ESTADOS UNIDOS DE AMERICA,BLANCO,2012-01-01
9912825.81,3593462.19,8729.13,2012,1,3593462.19,4537156.51,4274937.5475,0.49999999999999994,0.8660254037844387,1.0,ESTADOS UNIDOS DE AMERICA,EXTRA AÑEJO,2012-01-01
9912825.81,3593462.19,43222.44,2012,1,3593462.19,2810901.88,3593462.19,0.49999999999999994,0.8660254037844387,1.0,ESTADOS UNIDOS DE AMERICA,JOVEN,2012-01-01
9912825.81,3593462.19,1112967.62,2012,1,3593462.19,2810901.88,3593462.19,0.49999999999999994,0.8660254037844387,1.0,ESTADOS UNIDOS DE AMERICA,REPOSADO,2012-01-01
10288865.29,6040644.58,31743.0,2012,2,3593462.19,2810901.88,4205257.7875,0.8660254037844386,0.5000000000000001,0.0,ESTADOS UNIDOS DE AMERICA,AÑEJO,2012-02-01
10288865.29,6040644.58,1735382.06,2012,2,6040644.58,2810901.88,4817053.385,0.8660254037844386,0.5000000000000001,0.0,ESTADOS UNIDOS DE AMERICA,BLANCO,2012-02-01
10288865.29,6040644.58,4228402.28,2012,2,6040644.58,2810901.88,5428848.9825,0.8660254037844386,0.5000000000000001,0.0,ESTADOS UNIDOS DE AMERICA,JOVEN,2012-02-01
10288865.29,6040644.58,45117.24,2012,2,6040644.58,6319363.62,6040644.58,0.8660254037844386,0.5000000000000001,0.0,ESTADOS UNIDOS DE AMERICA,REPOSADO,2012-02-01
10288865.29,4248220.7,382865.15,2012,2,6040644.58,6319363.62,5592538.61,0.8660254037844386,0.5000000000000001,1.0,ESTADOS UNIDOS DE AMERICA,AÑEJO,2012-02-01
10288865.29,4248220.7,2398837.19,2012,2,4248220.7,6319363.62,5144432.640000001,0.8660254037844386,0.5000000000000001,1.0,ESTADOS UNIDOS DE AMERICA,BLANCO,2012-02-01
10288865.29,4248220.7,10089.0,2012,2,4248220.7,6319363.62,4696326.670000001,0.8660254037844386,0.5000000000000001,1.0,ESTADOS UNIDOS DE AMERICA,EXTRA AÑEJO,2012-02-01
10288865.29,4248220.7,67429.08,2012,2,4248220.7,3593462.19,4248220.7,0.8660254037844386,0.5000000000000001,1.0,ESTADOS UNIDOS DE AMERICA,JOVEN,2012-02-01
10288865.29,4248220.7,1389000.29,2012,2,4248220.7,3593462.19,4248220.7,0.8660254037844386,0.5000000000000001,1.0,ESTADOS UNIDOS DE AMERICA,REPOSADO,2012-02-01
11697010.19,7119321.57,31884.0,2012,3,4248220.7,3593462.19,4965995.9175,1.0,6.123233995736766e-17,0.0,ESTADOS UNIDOS DE AMERICA,AÑEJO,2012-03-01
11697010.19,7119321.57,2234770.47,2012,3,7119321.57,3593462.19,5683771.135000001,1.0,6.123233995736766e-17,0.0,ESTADOS UNIDOS DE AMERICA,BLANCO,2012-03-01
11697010.19,7119321.57,4800666.33,2012,3,7119321.57,3593462.19,6401546.352500001,1.0,6.123233995736766e-17,0.0,ESTADOS UNIDOS DE AMERICA,JOVEN,2012-03-01
11697010.19,7119321.57,52000.78,2012,3,7119321.57,6040644.58,7119321.57,1.0,6.123233995736766e-17,0.0,ESTADOS UNIDOS DE AMERICA,REPOSADO,2012-03-01
11697010.19,4577688.63,452780.18,2012,3,7119321.57,6040644.58,6483913.335000001,1.0,6.123233995736766e-17,1.0,ESTADOS UNIDOS DE AMERICA,AÑEJO,2012-03-01
11697010.19,4577688.63,2360740.1,2012,3,4577688.63,6040644.58,5848505.100000001,1.0,6.123233995736766e-17,1.0,ESTADOS UNIDOS DE AMERICA,BLANCO,2012-03-01
11697010.19,4577688.63,8685.75,2012,3,4577688.63,6040644.58,5213096.865,1.0,6.123233995736766e-17,1.0,ESTADOS UNIDOS DE AMERICA,EXTRA AÑEJO,2012-03-01
11697010.19,4577688.63,112554.94,2012,3,4577688.63,4248220.7,4577688.63,1.0,6.123233995736766e-17,1.0,ESTADOS UNIDOS DE AMERICA,JOVEN,2012-03-01
11697010.19,4577688.63,1642927.66,2012,3,4577688.63,4248220.7,4577688.63,1.0,6.123233995736766e-17,1.0,ESTADOS UNIDOS DE AMERICA,REPOSADO,2012-03-01
12998969.8,8449203.6,12.0,2012,4,4577688.63,4248220.7,5545567.3725000005,0.8660254037844387,-0.4999999999999998,0.0,ESTADOS UNIDOS DE AMERICA,AÑEJO,2012-04-01
12998969.8,8449203.6,2164139.39,2012,4,8449203.6,4248220.7,6513446.115,0.8660254037844387,-0.4999999999999998,0.0,ESTADOS UNIDOS DE AMERICA,BLANCO,2012-04-01
12998969.8,8449203.6,6277531.21,2012,4,8449203.6,4248220.7,7481324.8575,0.8660254037844387,-0.4999999999999998,0.0,ESTADOS UNIDOS DE AMERICA,JOVEN,2012-04-01
12998969.8,8449203.6,7521.0,2012,4,8449203.6,7119321.57,8449203.6,0.8660254037844387,-0.4999999999999998,0.0,ESTADOS UNIDOS DE AMERICA,REPOSADO,2012-04-01
12998969.8,4549766.2,353330.05,2012,4,8449203.6,7119321.57,7474344.25,0.8660254037844387,-0.4999999999999998,1.0,ESTADOS UNIDOS DE AMERICA,AÑEJO,2012-04-01
12998969.8,4549766.2,2618665.05,2012,4,4549766.2,7119321.57,6499484.9,0.8660254037844387,-0.4999999999999998,1.0,ESTADOS UNIDOS DE AMERICA,BLANCO,2012-04-01
12998969.8,4549766.2,3547.88,2012,4,4549766.2,7119321.57,5524625.55,0.8660254037844387,-0.4999999999999998,1.0,ESTADOS UNIDOS DE AMERICA,EXTRA AÑEJO,2012-04-01
12998969.8,4549766.2,105596.63,2012,4,4549766.2,4577688.63,4549766.2,0.8660254037844387,-0.4999999999999998,1.0,ESTADOS UNIDOS DE AMERICA,JOVEN,2012-04-01
12998969.8,4549766.2,1468626.6,2012,4,4549766.2,4577688.63,4549766.2,0.8660254037844387,-0.4999999999999998,1.0,ESTADOS UNIDOS DE AMERICA,REPOSADO,2012-04-01
12473124.73,6949426.87,24.0,2012,5,4549766.2,4577688.63,5149681.367500001,0.49999999999999994,-0.8660254037844387,0.0,ESTADOS UNIDOS DE AMERICA,AÑEJO,2012-05-01
12473124.73,6949426.87,2271167.51,2012,5,6949426.87,4577688.63,5749596.535000001,0.49999999999999994,-0.8660254037844387,0.0,ESTADOS UNIDOS DE AMERICA,BLANCO,2012-05-01
12473124.73,6949426.87,4678013.36,2012,5,6949426.87,4577688.63,6349511.702500001,0.49999999999999994,-0.8660254037844387,0.0,ESTADOS UNIDOS DE AMERICA,JOVEN,2012-05-01
12473124.73,6949426.87,222.0,2012,5,6949426.87,8449203.6,6949426.87,0.49999999999999994,-0.8660254037844387,0.0,ESTADOS UNIDOS DE AMERICA,REPOSADO,2012-05-01
12473124.73,5523697.86,408793.13,2012,5,6949426.87,8449203.6,6592994.6175,0.49999999999999994,-0.8660254037844387,1.0,ESTADOS UNIDOS DE AMERICA,AÑEJO,2012-05-01
12473124.73,5523697.86,3244912.61,2012,5,5523697.86,8449203.6,6236562.365000001,0.49999999999999994,-0.8660254037844387,1.0,ESTADOS UNIDOS DE AMERICA,BLANCO,2012-05-01
12473124.73,5523697.86,8667.75,2012,5,5523697.86,8449203.6,5880130.112500001,0.49999999999999994,-0.8660254037844387,1.0,ESTADOS UNIDOS DE AMERICA,EXTRA AÑEJO,2012-05-01
12473124.73,5523697.86,177708.75,2012,5,5523697.86,4549766.2,5523697.86,0.49999999999999994,-0.8660254037844387,1.0,ESTADOS UNIDOS DE AMERICA,JOVEN,2012-05-01
12473124.73,5523697.86,1683615.63,2012,5,5523697.86,4549766.2,5523697.86,0.49999999999999994,-0.8660254037844387,1.0,ESTADOS UNIDOS DE AMERICA,REPOSADO,2012-05-01
11457665.2,6870614.06,13144.45,2012,6,5523697.86,4549766.2,5860426.910000001,1.2246467991473532e-16,-1.0,0.0,ESTADOS UNIDOS DE AMERICA,AÑEJO,2012-06-01
11457665.2,6870614.06,2300949.65,2012,6,6870614.06,4549766.2,6197155.96,1.2246467991473532e-16,-1.0,0.0,ESTADOS UNIDOS DE AMERICA,BLANCO,2012-06-01
11457665.2,6870614.06,4514125.71,2012,6,6870614.06,4549766.2,6533885.01,1.2246467991473532e-16,-1.0,0.0,ESTADOS UNIDOS DE AMERICA,JOVEN,2012-06-01
11457665.2,6870614.06,42394.25,2012,6,6870614.06,6949426.87,6870614.06,1.2246467991473532e-16,-1.0,0.0,ESTADOS UNIDOS DE AMERICA,REPOSADO,2012-06-01
11457665.2,4587051.14,314807.35,2012,6,6870614.06,6949426.87,6299723.33,1.2246467991473532e-16,-1.0,1.0,ESTADOS UNIDOS DE AMERICA,AÑEJO,2012-06-01
11457665.2,4587051.14,2990683.6,2012,6,4587051.14,6949426.87,5728832.6,1.2246467991473532e-16,-1.0,1.0,ESTADOS UNIDOS DE AMERICA,BLANCO,2012-06-01
11457665.2,4587051.14,3640.5,2012,6,4587051.14,6949426.87,5157941.87,1.2246467991473532e-16,-1.0,1.0,ESTADOS UNIDOS DE AMERICA,EXTRA AÑEJO,2012-06-01
11457665.2,4587051.14,126794.14,2012,6,4587051.14,5523697.86,4587051.14,1.2246467991473532e-16,-1.0,1.0,ESTADOS UNIDOS DE AMERICA,JOVEN,2012-06-01
11457665.2,4587051.14,1151125.55,2012,6,4587051.14,5523697.86,4587051.14,1.2246467991473532e-16,-1.0,1.0,ESTADOS UNIDOS DE AMERICA,REPOSADO,2012-06-01
11956125.6,7389656.13,2118294.09,2012,7,4587051.14,5523697.86,5287702.3875,-0.4999999999999997,-0.8660254037844388,0.0,ESTADOS UNIDOS DE AMERICA,BLANCO,2012-07-01
11956125.6,7389656.13,5234136.91,2012,7,7389656.13,5523697.86,5988353.635,-0.4999999999999997,-0.8660254037844388,0.0,ESTADOS UNIDOS DE AMERICA,JOVEN,2012-07-01
11956125.6,7389656.13,37225.13,2012,7,7389656.13,5523697.86,6689004.8825,-0.4999999999999997,-0.8660254037844388,0.0,ESTADOS UNIDOS DE AMERICA,REPOSADO,2012-07-01
11956125.6,4566469.48,326582.05,2012,7,7389656.13,6870614.06,6683859.467500001,-0.4999999999999997,-0.8660254037844388,1.0,ESTADOS UNIDOS DE AMERICA,AÑEJO,2012-07-01
11956125.6,4566469.48,2486544.75,2012,7,4566469.48,6870614.06,5978062.805,-0.4999999999999997,-0.8660254037844388,1.0,ESTADOS UNIDOS DE AMERICA,BLANCO,2012-07-01
11956125.6,4566469.48,6711.25,2012,7,4566469.48,6870614.06,5272266.1425,-0.4999999999999997,-0.8660254037844388,1.0,ESTADOS UNIDOS DE AMERICA,EXTRA AÑEJO,2012-07-01
11956125.6,4566469.48,149770.88,2012,7,4566469.48,6870614.06,4566469.48,-0.4999999999999997,-0.8660254037844388,1.0,ESTADOS UNIDOS DE AMERICA,JOVEN,2012-07-01
11956125.6,4566469.48,1596860.55,2012,7,4566469.48,4587051.14,4566469.48,-0.4999999999999997,-0.8660254037844388,1.0,ESTADOS UNIDOS DE AMERICA,REPOSADO,2012-07-01
8348038.55,4486324.1,1930421.98,2012,8,4566469.48,4587051.14,4546433.135000001,-0.8660254037844385,-0.5000000000000004,0.0,ESTADOS UNIDOS DE AMERICA,BLANCO,2012-08-01
8348038.55,4486324.1,2537332.12,2012,8,4486324.1,4587051.14,4526396.790000001,-0.8660254037844385,-0.5000000000000004,0.0,ESTADOS UNIDOS DE AMERICA,JOVEN,2012-08-01
8348038.55,4486324.1,18570.0,2012,8,4486324.1,4587051.14,4506360.445,-0.8660254037844385,-0.5000000000000004,0.0,ESTADOS UNIDOS DE AMERICA,REPOSADO,2012-08-01
8348038.55,3861714.45,316301.78,2012,8,4486324.1,4587051.14,4330171.6875,-0.8660254037844385,-0.5000000000000004,1.0,ESTADOS UNIDOS DE AMERICA,AÑEJO,2012-08-01
8348038.55,3861714.45,2114109.53,2012,8,3861714.45,7389656.13,4174019.2750000004,-0.8660254037844385,-0.5000000000000004,1.0,ESTADOS UNIDOS DE AMERICA,BLANCO,2012-08-01
8348038.55,3861714.45,5163.88,2012,8,3861714.45,7389656.13,4017866.8625000007,-0.8660254037844385,-0.5000000000000004,1.0,ESTADOS UNIDOS DE AMERICA,EXTRA AÑEJO,2012-08-01
8348038.55,3861714.45,93952.13,2012,8,3861714.45,7389656.13,3861714.45,-0.8660254037844385,-0.5000000000000004,1.0,ESTADOS UNIDOS DE AMERICA,JOVEN,2012-08-01
8348038.55,3861714.45,1332187.14,2012,8,3861714.45,4566469.48,3861714.45,-0.8660254037844385,-0.5000000000000004,1.0,ESTADOS UNIDOS DE AMERICA,REPOSADO,2012-08-01
8944700.85,4466614.74,1081106.39,2012,9,3861714.45,4566469.48,4012939.522500001,-1.0,-1.8369701987210297e-16,0.0,ESTADOS UNIDOS DE AMERICA,BLANCO,2012-09-01
8944700.85,4466614.74,3379977.84,2012,9,4466614.74,4566469.48,4164164.5950000007,-1.0,-1.8369701987210297e-16,0.0,ESTADOS UNIDOS DE AMERICA,JOVEN,2012-09-01
8944700.85,4466614.74,5530.5,2012,9,4466614.74,4566469.48,4315389.6675,-1.0,-1.8369701987210297e-16,0.0,ESTADOS UNIDOS DE AMERICA,REPOSADO,2012-09-01
8944700.85,4478086.11,359386.38,2012,9,4466614.74,4566469.48,4469482.582500001,-1.0,-1.8369701987210297e-16,1.0,ESTADOS UNIDOS DE AMERICA,AÑEJO,2012-09-01
8944700.85,4478086.11,2399698.89,2012,9,4478086.11,4486324.1,4472350.425000001,-1.0,-1.8369701987210297e-16,1.0,ESTADOS UNIDOS DE AMERICA,BLANCO,2012-09-01
8944700.85,4478086.11,8021.63,2012,9,4478086.11,4486324.1,4475218.267500001,-1.0,-1.8369701987210297e-16,1.0,ESTADOS UNIDOS DE AMERICA,EXTRA AÑEJO,2012-09-01
8944700.85,4478086.11,111940.5,2012,9,4478086.11,4486324.1,4478086.11,-1.0,-1.8369701987210297e-16,1.0,ESTADOS UNIDOS DE AMERICA,JOVEN,2012-09-01
8944700.85,4478086.11,1599038.73,2012,9,4478086.11,3861714.45,4478086.11,-1.0,-1.8369701987210297e-16,1.0,ESTADOS UNIDOS DE AMERICA,REPOSADO,2012-09-01
11733200.58,6148770.05,1454243.2,2012,10,4478086.11,3861714.45,4895757.095000001,-0.8660254037844386,0.5000000000000001,0.0,ESTADOS UNIDOS DE AMERICA,BLANCO,2012-10-01
11733200.58,6148770.05,4655512.84,2012,10,6148770.05,3861714.45,5313428.08,-0.8660254037844386,0.5000000000000001,0.0,ESTADOS UNIDOS DE AMERICA,JOVEN,2012-10-01
11733200.58,6148770.05,39014.0,2012,10,6148770.05,3861714.45,5731099.065,-0.8660254037844386,0.5000000000000001,0.0,ESTADOS UNIDOS DE AMERICA,REPOSADO,2012-10-01
11733200.58,5584430.53,410108.23,2012,10,6148770.05,3861714.45,6007685.17,-0.8660254037844386,0.5000000000000001,1.0,ESTADOS UNIDOS DE AMERICA,AÑEJO,2012-10-01
11733200.58,5584430.53,3335832.99,2012,10,5584430.53,4466614.74,5866600.290000001,-0.8660254037844386,0.5000000000000001,1.0,ESTADOS UNIDOS DE AMERICA,BLANCO,2012-10-01
11733200.58,5584430.53,5205.05,2012,10,5584430.53,4466614.74,5725515.41,-0.8660254037844386,0.5000000000000001,1.0,ESTADOS UNIDOS DE AMERICA,EXTRA AÑEJO,2012-10-01
11733200.58,5584430.53,81026.1,2012,10,5584430.53,4466614.74,5584430.53,-0.8660254037844386,0.5000000000000001,1.0,ESTADOS UNIDOS DE AMERICA,JOVEN,2012-10-01
11733200.58,5584430.53,1752258.16,2012,10,5584430.53,4478086.11,5584430.53,-0.8660254037844386,0.5000000000000001,1.0,ESTADOS UNIDOS DE AMERICA,REPOSADO,2012-10-01
10092069.97,4180067.17,1341086.37,2012,11,5584430.53,4478086.11,5233339.69,-0.5000000000000004,0.8660254037844384,0.0,ESTADOS UNIDOS DE AMERICA,BLANCO,2012-11-01
10092069.97,4180067.17,2828966.79,2012,11,4180067.17,4478086.11,4882248.850000001,-0.5000000000000004,0.8660254037844384,0.0,ESTADOS UNIDOS DE AMERICA,JOVEN,2012-11-01
10092069.97,4180067.17,10014.0,2012,11,4180067.17,4478086.11,4531158.01,-0.5000000000000004,0.8660254037844384,0.0,ESTADOS UNIDOS DE AMERICA,REPOSADO,2012-11-01
10092069.97,5912002.8,617914.94,2012,11,4180067.17,4478086.11,4613051.077500001,-0.5000000000000004,0.8660254037844384,1.0,ESTADOS UNIDOS DE AMERICA,AÑEJO,2012-11-01
10092069.97,5912002.8,3517570.35,2012,11,5912002.8,6148770.05,5046034.985,-0.5000000000000004,0.8660254037844384,1.0,ESTADOS UNIDOS DE AMERICA,BLANCO,2012-11-01
10092069.97,5912002.8,13829.4,2012,11,5912002.8,6148770.05,5479018.8925,-0.5000000000000004,0.8660254037844384,1.0,ESTADOS UNIDOS DE AMERICA,EXTRA AÑEJO,2012-11-01
10092069.97,5912002.8,113550.0,2012,11,5912002.8,6148770.05,5912002.8,-0.5000000000000004,0.8660254037844384,1.0,ESTADOS UNIDOS DE AMERICA,JOVEN,2012-11-01
10092069.97,5912002.8,1649138.11,2012,11,5912002.8,5584430.53,5912002.8,-0.5000000000000004,0.8660254037844384,1.0,ESTADOS UNIDOS DE AMERICA,REPOSADO,2012-11-01
7216472.15,3665953.1,1330519.94,2012,12,5912002.8,5584430.53,5350490.375,-2.4492935982947064e-16,1.0,0.0,ESTADOS UNIDOS DE AMERICA,BLANCO,2012-12-01
7216472.15,3665953.1,2321252.16,2012,12,3665953.1,5584430.53,4788977.95,-2.4492935982947064e-16,1.0,0.0,ESTADOS UNIDOS DE AMERICA,JOVEN,2012-12-01
7216472.15,3665953.1,14181.0,2012,12,3665953.1,5584430.53,4227465.525,-2.4492935982947064e-16,1.0,0.0,ESTADOS UNIDOS DE AMERICA,REPOSADO,2012-12-01
7216472.15,3550519.05,292813.55,2012,12,3665953.1,5584430.53,3637094.5875000004,-2.4492935982947064e-16,1.0,1.0,ESTADOS UNIDOS DE AMERICA,AÑEJO,2012-12-01
7216472.15,3550519.05,2275269.55,2012,12,3550519.05,4180067.17,3608236.075,-2.4492935982947064e-16,1.0,1.0,ESTADOS UNIDOS DE AMERICA,BLANCO,2012-12-01
7216472.15,3550519.05,2988.0,2012,12,3550519.05,4180067.17,3579377.5625000005,-2.4492935982947064e-16,1.0,1.0,ESTADOS UNIDOS DE AMERICA,EXTRA AÑEJO,2012-12-01
7216472.15,3550519.05,92336.63,2012,12,3550519.05,4180067.17,3550519.05,-2.4492935982947064e-16,1.0,1.0,ESTADOS UNIDOS DE AMERICA,JOVEN,2012-12-01
7216472.15,3550519.05,887111.33,2012,12,3550519.05,5912002.8,3550519.05,-2.4492935982947064e-16,1.0,1.0,ESTADOS UNIDOS DE AMERICA,REPOSADO,2012-12-01
9463265.08,5498149.64,1361944.62,2013,1,3550519.05,5912002.8,4037426.6975000002,0.49999999999999994,0.8660254037844387,0.0,ESTADOS UNIDOS DE AMERICA,BLANCO,2013-01-01
9463265.08,5498149.64,4124617.02,2013,1,5498149.64,5912002.8,4524334.345,0.49999999999999994,0.8660254037844387,0.0,ESTADOS UNIDOS DE AMERICA,JOVEN,2013-01-01
9463265.08,5498149.64,11588.0,2013,1,5498149.64,5912002.8,5011241.9925,0.49999999999999994,0.8660254037844387,0.0,ESTADOS UNIDOS DE AMERICA,REPOSADO,2013-01-01
9463265.08,3965115.44,280916.5,2013,1,5498149.64,5912002.8,5114891.09,0.49999999999999994,0.8660254037844387,1.0,ESTADOS UNIDOS DE AMERICA,AÑEJO,2013-01-01
9463265.08,3965115.44,2380409.23,2013,1,3965115.44,3665953.1,4731632.54,0.49999999999999994,0.8660254037844387,1.0,ESTADOS UNIDOS DE AMERICA,BLANCO,2013-01-01
9463265.08,3965115.44,15855.75,2013,1,3965115.44,3665953.1,4348373.99,0.49999999999999994,0.8660254037844387,1.0,ESTADOS UNIDOS DE AMERICA,EXTRA AÑEJO,2013-01-01
9463265.08,3965115.44,183371.44,2013,1,3965115.44,3665953.1,3965115.44,0.49999999999999994,0.8660254037844387,1.0,ESTADOS UNIDOS DE AMERICA,JOVEN,2013-01-01
9463265.08,3965115.44,1104562.53,2013,1,3965115.44,3550519.05,3965115.44,0.49999999999999994,0.8660254037844387,1.0,ESTADOS UNIDOS DE AMERICA,REPOSADO,2013-01-01
11097723.43,6466210.95,1965889.87,2013,2,3965115.44,3550519.05,4590389.317500001,0.8660254037844386,0.5000000000000001,0.0,ESTADOS UNIDOS DE AMERICA,BLANCO,2013-02-01
11097723.43,6466210.95,216.0,2013,2,6466210.95,3550519.05,5215663.195,0.8660254037844386,0.5000000000000001,0.0,ESTADOS UNIDOS DE AMERICA,EXTRA AÑEJO,2013-02-01
11097723.43,6466210.95,4456257.86,2013,2,6466210.95,3550519.05,5840937.072500002,0.8660254037844386,0.5000000000000001,0.0,ESTADOS UNIDOS DE AMERICA,JOVEN,2013-02-01
11097723.43,6466210.95,43847.22,2013,2,6466210.95,3550519.05,6466210.95,0.8660254037844386,0.5000000000000001,0.0,ESTADOS UNIDOS DE AMERICA,REPOSADO,2013-02-01
11097723.43,4631512.48,290873.31,2013,2,6466210.95,5498149.64,6007536.3325000005,0.8660254037844386,0.5000000000000001,1.0,ESTADOS UNIDOS DE AMERICA,AÑEJO,2013-02-01
11097723.43,4631512.48,2930915.04,2013,2,4631512.48,5498149.64,5548861.715000001,0.8660254037844386,0.5000000000000001,1.0,ESTADOS UNIDOS DE AMERICA,BLANCO,2013-02-01
11097723.43,4631512.48,2517.0,2013,2,4631512.48,5498149.64,5090187.097500001,0.8660254037844386,0.5000000000000001,1.0,ESTADOS UNIDOS DE AMERICA,EXTRA AÑEJO,2013-02-01
11097723.43,4631512.48,100708.95,2013,2,4631512.48,3965115.44,4631512.48,0.8660254037844386,0.5000000000000001,1.0,ESTADOS UNIDOS DE AMERICA,JOVEN,2013-02-01
11097723.43,4631512.48,1306498.18,2013,2,4631512.48,3965115.44,4631512.48,0.8660254037844386,0.5000000000000001,1.0,ESTADOS UNIDOS DE AMERICA,REPOSADO,2013-02-01
9667996.2,5546991.19,1488737.41,2013,3,4631512.48,3965115.44,4860382.157500001,1.0,6.123233995736766e-17,0.0,ESTADOS UNIDOS DE AMERICA,BLANCO,2013-03-01
9667996.2,5546991.19,4041883.78,2013,3,5546991.19,3965115.44,5089251.835000001,1.0,6.123233995736766e-17,0.0,ESTADOS UNIDOS DE AMERICA,JOVEN,2013-03-01
9667996.2,5546991.19,16370.0,2013,3,5546991.19,3965115.44,5318121.512500001,1.0,6.123233995736766e-17,0.0,ESTADOS UNIDOS DE AMERICA,REPOSADO,2013-03-01
9667996.2,4121005.01,337772.77,2013,3,5546991.19,6466210.95,5190494.645000001,1.0,6.123233995736766e-17,1.0,ESTADOS UNIDOS DE AMERICA,AÑEJO,2013-03-01
9667996.2,4121005.01,2318033.83,2013,3,4121005.01,6466210.95,4833998.100000001,1.0,6.123233995736766e-17,1.0,ESTADOS UNIDOS DE AMERICA,BLANCO,2013-03-01
9667996.2,4121005.01,11113.8,2013,3,4121005.01,6466210.95,4477501.555,1.0,6.123233995736766e-17,1.0,ESTADOS UNIDOS DE AMERICA,EXTRA AÑEJO,2013-03-01
9667996.2,4121005.01,104622.75,2013,3,4121005.01,6466210.95,4121005.01,1.0,6.123233995736766e-17,1.0,ESTADOS UNIDOS DE AMERICA,JOVEN,2013-03-01
9667996.2,4121005.01,1349461.85,2013,3,4121005.01,4631512.48,4121005.01,1.0,6.123233995736766e-17,1.0,ESTADOS UNIDOS DE AMERICA,REPOSADO,2013-03-01
14807078.72,9393628.43,3001568.95,2013,4,4121005.01,4631512.48,5439160.865,0.8660254037844387,-0.4999999999999998,0.0,ESTADOS UNIDOS DE AMERICA,BLANCO,2013-04-01
14807078.72,9393628.43,6367536.99,2013,4,9393628.43,4631512.48,6757316.720000001,0.8660254037844387,-0.4999999999999998,0.0,ESTADOS UNIDOS DE AMERICA,JOVEN,2013-04-01
14807078.72,9393628.43,24522.5,2013,4,9393628.43,4631512.48,8075472.575,0.8660254037844387,-0.4999999999999998,0.0,ESTADOS UNIDOS DE AMERICA,REPOSADO,2013-04-01
14807078.72,5413450.29,474269.09,2013,4,9393628.43,4631512.48,8398583.895,0.8660254037844387,-0.4999999999999998,1.0,ESTADOS UNIDOS DE AMERICA,AÑEJO,2013-04-01
14807078.72,5413450.29,3180741.41,2013,4,5413450.29,5546991.19,7403539.359999999,0.8660254037844387,-0.4999999999999998,1.0,ESTADOS UNIDOS DE AMERICA,BLANCO,2013-04-01
14807078.72,5413450.29,6110.25,2013,4,5413450.29,5546991.19,6408494.825,0.8660254037844387,-0.4999999999999998,1.0,ESTADOS UNIDOS DE AMERICA,EXTRA AÑEJO,2013-04-01
14807078.72,5413450.29,48060.0,2013,4,5413450.29,5546991.19,5413450.29,0.8660254037844387,-0.4999999999999998,1.0,ESTADOS UNIDOS DE AMERICA,JOVEN,2013-04-01
14807078.72,5413450.29,1704269.54,2013,4,5413450.29,4121005.01,5413450.29,0.8660254037844387,-0.4999999999999998,1.0,ESTADOS UNIDOS DE AMERICA,REPOSADO,2013-04-01
16870509.39,10635962.89,2538725.04,2013,5,5413450.29,4121005.01,6719078.440000001,0.49999999999999994,-0.8660254037844387,0.0,ESTADOS UNIDOS DE AMERICA,BLANCO,2013-05-01
16870509.39,10635962.89,8094875.35,2013,5,10635962.89,4121005.01,8024706.590000002,0.49999999999999994,-0.8660254037844387,0.0,ESTADOS UNIDOS DE AMERICA,JOVEN,2013-05-01
16870509.39,10635962.89,2362.5,2013,5,10635962.89,4121005.01,9330334.740000002,0.49999999999999994,-0.8660254037844387,0.0,ESTADOS UNIDOS DE AMERICA,REPOSADO,2013-05-01
16870509.39,6234546.5,403012.0,2013,5,10635962.89,4121005.01,9535608.7925,0.49999999999999994,-0.8660254037844387,1.0,ESTADOS UNIDOS DE AMERICA,AÑEJO,2013-05-01
16870509.39,6234546.5,3688928.75,2013,5,6234546.5,9393628.43,8435254.695,0.49999999999999994,-0.8660254037844387,1.0,ESTADOS UNIDOS DE AMERICA,BLANCO,2013-05-01
16870509.39,6234546.5,16261.95,2013,5,6234546.5,9393628.43,7334900.5975,0.49999999999999994,-0.8660254037844387,1.0,ESTADOS UNIDOS DE AMERICA,EXTRA AÑEJO,2013-05-01
16870509.39,6234546.5,89462.93,2013,5,6234546.5,9393628.43,6234546.5,0.49999999999999994,-0.8660254037844387,1.0,ESTADOS UNIDOS DE AMERICA,JOVEN,2013-05-01
16870509.39,6234546.5,2036880.88,2013,5,6234546.5,5413450.29,6234546.5,0.49999999999999994,-0.8660254037844387,1.0,ESTADOS UNIDOS DE AMERICA,REPOSADO,2013-05-01
10311724.92,5839002.26,1847038.57,2013,6,6234546.5,5413450.29,6135660.44,1.2246467991473532e-16,-1.0,0.0,ESTADOS UNIDOS DE AMERICA,BLANCO,2013-06-01
10311724.92,5839002.26,3976807.69,2013,6,5839002.26,5413450.29,6036774.380000001,1.2246467991473532e-16,-1.0,0.0,ESTADOS UNIDOS DE AMERICA,JOVEN,2013-06-01
10311724.92,5839002.26,15156.0,2013,6,5839002.26,5413450.29,5937888.32,1.2246467991473532e-16,-1.0,0.0,ESTADOS UNIDOS DE AMERICA,REPOSADO,2013-06-01
10311724.92,4472722.66,320525.5,2013,6,5839002.26,5413450.29,5497432.36,1.2246467991473532e-16,-1.0,1.0,ESTADOS UNIDOS DE AMERICA,AÑEJO,2013-06-01
10311724.92,4472722.66,2685541.84,2013,6,4472722.66,10635962.89,5155862.460000001,1.2246467991473532e-16,-1.0,1.0,ESTADOS UNIDOS DE AMERICA,BLANCO,2013-06-01
10311724.92,4472722.66,8667.0,2013,6,4472722.66,10635962.89,4814292.5600000005,1.2246467991473532e-16,-1.0,1.0,ESTADOS UNIDOS DE AMERICA,EXTRA AÑEJO,2013-06-01
10311724.92,4472722.66,78238.5,2013,6,4472722.66,10635962.89,4472722.66,1.2246467991473532e-16,-1.0,1.0,ESTADOS UNIDOS DE AMERICA,JOVEN,2013-06-01
10311724.92,4472722.66,1379749.83,2013,6,4472722.66,6234546.5,4472722.66,1.2246467991473532e-16,-1.0,1.0,ESTADOS UNIDOS DE AMERICA,REPOSADO,2013-06-01
12959555.25,8136754.37,3475.02,2013,7,4472722.66,6234546.5,5388730.5875,-0.4999999999999997,-0.8660254037844388,0.0,ESTADOS UNIDOS DE AMERICA,AÑEJO,2013-07-01
12959555.25,8136754.37,2174927.93,2013,7,8136754.37,6234546.5,6304738.515000001,-0.4999999999999997,-0.8660254037844388,0.0,ESTADOS UNIDOS DE AMERICA,BLANCO,2013-07-01
12959555.25,8136754.37,5939703.43,2013,7,8136754.37,6234546.5,7220746.442500001,-0.4999999999999997,-0.8660254037844388,0.0,ESTADOS UNIDOS DE AMERICA,JOVEN,2013-07-01
12959555.25,8136754.37,18648.0,2013,7,8136754.37,6234546.5,8136754.37,-0.4999999999999997,-0.8660254037844388,0.0,ESTADOS UNIDOS DE AMERICA,REPOSADO,2013-07-01
12959555.25,4822800.88,356750.58,2013,7,8136754.37,5839002.26,7308265.9975000005,-0.4999999999999997,-0.8660254037844388,1.0,ESTADOS UNIDOS DE AMERICA,AÑEJO,2013-07-01
12959555.25,4822800.88,2877767.0,2013,7,4822800.88,5839002.26,6479777.625000001,-0.4999999999999997,-0.8660254037844388,1.0,ESTADOS UNIDOS DE AMERICA,BLANCO,2013-07-01
12959555.25,4822800.88,14871.75,2013,7,4822800.88,5839002.26,5651289.2525,-0.4999999999999997,-0.8660254037844388,1.0,ESTADOS UNIDOS DE AMERICA,EXTRA AÑEJO,2013-07-01
12959555.25,4822800.88,74628.75,2013,7,4822800.88,4472722.66,4822800.88,-0.4999999999999997,-0.8660254037844388,1.0,ESTADOS UNIDOS DE AMERICA,JOVEN,2013-07-01
12959555.25,4822800.88,1498782.8,2013,7,4822800.88,4472722.66,4822800.88,-0.4999999999999997,-0.8660254037844388,1.0,ESTADOS UNIDOS DE AMERICA,REPOSADO,2013-07-01
10370853.52,5861524.12,1134.0,2013,8,4822800.88,4472722.66,5082481.69,-0.8660254037844385,-0.5000000000000004,0.0,ESTADOS UNIDOS DE AMERICA,AÑEJO,2013-08-01
10370853.52,5861524.12,2277916.0,2013,8,5861524.12,4472722.66,5342162.500000001,-0.8660254037844385,-0.5000000000000004,0.0,ESTADOS UNIDOS DE AMERICA,BLANCO,2013-08-01
10370853.52,5861524.12,3488776.39,2013,8,5861524.12,4472722.66,5601843.3100000005,-0.8660254037844385,-0.5000000000000004,0.0,ESTADOS UNIDOS DE AMERICA,JOVEN,2013-08-01
10370853.52,5861524.12,93697.74,2013,8,5861524.12,8136754.37,5861524.12,-0.8660254037844385,-0.5000000000000004,0.0,ESTADOS UNIDOS DE AMERICA,REPOSADO,2013-08-01
10370853.52,4509329.4,333988.93,2013,8,5861524.12,8136754.37,5523475.44,-0.8660254037844385,-0.5000000000000004,1.0,ESTADOS UNIDOS DE AMERICA,AÑEJO,2013-08-01
10370853.52,4509329.4,2343419.03,2013,8,4509329.4,8136754.37,5185426.760000001,-0.8660254037844385,-0.5000000000000004,1.0,ESTADOS UNIDOS DE AMERICA,BLANCO,2013-08-01
10370853.52,4509329.4,14260.05,2013,8,4509329.4,8136754.37,4847378.080000001,-0.8660254037844385,-0.5000000000000004,1.0,ESTADOS UNIDOS DE AMERICA,EXTRA AÑEJO,2013-08-01
10370853.52,4509329.4,83765.36,2013,8,4509329.4,4822800.88,4509329.4,-0.8660254037844385,-0.5000000000000004,1.0,ESTADOS UNIDOS DE AMERICA,JOVEN,2013-08-01
10370853.52,4509329.4,1733896.04,2013,8,4509329.4,4822800.88,4509329.4,-0.8660254037844385,-0.5000000000000004,1.0,ESTADOS UNIDOS DE AMERICA,REPOSADO,2013-08-01
9087460.81,4550845.55,504.0,2013,9,4509329.4,4822800.88,4519708.4375,-1.0,-1.8369701987210297e-16,0.0,ESTADOS UNIDOS DE AMERICA,AÑEJO,2013-09-01
9087460.81,4550845.55,1948381.2,2013,9,4550845.55,4822800.88,4530087.475000001,-1.0,-1.8369701987210297e-16,0.0,ESTADOS UNIDOS DE AMERICA,BLANCO,2013-09-01
9087460.81,4550845.55,2597640.35,2013,9,4550845.55,4822800.88,4540466.5125,-1.0,-1.8369701987210297e-16,0.0,ESTADOS UNIDOS DE AMERICA,JOVEN,2013-09-01
9087460.81,4550845.55,4320.0,2013,9,4550845.55,5861524.12,4550845.55,-1.0,-1.8369701987210297e-16,0.0,ESTADOS UNIDOS DE AMERICA,REPOSADO,2013-09-01
9087460.81,4536615.26,341782.68,2013,9,4550845.55,5861524.12,4547287.9775,-1.0,-1.8369701987210297e-16,1.0,ESTADOS UNIDOS DE AMERICA,AÑEJO,2013-09-01
9087460.81,4536615.26,2879949.18,2013,9,4536615.26,5861524.12,4543730.405,-1.0,-1.8369701987210297e-16,1.0,ESTADOS UNIDOS DE AMERICA,BLANCO,2013-09-01
9087460.81,4536615.26,7705.05,2013,9,4536615.26,5861524.12,4540172.8325000005,-1.0,-1.8369701987210297e-16,1.0,ESTADOS UNIDOS DE AMERICA,EXTRA AÑEJO,2013-09-01
9087460.81,4536615.26,72029.25,2013,9,4536615.26,4509329.4,4536615.26,-1.0,-1.8369701987210297e-16,1.0,ESTADOS UNIDOS DE AMERICA,JOVEN,2013-09-01
9087460.81,4536615.26,1235149.11,2013,9,4536615.26,4509329.4,4536615.26,-1.0,-1.8369701987210297e-16,1.0,ESTADOS UNIDOS DE AMERICA,REPOSADO,2013-09-01
10116115.86,4756042.57,3024.0,2013,10,4536615.26,4509329.4,4591472.0875,-0.8660254037844386,0.5000000000000001,0.0,ESTADOS UNIDOS DE AMERICA,AÑEJO,2013-10-01
10116115.86,4756042.57,1967308.17,2013,10,4756042.57,4509329.4,4646328.915000001,-0.8660254037844386,0.5000000000000001,0.0,ESTADOS UNIDOS DE AMERICA,BLANCO,2013-10-01
10116115.86,4756042.57,2762223.77,2013,10,4756042.57,4509329.4,4701185.742500001,-0.8660254037844386,0.5000000000000001,0.0,ESTADOS UNIDOS DE AMERICA,JOVEN,2013-10-01
10116115.86,4756042.57,23486.63,2013,10,4756042.57,4550845.55,4756042.57,-0.8660254037844386,0.5000000000000001,0.0,ESTADOS UNIDOS DE AMERICA,REPOSADO,2013-10-01
10116115.86,5360073.29,417131.85,2013,10,4756042.57,4550845.55,4907050.250000001,-0.8660254037844386,0.5000000000000001,1.0,ESTADOS UNIDOS DE AMERICA,AÑEJO,2013-10-01
10116115.86,5360073.29,3132253.25,2013,10,5360073.29,4550845.55,5058057.930000001,-0.8660254037844386,0.5000000000000001,1.0,ESTADOS UNIDOS DE AMERICA,BLANCO,2013-10-01
10116115.86,5360073.29,15922.5,2013,10,5360073.29,4550845.55,5209065.610000001,-0.8660254037844386,0.5000000000000001,1.0,ESTADOS UNIDOS DE AMERICA,EXTRA AÑEJO,2013-10-01
10116115.86,5360073.29,122611.44,2013,10,5360073.29,4536615.26,5360073.29,-0.8660254037844386,0.5000000000000001,1.0,ESTADOS UNIDOS DE AMERICA,JOVEN,2013-10-01
10116115.86,5360073.29,1672154.25,2013,10,5360073.29,4536615.26,5360073.29,-0.8660254037844386,0.5000000000000001,1.0,ESTADOS UNIDOS DE AMERICA,REPOSADO,2013-10-01
9660643.31,4480943.46,1242302.57,2013,11,5360073.29,4536615.26,5140290.8325000005,-0.5000000000000004,0.8660254037844384,0.0,ESTADOS UNIDOS DE AMERICA,BLANCO,2013-11-01
9660643.31,4480943.46,3216430.89,2013,11,4480943.46,4536615.26,4920508.375,-0.5000000000000004,0.8660254037844384,0.0,ESTADOS UNIDOS DE AMERICA,JOVEN,2013-11-01
9660643.31,4480943.46,22210.0,2013,11,4480943.46,4536615.26,4700725.9175,-0.5000000000000004,0.8660254037844384,0.0,ESTADOS UNIDOS DE AMERICA,REPOSADO,2013-11-01
9660643.31,5179699.85,487648.54,2013,11,4480943.46,4756042.57,4655632.5575,-0.5000000000000004,0.8660254037844384,1.0,ESTADOS UNIDOS DE AMERICA,AÑEJO,2013-11-01
9660643.31,5179699.85,3030730.63,2013,11,5179699.85,4756042.57,4830321.655,-0.5000000000000004,0.8660254037844384,1.0,ESTADOS UNIDOS DE AMERICA,BLANCO,2013-11-01
9660643.31,5179699.85,9736.95,2013,11,5179699.85,4756042.57,5005010.7525,-0.5000000000000004,0.8660254037844384,1.0,ESTADOS UNIDOS DE AMERICA,EXTRA AÑEJO,2013-11-01
9660643.31,5179699.85,138516.38,2013,11,5179699.85,4756042.57,5179699.85,-0.5000000000000004,0.8660254037844384,1.0,ESTADOS UNIDOS DE AMERICA,JOVEN,2013-11-01
9660643.31,5179699.85,1513067.36,2013,11,5179699.85,5360073.29,5179699.85,-0.5000000000000004,0.8660254037844384,1.0,ESTADOS UNIDOS DE AMERICA,REPOSADO,2013-11-01
7908230.55,4117657.03,1543323.85,2013,12,5179699.85,5360073.29,4914189.145,-2.4492935982947064e-16,1.0,0.0,ESTADOS UNIDOS DE AMERICA,BLANCO,2013-12-01
7908230.55,4117657.03,2506012.09,2013,12,4117657.03,5360073.29,4648678.44,-2.4492935982947064e-16,1.0,0.0,ESTADOS UNIDOS DE AMERICA,JOVEN,2013-12-01
7908230.55,4117657.03,68321.09,2013,12,4117657.03,5360073.29,4383167.735,-2.4492935982947064e-16,1.0,0.0,ESTADOS UNIDOS DE AMERICA,REPOSADO,2013-12-01
7908230.55,3790573.53,275096.19,2013,12,4117657.03,5360073.29,4035886.1550000003,-2.4492935982947064e-16,1.0,1.0,ESTADOS UNIDOS DE AMERICA,AÑEJO,2013-12-01
7908230.55,3790573.53,2446769.0,2013,12,3790573.53,4480943.46,3954115.2800000003,-2.4492935982947064e-16,1.0,1.0,ESTADOS UNIDOS DE AMERICA,BLANCO,2013-12-01
7908230.55,3790573.53,13949.25,2013,12,3790573.53,4480943.46,3872344.4050000003,-2.4492935982947064e-16,1.0,1.0,ESTADOS UNIDOS DE AMERICA,EXTRA AÑEJO,2013-12-01
7908230.55,3790573.53,56410.5,2013,12,3790573.53,4480943.46,3790573.53,-2.4492935982947064e-16,1.0,1.0,ESTADOS UNIDOS DE AMERICA,JOVEN,2013-12-01
7908230.55,3790573.53,998348.59,2013,12,3790573.53,5179699.85,3790573.53,-2.4492935982947064e-16,1.0,1.0,ESTADOS UNIDOS DE AMERICA,REPOSADO,2013-12-01
8542437.5,3537193.34,1111719.04,2014,1,3790573.53,5179699.85,3727228.4825,0.49999999999999994,0.8660254037844387,0.0,ESTADOS UNIDOS DE AMERICA,BLANCO,2014-01-01
8542437.5,3537193.34,2403355.29,2014,1,3537193.34,5179699.85,3663883.4350000005,0.49999999999999994,0.8660254037844387,0.0,ESTADOS UNIDOS DE AMERICA,JOVEN,2014-01-01
8542437.5,3537193.34,22119.0,2014,1,3537193.34,5179699.85,3600538.3875,0.49999999999999994,0.8660254037844387,0.0,ESTADOS UNIDOS DE AMERICA,REPOSADO,2014-01-01
8542437.5,5005244.16,324457.95,2014,1,3537193.34,5179699.85,3904206.045,0.49999999999999994,0.8660254037844387,1.0,ESTADOS UNIDOS DE AMERICA,AÑEJO,2014-01-01
8542437.5,5005244.16,2796536.48,2014,1,5005244.16,4117657.03,4271218.75,0.49999999999999994,0.8660254037844387,1.0,ESTADOS UNIDOS DE AMERICA,BLANCO,2014-01-01
8542437.5,5005244.16,7512.45,2014,1,5005244.16,4117657.03,4638231.455,0.49999999999999994,0.8660254037844387,1.0,ESTADOS UNIDOS DE AMERICA,EXTRA AÑEJO,2014-01-01
8542437.5,5005244.16,215490.38,2014,1,5005244.16,4117657.03,5005244.16,0.49999999999999994,0.8660254037844387,1.0,ESTADOS UNIDOS DE AMERICA,JOVEN,2014-01-01
8542437.5,5005244.16,1661246.91,2014,1,5005244.16,3790573.53,5005244.16,0.49999999999999994,0.8660254037844387,1.0,ESTADOS UNIDOS DE AMERICA,REPOSADO,2014-01-01
9154525.77,4966150.17,2056963.4,2014,2,5005244.16,3790573.53,4995470.662500001,0.8660254037844386,0.5000000000000001,0.0,ESTADOS UNIDOS DE AMERICA,BLANCO,2014-02-01
9154525.77,4966150.17,2876721.82,2014,2,4966150.17,3790573.53,4985697.165,0.8660254037844386,0.5000000000000001,0.0,ESTADOS UNIDOS DE AMERICA,JOVEN,2014-02-01
9154525.77,4966150.17,32464.95,2014,2,4966150.17,3790573.53,4975923.6675,0.8660254037844386,0.5000000000000001,0.0,ESTADOS UNIDOS DE AMERICA,REPOSADO,2014-02-01
9154525.77,4188375.59,317847.15,2014,2,4966150.17,3790573.53,4771706.525,0.8660254037844386,0.5000000000000001,1.0,ESTADOS UNIDOS DE AMERICA,AÑEJO,2014-02-01
9154525.77,4188375.59,2267007.81,2014,2,4188375.59,3537193.34,4577262.880000001,0.8660254037844386,0.5000000000000001,1.0,ESTADOS UNIDOS DE AMERICA,BLANCO,2014-02-01
9154525.77,4188375.59,15053.93,2014,2,4188375.59,3537193.34,4382819.235,0.8660254037844386,0.5000000000000001,1.0,ESTADOS UNIDOS DE AMERICA,EXTRA AÑEJO,2014-02-01
9154525.77,4188375.59,41541.0,2014,2,4188375.59,3537193.34,4188375.59,0.8660254037844386,0.5000000000000001,1.0,ESTADOS UNIDOS DE AMERICA,JOVEN,2014-02-01
9154525.77,4188375.59,1546925.71,2014,2,4188375.59,5005244.16,4188375.59,0.8660254037844386,0.5000000000000001,1.0,ESTADOS UNIDOS DE AMERICA,REPOSADO,2014-02-01
10753722.13,5376347.33,1498574.68,2014,3,4188375.59,5005244.16,4485368.525,1.0,6.123233995736766e-17,0.0,ESTADOS UNIDOS DE AMERICA,BLANCO,2014-03-01
10753722.13,5376347.33,3863289.65,2014,3,5376347.33,5005244.16,4782361.460000001,1.0,6.123233995736766e-17,0.0,ESTADOS UNIDOS DE AMERICA,JOVEN,2014-03-01
10753722.13,5376347.33,14483.0,2014,3,5376347.33,5005244.16,5079354.3950000005,1.0,6.123233995736766e-17,0.0,ESTADOS UNIDOS DE AMERICA,REPOSADO,2014-03-01
10753722.13,5377374.79,469412.71,2014,3,5376347.33,5005244.16,5376604.195,1.0,6.123233995736766e-17,1.0,ESTADOS UNIDOS DE AMERICA,AÑEJO,2014-03-01
10753722.13,5377374.79,3070967.45,2014,3,5377374.79,4966150.17,5376861.0600000005,1.0,6.123233995736766e-17,1.0,ESTADOS UNIDOS DE AMERICA,BLANCO,2014-03-01
10753722.13,5377374.79,20095.93,2014,3,5377374.79,4966150.17,5377117.925000001,1.0,6.123233995736766e-17,1.0,ESTADOS UNIDOS DE AMERICA,EXTRA AÑEJO,2014-03-01
10753722.13,5377374.79,71004.0,2014,3,5377374.79,4966150.17,5377374.79,1.0,6.123233995736766e-17,1.0,ESTADOS UNIDOS DE AMERICA,JOVEN,2014-03-01
10753722.13,5377374.79,1745894.7,2014,3,5377374.79,4188375.59,5377374.79,1.0,6.123233995736766e-17,1.0,ESTADOS UNIDOS DE AMERICA,REPOSADO,2014-03-01
13637376.11,7327529.79,2165968.88,2014,4,5377374.79,4188375.59,5864913.540000001,0.8660254037844387,-0.4999999999999998,0.0,ESTADOS UNIDOS DE AMERICA,BLANCO,2014-04-01
13637376.11,7327529.79,5154540.91,2014,4,7327529.79,4188375.59,6352452.290000001,0.8660254037844387,-0.4999999999999998,0.0,ESTADOS UNIDOS DE AMERICA,JOVEN,2014-04-01
13637376.11,7327529.79,7020.0,2014,4,7327529.79,4188375.59,6839991.04,0.8660254037844387,-0.4999999999999998,0.0,ESTADOS UNIDOS DE AMERICA,REPOSADO,2014-04-01
13637376.11,6309846.32,459404.05,2014,4,7327529.79,4188375.59,7073108.9225,0.8660254037844387,-0.4999999999999998,1.0,ESTADOS UNIDOS DE AMERICA,AÑEJO,2014-04-01
13637376.11,6309846.32,3775617.97,2014,4,6309846.32,5376347.33,6818688.055000001,0.8660254037844387,-0.4999999999999998,1.0,ESTADOS UNIDOS DE AMERICA,BLANCO,2014-04-01
13637376.11,6309846.32,12972.17,2014,4,6309846.32,5376347.33,6564267.1875,0.8660254037844387,-0.4999999999999998,1.0,ESTADOS UNIDOS DE AMERICA,EXTRA AÑEJO,2014-04-01
13637376.11,6309846.32,135841.16,2014,4,6309846.32,5376347.33,6309846.32,0.8660254037844387,-0.4999999999999998,1.0,ESTADOS UNIDOS DE AMERICA,JOVEN,2014-04-01
13637376.11,6309846.32,1926010.97,2014,4,6309846.32,5377374.79,6309846.32,0.8660254037844387,-0.4999999999999998,1.0,ESTADOS UNIDOS DE AMERICA,REPOSADO,2014-04-01
14389012.0,8540363.39,2093971.85,2014,5,6309846.32,5377374.79,6867475.5875,0.49999999999999994,-0.8660254037844387,0.0,ESTADOS UNIDOS DE AMERICA,BLANCO,2014-05-01
14389012.0,8540363.39,6406421.78,2014,5,8540363.39,5377374.79,7425104.855,0.49999999999999994,-0.8660254037844387,0.0,ESTADOS UNIDOS DE AMERICA,JOVEN,2014-05-01
14389012.0,8540363.39,39969.75,2014,5,8540363.39,5377374.79,7982734.1225000005,0.49999999999999994,-0.8660254037844387,0.0,ESTADOS UNIDOS DE AMERICA,REPOSADO,2014-05-01
14389012.0,5848648.61,409977.36,2014,5,8540363.39,5377374.79,7867434.695,0.49999999999999994,-0.8660254037844387,1.0,ESTADOS UNIDOS DE AMERICA,AÑEJO,2014-05-01
14389012.0,5848648.61,3703678.99,2014,5,5848648.61,7327529.79,7194506.0,0.49999999999999994,-0.8660254037844387,1.0,ESTADOS UNIDOS DE AMERICA,BLANCO,2014-05-01
14389012.0,5848648.61,10864.09,2014,5,5848648.61,7327529.79,6521577.305000001,0.49999999999999994,-0.8660254037844387,1.0,ESTADOS UNIDOS DE AMERICA,EXTRA AÑEJO,2014-05-01
14389012.0,5848648.61,77641.5,2014,5,5848648.61,7327529.79,5848648.61,0.49999999999999994,-0.8660254037844387,1.0,ESTADOS UNIDOS DE AMERICA,JOVEN,2014-05-01
14389012.0,5848648.61,1646486.66,2014,5,5848648.61,6309846.32,5848648.61,0.49999999999999994,-0.8660254037844387,1.0,ESTADOS UNIDOS DE AMERICA,REPOSADO,2014-05-01
13689129.56,8439358.5,2865265.61,2014,6,5848648.61,6309846.32,6496326.0825,1.2246467991473532e-16,-1.0,0.0,ESTADOS UNIDOS DE AMERICA,BLANCO,2014-06-01
13689129.56,8439358.5,5567612.89,2014,6,8439358.5,6309846.32,7144003.555,1.2246467991473532e-16,-1.0,0.0,ESTADOS UNIDOS DE AMERICA,JOVEN,2014-06-01
13689129.56,8439358.5,6480.0,2014,6,8439358.5,6309846.32,7791681.0275,1.2246467991473532e-16,-1.0,0.0,ESTADOS UNIDOS DE AMERICA,REPOSADO,2014-06-01
13689129.56,5249771.05,385362.65,2014,6,8439358.5,6309846.32,7641961.6375,1.2246467991473532e-16,-1.0,1.0,ESTADOS UNIDOS DE AMERICA,AÑEJO,2014-06-01
13689129.56,5249771.05,3123026.98,2014,6,5249771.05,8540363.39,6844564.775,1.2246467991473532e-16,-1.0,1.0,ESTADOS UNIDOS DE AMERICA,BLANCO,2014-06-01
13689129.56,5249771.05,12003.83,2014,6,5249771.05,8540363.39,6047167.9125,1.2246467991473532e-16,-1.0,1.0,ESTADOS UNIDOS DE AMERICA,EXTRA AÑEJO,2014-06-01
13689129.56,5249771.05,96685.5,2014,6,5249771.05,8540363.39,5249771.05,1.2246467991473532e-16,-1.0,1.0,ESTADOS UNIDOS DE AMERICA,JOVEN,2014-06-01
13689129.56,5249771.05,1632692.1,2014,6,5249771.05,5848648.61,5249771.05,1.2246467991473532e-16,-1.0,1.0,ESTADOS UNIDOS DE AMERICA,REPOSADO,2014-06-01
13624122.36,8422355.57,2951334.41,2014,7,5249771.05,5848648.61,6042917.18,-0.4999999999999997,-0.8660254037844388,0.0,ESTADOS UNIDOS DE AMERICA,BLANCO,2014-07-01
13624122.36,8422355.57,5451359.31,2014,7,8422355.57,5848648.61,6836063.3100000005,-0.4999999999999997,-0.8660254037844388,0.0,ESTADOS UNIDOS DE AMERICA,JOVEN,2014-07-01
13624122.36,8422355.57,19661.85,2014,7,8422355.57,5848648.61,7629209.440000001,-0.4999999999999997,-0.8660254037844388,0.0,ESTADOS UNIDOS DE AMERICA,REPOSADO,2014-07-01
13624122.36,5201766.79,459351.74,2014,7,8422355.57,5848648.61,7617208.375000001,-0.4999999999999997,-0.8660254037844388,1.0,ESTADOS UNIDOS DE AMERICA,AÑEJO,2014-07-01
13624122.36,5201766.79,2751107.51,2014,7,5201766.79,8439358.5,6812061.180000001,-0.4999999999999997,-0.8660254037844388,1.0,ESTADOS UNIDOS DE AMERICA,BLANCO,2014-07-01
13624122.36,5201766.79,8915.25,2014,7,5201766.79,8439358.5,6006913.985,-0.4999999999999997,-0.8660254037844388,1.0,ESTADOS UNIDOS DE AMERICA,EXTRA AÑEJO,2014-07-01
13624122.36,5201766.79,31017.2,2014,7,5201766.79,8439358.5,5201766.79,-0.4999999999999997,-0.8660254037844388,1.0,ESTADOS UNIDOS DE AMERICA,JOVEN,2014-07-01
13624122.36,5201766.79,1951375.09,2014,7,5201766.79,5249771.05,5201766.79,-0.4999999999999997,-0.8660254037844388,1.0,ESTADOS UNIDOS DE AMERICA,REPOSADO,2014-07-01
12280915.22,6827716.58,2788973.76,2014,8,5201766.79,5249771.05,5608254.237500001,-0.8660254037844385,-0.5000000000000004,0.0,ESTADOS UNIDOS DE AMERICA,BLANCO,2014-08-01
12280915.22,6827716.58,4014985.82,2014,8,6827716.58,5249771.05,6014741.6850000005,-0.8660254037844385,-0.5000000000000004,0.0,ESTADOS UNIDOS DE AMERICA,JOVEN,2014-08-01
12280915.22,6827716.58,23757.0,2014,8,6827716.58,5249771.05,6421229.132500001,-0.8660254037844385,-0.5000000000000004,0.0,ESTADOS UNIDOS DE AMERICA,REPOSADO,2014-08-01
12280915.22,5453198.64,393453.58,2014,8,6827716.58,5249771.05,6484087.095000001,-0.8660254037844385,-0.5000000000000004,1.0,ESTADOS UNIDOS DE AMERICA,AÑEJO,2014-08-01
12280915.22,5453198.64,3176446.6,2014,8,5453198.64,8422355.57,6140457.61,-0.8660254037844385,-0.5000000000000004,1.0,ESTADOS UNIDOS DE AMERICA,BLANCO,2014-08-01
12280915.22,5453198.64,17474.25,2014,8,5453198.64,8422355.57,5796828.125,-0.8660254037844385,-0.5000000000000004,1.0,ESTADOS UNIDOS DE AMERICA,EXTRA AÑEJO,2014-08-01
12280915.22,5453198.64,77497.5,2014,8,5453198.64,8422355.57,5453198.64,-0.8660254037844385,-0.5000000000000004,1.0,ESTADOS UNIDOS DE AMERICA,JOVEN,2014-08-01
12280915.22,5453198.64,1788326.72,2014,8,5453198.64,5201766.79,5453198.64,-0.8660254037844385,-0.5000000000000004,1.0,ESTADOS UNIDOS DE AMERICA,REPOSADO,2014-08-01
10869457.81,4973242.85,1909205.08,2014,9,5453198.64,5201766.79,5333209.6925,-1.0,-1.8369701987210297e-16,0.0,ESTADOS UNIDOS DE AMERICA,BLANCO,2014-09-01
10869457.81,4973242.85,3036656.43,2014,9,4973242.85,5201766.79,5213220.745,-1.0,-1.8369701987210297e-16,0.0,ESTADOS UNIDOS DE AMERICA,JOVEN,2014-09-01
10869457.81,4973242.85,27381.35,2014,9,4973242.85,5201766.79,5093231.797499999,-1.0,-1.8369701987210297e-16,0.0,ESTADOS UNIDOS DE AMERICA,REPOSADO,2014-09-01
10869457.81,5896214.96,486212.55,2014,9,4973242.85,5201766.79,5203985.8775,-1.0,-1.8369701987210297e-16,1.0,ESTADOS UNIDOS DE AMERICA,AÑEJO,2014-09-01
10869457.81,5896214.96,3258044.99,2014,9,5896214.96,6827716.58,5434728.905,-1.0,-1.8369701987210297e-16,1.0,ESTADOS UNIDOS DE AMERICA,BLANCO,2014-09-01
10869457.81,5896214.96,18459.0,2014,9,5896214.96,6827716.58,5665471.9325,-1.0,-1.8369701987210297e-16,1.0,ESTADOS UNIDOS DE AMERICA,EXTRA AÑEJO,2014-09-01
10869457.81,5896214.96,90942.3,2014,9,5896214.96,6827716.58,5896214.96,-1.0,-1.8369701987210297e-16,1.0,ESTADOS UNIDOS DE AMERICA,JOVEN,2014-09-01
10869457.81,5896214.96,2042556.12,2014,9,5896214.96,5453198.64,5896214.96,-1.0,-1.8369701987210297e-16,1.0,ESTADOS UNIDOS DE AMERICA,REPOSADO,2014-09-01
9827411.17,4223621.17,1573400.77,2014,10,5896214.96,5453198.64,5478066.5125,-0.8660254037844386,0.5000000000000001,0.0,ESTADOS UNIDOS DE AMERICA,BLANCO,2014-10-01
9827411.17,4223621.17,2634297.15,2014,10,4223621.17,5453198.64,5059918.065,-0.8660254037844386,0.5000000000000001,0.0,ESTADOS UNIDOS DE AMERICA,JOVEN,2014-10-01
9827411.17,4223621.17,15923.25,2014,10,4223621.17,5453198.64,4641769.617500001,-0.8660254037844386,0.5000000000000001,0.0,ESTADOS UNIDOS DE AMERICA,REPOSADO,2014-10-01
9827411.17,5603790.0,571984.11,2014,10,4223621.17,5453198.64,4568663.3775,-0.8660254037844386,0.5000000000000001,1.0,ESTADOS UNIDOS DE AMERICA,AÑEJO,2014-10-01
9827411.17,5603790.0,3305691.48,2014,10,5603790.0,4973242.85,4913705.585000001,-0.8660254037844386,0.5000000000000001,1.0,ESTADOS UNIDOS DE AMERICA,BLANCO,2014-10-01
9827411.17,5603790.0,18330.71,2014,10,5603790.0,4973242.85,5258747.7925,-0.8660254037844386,0.5000000000000001,1.0,ESTADOS UNIDOS DE AMERICA,EXTRA AÑEJO,2014-10-01
9827411.17,5603790.0,87273.15,2014,10,5603790.0,4973242.85,5603790.0,-0.8660254037844386,0.5000000000000001,1.0,ESTADOS UNIDOS DE AMERICA,JOVEN,2014-10-01
9827411.17,5603790.0,1620510.54,2014,10,5603790.0,5896214.96,5603790.0,-0.8660254037844386,0.5000000000000001,1.0,ESTADOS UNIDOS DE AMERICA,REPOSADO,2014-10-01
8749992.57,2689114.69,780046.71,2014,11,5603790.0,5896214.96,4875121.1725,-0.5000000000000004,0.8660254037844384,0.0,ESTADOS UNIDOS DE AMERICA,BLANCO,2014-11-01
8749992.57,2689114.69,1881104.99,2014,11,2689114.69,5896214.96,4146452.3450000007,-0.5000000000000004,0.8660254037844384,0.0,ESTADOS UNIDOS DE AMERICA,JOVEN,2014-11-01
8749992.57,2689114.69,27963.0,2014,11,2689114.69,5896214.96,3417783.5175000005,-0.5000000000000004,0.8660254037844384,0.0,ESTADOS UNIDOS DE AMERICA,REPOSADO,2014-11-01
8749992.57,6060877.88,435042.27,2014,11,2689114.69,5896214.96,3532055.4875000007,-0.5000000000000004,0.8660254037844384,1.0,ESTADOS UNIDOS DE AMERICA,AÑEJO,2014-11-01
8749992.57,6060877.88,3655007.91,2014,11,6060877.88,4223621.17,4374996.285,-0.5000000000000004,0.8660254037844384,1.0,ESTADOS UNIDOS DE AMERICA,BLANCO,2014-11-01
8749992.57,6060877.88,26530.66,2014,11,6060877.88,4223621.17,5217937.0825000005,-0.5000000000000004,0.8660254037844384,1.0,ESTADOS UNIDOS DE AMERICA,EXTRA AÑEJO,2014-11-01
8749992.57,6060877.88,115894.5,2014,11,6060877.88,4223621.17,6060877.88,-0.5000000000000004,0.8660254037844384,1.0,ESTADOS UNIDOS DE AMERICA,JOVEN,2014-11-01
8749992.57,6060877.88,1828402.53,2014,11,6060877.88,5603790.0,6060877.88,-0.5000000000000004,0.8660254037844384,1.0,ESTADOS UNIDOS DE AMERICA,REPOSADO,2014-11-01
9096363.94,4046379.37,998849.32,2014,12,6060877.88,5603790.0,5557253.2525,-2.4492935982947064e-16,1.0,0.0,ESTADOS UNIDOS DE AMERICA,BLANCO,2014-12-01
9096363.94,4046379.37,1464.0,2014,12,4046379.37,5603790.0,5053628.625000001,-2.4492935982947064e-16,1.0,0.0,ESTADOS UNIDOS DE AMERICA,EXTRA AÑEJO,2014-12-01
9096363.94,4046379.37,3024517.65,2014,12,4046379.37,5603790.0,4550003.9975000005,-2.4492935982947064e-16,1.0,0.0,ESTADOS UNIDOS DE AMERICA,JOVEN,2014-12-01
9096363.94,4046379.37,21548.4,2014,12,4046379.37,5603790.0,4046379.37,-2.4492935982947064e-16,1.0,0.0,ESTADOS UNIDOS DE AMERICA,REPOSADO,2014-12-01
9096363.94,5049984.58,404955.09,2014,12,4046379.37,2689114.69,4297280.6725,-2.4492935982947064e-16,1.0,1.0,ESTADOS UNIDOS DE AMERICA,AÑEJO,2014-12-01
9096363.94,5049984.58,3215021.05,2014,12,5049984.58,2689114.69,4548181.975000001,-2.4492935982947064e-16,1.0,1.0,ESTADOS UNIDOS DE AMERICA,BLANCO,2014-12-01
9096363.94,5049984.58,17016.54,2014,12,5049984.58,2689114.69,4799083.277500001,-2.4492935982947064e-16,1.0,1.0,ESTADOS UNIDOS DE AMERICA,EXTRA AÑEJO,2014-12-01
9096363.94,5049984.58,83843.25,2014,12,5049984.58,6060877.88,5049984.58,-2.4492935982947064e-16,1.0,1.0,ESTADOS UNIDOS DE AMERICA,JOVEN,2014-12-01
9096363.94,5049984.58,1329148.65,2014,12,5049984.58,6060877.88,5049984.58,-2.4492935982947064e-16,1.0,1.0,ESTADOS UNIDOS DE AMERICA,REPOSADO,2014-12-01
10847756.39,5670143.9,2170429.04,2015,1,5049984.58,6060877.88,5205024.410000001,0.49999999999999994,0.8660254037844387,0.0,ESTADOS UNIDOS DE AMERICA,BLANCO,2015-01-01
10847756.39,5670143.9,3476638.71,2015,1,5670143.9,6060877.88,5360064.240000001,0.49999999999999994,0.8660254037844387,0.0,ESTADOS UNIDOS DE AMERICA,JOVEN,2015-01-01
10847756.39,5670143.9,23076.15,2015,1,5670143.9,6060877.88,5515104.070000001,0.49999999999999994,0.8660254037844387,0.0,ESTADOS UNIDOS DE AMERICA,REPOSADO,2015-01-01
10847756.39,5177612.49,359645.78,2015,1,5670143.9,4046379.37,5547011.0475,0.49999999999999994,0.8660254037844387,1.0,ESTADOS UNIDOS DE AMERICA,AÑEJO,2015-01-01
10847756.39,5177612.49,3118329.03,2015,1,5177612.49,4046379.37,5423878.195000001,0.49999999999999994,0.8660254037844387,1.0,ESTADOS UNIDOS DE AMERICA,BLANCO,2015-01-01
10847756.39,5177612.49,19503.91,2015,1,5177612.49,4046379.37,5300745.342500001,0.49999999999999994,0.8660254037844387,1.0,ESTADOS UNIDOS DE AMERICA,EXTRA AÑEJO,2015-01-01
10847756.39,5177612.49,73893.0,2015,1,5177612.49,4046379.37,5177612.49,0.49999999999999994,0.8660254037844387,1.0,ESTADOS UNIDOS DE AMERICA,JOVEN,2015-01-01
10847756.39,5177612.49,1606240.79,2015,1,5177612.49,5049984.58,5177612.49,0.49999999999999994,0.8660254037844387,1.0,ESTADOS UNIDOS DE AMERICA,REPOSADO,2015-01-01
11768769.98,6926090.06,1761269.83,2015,2,5177612.49,5049984.58,5614731.8825,0.8660254037844386,0.5000000000000001,0.0,ESTADOS UNIDOS DE AMERICA,BLANCO,2015-02-01
11768769.98,6926090.06,5121575.18,2015,2,6926090.06,5049984.58,6051851.275,0.8660254037844386,0.5000000000000001,0.0,ESTADOS UNIDOS DE AMERICA,JOVEN,2015-02-01
11768769.98,6926090.06,43245.06,2015,2,6926090.06,5049984.58,6488970.6675,0.8660254037844386,0.5000000000000001,0.0,ESTADOS UNIDOS DE AMERICA,REPOSADO,2015-02-01
11768769.98,4842679.91,305972.95,2015,2,6926090.06,5049984.58,6405237.5225,0.8660254037844386,0.5000000000000001,1.0,ESTADOS UNIDOS DE AMERICA,AÑEJO,2015-02-01
11768769.98,4842679.91,2967560.68,2015,2,4842679.91,5670143.9,5884384.985,0.8660254037844386,0.5000000000000001,1.0,ESTADOS UNIDOS DE AMERICA,BLANCO,2015-02-01
11768769.98,4842679.91,24080.56,2015,2,4842679.91,5670143.9,5363532.447500001,0.8660254037844386,0.5000000000000001,1.0,ESTADOS UNIDOS DE AMERICA,EXTRA AÑEJO,2015-02-01
11768769.98,4842679.91,36036.0,2015,2,4842679.91,5670143.9,4842679.91,0.8660254037844386,0.5000000000000001,1.0,ESTADOS UNIDOS DE AMERICA,JOVEN,2015-02-01
11768769.98,4842679.91,1509029.73,2015,2,4842679.91,5177612.49,4842679.91,0.8660254037844386,0.5000000000000001,1.0,ESTADOS UNIDOS DE AMERICA,REPOSADO,2015-02-01
13965134.29,7480294.03,2306377.96,2015,3,4842679.91,5177612.49,5502083.440000001,1.0,6.123233995736766e-17,0.0,ESTADOS UNIDOS DE AMERICA,BLANCO,2015-03-01
13965134.29,7480294.03,5154937.69,2015,3,7480294.03,5177612.49,6161486.970000001,1.0,6.123233995736766e-17,0.0,ESTADOS UNIDOS DE AMERICA,JOVEN,2015-03-01
13965134.29,7480294.03,18978.38,2015,3,7480294.03,5177612.49,6820890.500000001,1.0,6.123233995736766e-17,0.0,ESTADOS UNIDOS DE AMERICA,REPOSADO,2015-03-01
13965134.29,6484840.26,449883.25,2015,3,7480294.03,5177612.49,7231430.587500001,1.0,6.123233995736766e-17,1.0,ESTADOS UNIDOS DE AMERICA,AÑEJO,2015-03-01
13965134.29,6484840.26,4086424.93,2015,3,6484840.26,6926090.06,6982567.1450000005,1.0,6.123233995736766e-17,1.0,ESTADOS UNIDOS DE AMERICA,BLANCO,2015-03-01
13965134.29,6484840.26,23274.49,2015,3,6484840.26,6926090.06,6733703.702500001,1.0,6.123233995736766e-17,1.0,ESTADOS UNIDOS DE AMERICA,EXTRA AÑEJO,2015-03-01
13965134.29,6484840.26,118833.3,2015,3,6484840.26,6926090.06,6484840.26,1.0,6.123233995736766e-17,1.0,ESTADOS UNIDOS DE AMERICA,JOVEN,2015-03-01
13965134.29,6484840.26,1806424.3,2015,3,6484840.26,4842679.91,6484840.26,1.0,6.123233995736766e-17,1.0,ESTADOS UNIDOS DE AMERICA,REPOSADO,2015-03-01
14352808.78,8136088.86,2217505.49,2015,4,6484840.26,4842679.91,6897652.41,0.8660254037844387,-0.4999999999999998,0.0,ESTADOS UNIDOS DE AMERICA,BLANCO,2015-04-01
14352808.78,8136088.86,5900028.37,2015,4,8136088.86,4842679.91,7310464.5600000005,0.8660254037844387,-0.4999999999999998,0.0,ESTADOS UNIDOS DE AMERICA,JOVEN,2015-04-01
14352808.78,8136088.86,18555.0,2015,4,8136088.86,4842679.91,7723276.710000001,0.8660254037844387,-0.4999999999999998,0.0,ESTADOS UNIDOS DE AMERICA,REPOSADO,2015-04-01
14352808.78,6216719.92,534095.63,2015,4,8136088.86,4842679.91,7656246.625000001,0.8660254037844387,-0.4999999999999998,1.0,ESTADOS UNIDOS DE AMERICA,AÑEJO,2015-04-01
14352808.78,6216719.92,3930080.33,2015,4,6216719.92,7480294.03,7176404.390000001,0.8660254037844387,-0.4999999999999998,1.0,ESTADOS UNIDOS DE AMERICA,BLANCO,2015-04-01
14352808.78,6216719.92,15429.46,2015,4,6216719.92,7480294.03,6696562.155000001,0.8660254037844387,-0.4999999999999998,1.0,ESTADOS UNIDOS DE AMERICA,EXTRA AÑEJO,2015-04-01
14352808.78,6216719.92,94870.5,2015,4,6216719.92,7480294.03,6216719.92,0.8660254037844387,-0.4999999999999998,1.0,ESTADOS UNIDOS DE AMERICA,JOVEN,2015-04-01
14352808.78,6216719.92,1642244.01,2015,4,6216719.92,6484840.26,6216719.92,0.8660254037844387,-0.4999999999999998,1.0,ESTADOS UNIDOS DE AMERICA,REPOSADO,2015-04-01
14251899.89,8902706.3,3041128.3,2015,5,6216719.92,6484840.26,6888216.515000001,0.49999999999999994,-0.8660254037844387,0.0,ESTADOS UNIDOS DE AMERICA,BLANCO,2015-05-01
14251899.89,8902706.3,468.0,2015,5,8902706.3,6484840.26,7559713.110000001,0.49999999999999994,-0.8660254037844387,0.0,ESTADOS UNIDOS DE AMERICA,EXTRA AÑEJO,2015-05-01
14251899.89,8902706.3,5836306.0,2015,5,8902706.3,6484840.26,8231209.705000001,0.49999999999999994,-0.8660254037844387,0.0,ESTADOS UNIDOS DE AMERICA,JOVEN,2015-05-01
14251899.89,8902706.3,24804.0,2015,5,8902706.3,6484840.26,8902706.3,0.49999999999999994,-0.8660254037844387,0.0,ESTADOS UNIDOS DE AMERICA,REPOSADO,2015-05-01
14251899.89,5349193.6,380136.45,2015,5,8902706.3,8136088.86,8014328.125000002,0.49999999999999994,-0.8660254037844387,1.0,ESTADOS UNIDOS DE AMERICA,AÑEJO,2015-05-01
14251899.89,5349193.6,3114617.54,2015,5,5349193.6,8136088.86,7125949.950000001,0.49999999999999994,-0.8660254037844387,1.0,ESTADOS UNIDOS DE AMERICA,BLANCO,2015-05-01
14251899.89,5349193.6,19711.15,2015,5,5349193.6,8136088.86,6237571.775,0.49999999999999994,-0.8660254037844387,1.0,ESTADOS UNIDOS DE AMERICA,EXTRA AÑEJO,2015-05-01
14251899.89,5349193.6,72215.7,2015,5,5349193.6,6216719.92,5349193.6,0.49999999999999994,-0.8660254037844387,1.0,ESTADOS UNIDOS DE AMERICA,JOVEN,2015-05-01
14251899.89,5349193.6,1762512.76,2015,5,5349193.6,6216719.92,5349193.6,0.49999999999999994,-0.8660254037844387,1.0,ESTADOS UNIDOS DE AMERICA,REPOSADO,2015-05-01
14734449.69,9040799.55,3815294.29,2015,6,5349193.6,6216719.92,6272095.0875,1.2246467991473532e-16,-1.0,0.0,ESTADOS UNIDOS DE AMERICA,BLANCO,2015-06-01
14734449.69,9040799.55,2610.0,2015,6,9040799.55,6216719.92,7194996.575000001,1.2246467991473532e-16,-1.0,0.0,ESTADOS UNIDOS DE AMERICA,EXTRA AÑEJO,2015-06-01
14734449.69,9040799.55,5183131.0,2015,6,9040799.55,6216719.92,8117898.062500002,1.2246467991473532e-16,-1.0,0.0,ESTADOS UNIDOS DE AMERICA,JOVEN,2015-06-01
14734449.69,9040799.55,39764.25,2015,6,9040799.55,8902706.3,9040799.55,1.2246467991473532e-16,-1.0,0.0,ESTADOS UNIDOS DE AMERICA,REPOSADO,2015-06-01
14734449.69,5693650.14,355859.65,2015,6,9040799.55,8902706.3,8204012.197500002,1.2246467991473532e-16,-1.0,1.0,ESTADOS UNIDOS DE AMERICA,AÑEJO,2015-06-01
14734449.69,5693650.14,3625298.34,2015,6,5693650.14,8902706.3,7367224.845000001,1.2246467991473532e-16,-1.0,1.0,ESTADOS UNIDOS DE AMERICA,BLANCO,2015-06-01
14734449.69,5693650.14,14739.4,2015,6,5693650.14,8902706.3,6530437.492500002,1.2246467991473532e-16,-1.0,1.0,ESTADOS UNIDOS DE AMERICA,EXTRA AÑEJO,2015-06-01
14734449.69,5693650.14,178002.75,2015,6,5693650.14,5349193.6,5693650.14,1.2246467991473532e-16,-1.0,1.0,ESTADOS UNIDOS DE AMERICA,JOVEN,2015-06-01
14734449.69,5693650.14,1519750.0,2015,6,5693650.14,5349193.6,5693650.14,1.2246467991473532e-16,-1.0,1.0,ESTADOS UNIDOS DE AMERICA,REPOSADO,2015-06-01
14039648.57,7297121.09,2277206.24,2015,7,5693650.14,5349193.6,6094517.8775,-0.4999999999999997,-0.8660254037844388,0.0,ESTADOS UNIDOS DE AMERICA,BLANCO,2015-07-01
14039648.57,7297121.09,5017160.86,2015,7,7297121.09,5349193.6,6495385.615,-0.4999999999999997,-0.8660254037844388,0.0,ESTADOS UNIDOS DE AMERICA,JOVEN,2015-07-01
14039648.57,7297121.09,2754.0,2015,7,7297121.09,5349193.6,6896253.3525,-0.4999999999999997,-0.8660254037844388,0.0,ESTADOS UNIDOS DE AMERICA,REPOSADO,2015-07-01
14039648.57,6742527.48,529323.9,2015,7,7297121.09,9040799.55,7158472.687500001,-0.4999999999999997,-0.8660254037844388,1.0,ESTADOS UNIDOS DE AMERICA,AÑEJO,2015-07-01
14039648.57,6742527.48,3959389.35,2015,7,6742527.48,9040799.55,7019824.285000001,-0.4999999999999997,-0.8660254037844388,1.0,ESTADOS UNIDOS DE AMERICA,BLANCO,2015-07-01
14039648.57,6742527.48,14962.5,2015,7,6742527.48,9040799.55,6881175.882500001,-0.4999999999999997,-0.8660254037844388,1.0,ESTADOS UNIDOS DE AMERICA,EXTRA AÑEJO,2015-07-01
14039648.57,6742527.48,125722.5,2015,7,6742527.48,9040799.55,6742527.48,-0.4999999999999997,-0.8660254037844388,1.0,ESTADOS UNIDOS DE AMERICA,JOVEN,2015-07-01
14039648.57,6742527.48,2113129.23,2015,7,6742527.48,5693650.14,6742527.48,-0.4999999999999997,-0.8660254037844388,1.0,ESTADOS UNIDOS DE AMERICA,REPOSADO,2015-07-01
11483355.32,5547806.46,2304514.73,2015,8,6742527.48,5693650.14,6443847.2250000015,-0.8660254037844385,-0.5000000000000004,0.0,ESTADOS UNIDOS DE AMERICA,BLANCO,2015-08-01
11483355.32,5547806.46,2340.0,2015,8,5547806.46,5693650.14,6145166.970000002,-0.8660254037844385,-0.5000000000000004,0.0,ESTADOS UNIDOS DE AMERICA,EXTRA AÑEJO,2015-08-01
11483355.32,5547806.46,3221659.18,2015,8,5547806.46,5693650.14,5846486.715000002,-0.8660254037844385,-0.5000000000000004,0.0,ESTADOS UNIDOS DE AMERICA,JOVEN,2015-08-01
11483355.32,5547806.46,19292.55,2015,8,5547806.46,5693650.14,5547806.46,-0.8660254037844385,-0.5000000000000004,0.0,ESTADOS UNIDOS DE AMERICA,REPOSADO,2015-08-01
11483355.32,5935548.86,466183.31,2015,8,5547806.46,7297121.09,5644742.0600000005,-0.8660254037844385,-0.5000000000000004,1.0,ESTADOS UNIDOS DE AMERICA,AÑEJO,2015-08-01
11483355.32,5935548.86,3575531.41,2015,8,5935548.86,7297121.09,5741677.660000001,-0.8660254037844385,-0.5000000000000004,1.0,ESTADOS UNIDOS DE AMERICA,BLANCO,2015-08-01
11483355.32,5935548.86,16717.5,2015,8,5935548.86,7297121.09,5838613.260000002,-0.8660254037844385,-0.5000000000000004,1.0,ESTADOS UNIDOS DE AMERICA,EXTRA AÑEJO,2015-08-01
11483355.32,5935548.86,88348.5,2015,8,5935548.86,6742527.48,5935548.86,-0.8660254037844385,-0.5000000000000004,1.0,ESTADOS UNIDOS DE AMERICA,JOVEN,2015-08-01
11483355.32,5935548.86,1788768.14,2015,8,5935548.86,6742527.48,5935548.86,-0.8660254037844385,-0.5000000000000004,1.0,ESTADOS UNIDOS DE AMERICA,REPOSADO,2015-08-01
12296848.08,5512772.87,2139626.22,2015,9,5935548.86,6742527.48,5829854.862500001,-1.0,-1.8369701987210297e-16,0.0,ESTADOS UNIDOS DE AMERICA,BLANCO,2015-09-01
12296848.08,5512772.87,3358844.0,2015,9,5512772.87,6742527.48,5724160.865000001,-1.0,-1.8369701987210297e-16,0.0,ESTADOS UNIDOS DE AMERICA,JOVEN,2015-09-01
12296848.08,5512772.87,14302.65,2015,9,5512772.87,6742527.48,5618466.867500002,-1.0,-1.8369701987210297e-16,0.0,ESTADOS UNIDOS DE AMERICA,REPOSADO,2015-09-01
12296848.08,6784075.21,448164.44,2015,9,5512772.87,5547806.46,5830598.455000001,-1.0,-1.8369701987210297e-16,1.0,ESTADOS UNIDOS DE AMERICA,AÑEJO,2015-09-01
12296848.08,6784075.21,4031309.03,2015,9,6784075.21,5547806.46,6148424.040000001,-1.0,-1.8369701987210297e-16,1.0,ESTADOS UNIDOS DE AMERICA,BLANCO,2015-09-01
12296848.08,6784075.21,13101.23,2015,9,6784075.21,5547806.46,6466249.625000002,-1.0,-1.8369701987210297e-16,1.0,ESTADOS UNIDOS DE AMERICA,EXTRA AÑEJO,2015-09-01
12296848.08,6784075.21,59836.5,2015,9,6784075.21,5547806.46,6784075.21,-1.0,-1.8369701987210297e-16,1.0,ESTADOS UNIDOS DE AMERICA,JOVEN,2015-09-01
12296848.08,6784075.21,2231664.03,2015,9,6784075.21,5935548.86,6784075.21,-1.0,-1.8369701987210297e-16,1.0,ESTADOS UNIDOS DE AMERICA,REPOSADO,2015-09-01
10672065.87,4351082.77,1803948.78,2015,10,6784075.21,5935548.86,6175827.100000001,-0.8660254037844386,0.5000000000000001,0.0,ESTADOS UNIDOS DE AMERICA,BLANCO,2015-10-01
10672065.87,4351082.77,2482448.19,2015,10,4351082.77,5935548.86,5567578.990000001,-0.8660254037844386,0.5000000000000001,0.0,ESTADOS UNIDOS DE AMERICA,JOVEN,2015-10-01
10672065.87,4351082.77,64685.8,2015,10,4351082.77,5935548.86,4959330.880000001,-0.8660254037844386,0.5000000000000001,0.0,ESTADOS UNIDOS DE AMERICA,REPOSADO,2015-10-01
10672065.87,6320983.11,481283.1,2015,10,4351082.77,5935548.86,4843557.855,-0.8660254037844386,0.5000000000000001,1.0,ESTADOS UNIDOS DE AMERICA,AÑEJO,2015-10-01
10672065.87,6320983.11,3935779.83,2015,10,6320983.11,5512772.87,5336032.940000001,-0.8660254037844386,0.5000000000000001,1.0,ESTADOS UNIDOS DE AMERICA,BLANCO,2015-10-01
10672065.87,6320983.11,13082.77,2015,10,6320983.11,5512772.87,5828508.025000001,-0.8660254037844386,0.5000000000000001,1.0,ESTADOS UNIDOS DE AMERICA,EXTRA AÑEJO,2015-10-01
10672065.87,6320983.11,69990.0,2015,10,6320983.11,5512772.87,6320983.11,-0.8660254037844386,0.5000000000000001,1.0,ESTADOS UNIDOS DE AMERICA,JOVEN,2015-10-01
10672065.87,6320983.11,1820847.42,2015,10,6320983.11,6784075.21,6320983.11,-0.8660254037844386,0.5000000000000001,1.0,ESTADOS UNIDOS DE AMERICA,REPOSADO,2015-10-01
12428220.12,5923396.26,1973402.94,2015,11,6320983.11,6784075.21,6221586.397500002,-0.5000000000000004,0.8660254037844384,0.0,ESTADOS UNIDOS DE AMERICA,BLANCO,2015-11-01
12428220.12,5923396.26,468.0,2015,11,5923396.26,6784075.21,6122189.6850000005,-0.5000000000000004,0.8660254037844384,0.0,ESTADOS UNIDOS DE AMERICA,EXTRA AÑEJO,2015-11-01
12428220.12,5923396.26,3921436.33,2015,11,5923396.26,6784075.21,6022792.972500001,-0.5000000000000004,0.8660254037844384,0.0,ESTADOS UNIDOS DE AMERICA,JOVEN,2015-11-01
12428220.12,5923396.26,28089.0,2015,11,5923396.26,6784075.21,5923396.26,-0.5000000000000004,0.8660254037844384,0.0,ESTADOS UNIDOS DE AMERICA,REPOSADO,2015-11-01
12428220.12,6504823.86,477191.94,2015,11,5923396.26,4351082.77,6068753.16,-0.5000000000000004,0.8660254037844384,1.0,ESTADOS UNIDOS DE AMERICA,AÑEJO,2015-11-01
12428220.12,6504823.86,4431892.93,2015,11,6504823.86,4351082.77,6214110.060000001,-0.5000000000000004,0.8660254037844384,1.0,ESTADOS UNIDOS DE AMERICA,BLANCO,2015-11-01
12428220.12,6504823.86,25815.54,2015,11,6504823.86,4351082.77,6359466.960000001,-0.5000000000000004,0.8660254037844384,1.0,ESTADOS UNIDOS DE AMERICA,EXTRA AÑEJO,2015-11-01
12428220.12,6504823.86,65901.0,2015,11,6504823.86,6320983.11,6504823.86,-0.5000000000000004,0.8660254037844384,1.0,ESTADOS UNIDOS DE AMERICA,JOVEN,2015-11-01
12428220.12,6504823.86,1504022.45,2015,11,6504823.86,6320983.11,6504823.86,-0.5000000000000004,0.8660254037844384,1.0,ESTADOS UNIDOS DE AMERICA,REPOSADO,2015-11-01
10028476.04,5184480.84,1484342.77,2015,12,6504823.86,6320983.11,6174738.105,-2.4492935982947064e-16,1.0,0.0,ESTADOS UNIDOS DE AMERICA,BLANCO,2015-12-01
10028476.04,5184480.84,3698159.72,2015,12,5184480.84,6320983.11,5844652.3500000015,-2.4492935982947064e-16,1.0,0.0,ESTADOS UNIDOS DE AMERICA,JOVEN,2015-12-01
10028476.04,5184480.84,1978.35,2015,12,5184480.84,6320983.11,5514566.595000001,-2.4492935982947064e-16,1.0,0.0,ESTADOS UNIDOS DE AMERICA,REPOSADO,2015-12-01
10028476.04,4843995.19,363830.37,2015,12,5184480.84,5923396.26,5099359.427500001,-2.4492935982947064e-16,1.0,1.0,ESTADOS UNIDOS DE AMERICA,AÑEJO,2015-12-01
10028476.04,4843995.19,2946509.1,2015,12,4843995.19,5923396.26,5014238.015000001,-2.4492935982947064e-16,1.0,1.0,ESTADOS UNIDOS DE AMERICA,BLANCO,2015-12-01
10028476.04,4843995.19,14982.25,2015,12,4843995.19,5923396.26,4929116.602500001,-2.4492935982947064e-16,1.0,1.0,ESTADOS UNIDOS DE AMERICA,EXTRA AÑEJO,2015-12-01
10028476.04,4843995.19,31069.5,2015,12,4843995.19,5923396.26,4843995.19,-2.4492935982947064e-16,1.0,1.0,ESTADOS UNIDOS DE AMERICA,JOVEN,2015-12-01
10028476.04,4843995.19,1487603.97,2015,12,4843995.19,6504823.86,4843995.19,-2.4492935982947064e-16,1.0,1.0,ESTADOS UNIDOS DE AMERICA,REPOSADO,2015-12-01
11229939.24,6098531.44,1871271.32,2016,1,4843995.19,6504823.86,5157629.252500001,0.49999999999999994,0.8660254037844387,0.0,ESTADOS UNIDOS DE AMERICA,BLANCO,2016-01-01
11229939.24,6098531.44,4221437.11,2016,1,6098531.44,6504823.86,5471263.315000001,0.49999999999999994,0.8660254037844387,0.0,ESTADOS UNIDOS DE AMERICA,JOVEN,2016-01-01
11229939.24,6098531.44,5823.0,2016,1,6098531.44,6504823.86,5784897.377500001,0.49999999999999994,0.8660254037844387,0.0,ESTADOS UNIDOS DE AMERICA,REPOSADO,2016-01-01
11229939.24,5131407.81,437105.67,2016,1,6098531.44,6504823.86,5856750.532500002,0.49999999999999994,0.8660254037844387,1.0,ESTADOS UNIDOS DE AMERICA,AÑEJO,2016-01-01
11229939.24,5131407.81,2880184.74,2016,1,5131407.81,5184480.84,5614969.625000001,0.49999999999999994,0.8660254037844387,1.0,ESTADOS UNIDOS DE AMERICA,BLANCO,2016-01-01
11229939.24,5131407.81,21540.73,2016,1,5131407.81,5184480.84,5373188.7175,0.49999999999999994,0.8660254037844387,1.0,ESTADOS UNIDOS DE AMERICA,EXTRA AÑEJO,2016-01-01
11229939.24,5131407.81,82536.0,2016,1,5131407.81,5184480.84,5131407.81,0.49999999999999994,0.8660254037844387,1.0,ESTADOS UNIDOS DE AMERICA,JOVEN,2016-01-01
11229939.24,5131407.81,1710040.68,2016,1,5131407.81,4843995.19,5131407.81,0.49999999999999994,0.8660254037844387,1.0,ESTADOS UNIDOS DE AMERICA,REPOSADO,2016-01-01
13257343.18,7097809.74,2571056.96,2016,2,5131407.81,4843995.19,5623008.2925,0.8660254037844386,0.5000000000000001,0.0,ESTADOS UNIDOS DE AMERICA,BLANCO,2016-02-01
13257343.18,7097809.74,4513828.78,2016,2,7097809.74,4843995.19,6114608.775000001,0.8660254037844386,0.5000000000000001,0.0,ESTADOS UNIDOS DE AMERICA,JOVEN,2016-02-01
13257343.18,7097809.74,12924.0,2016,2,7097809.74,4843995.19,6606209.257500001,0.8660254037844386,0.5000000000000001,0.0,ESTADOS UNIDOS DE AMERICA,REPOSADO,2016-02-01
13257343.18,6159533.44,497233.37,2016,2,7097809.74,4843995.19,6863240.665000001,0.8660254037844386,0.5000000000000001,1.0,ESTADOS UNIDOS DE AMERICA,AÑEJO,2016-02-01
13257343.18,6159533.44,3847791.33,2016,2,6159533.44,6098531.44,6628671.590000002,0.8660254037844386,0.5000000000000001,1.0,ESTADOS UNIDOS DE AMERICA,BLANCO,2016-02-01
13257343.18,6159533.44,13133.5,2016,2,6159533.44,6098531.44,6394102.515000001,0.8660254037844386,0.5000000000000001,1.0,ESTADOS UNIDOS DE AMERICA,EXTRA AÑEJO,2016-02-01
13257343.18,6159533.44,103387.5,2016,2,6159533.44,6098531.44,6159533.44,0.8660254037844386,0.5000000000000001,1.0,ESTADOS UNIDOS DE AMERICA,JOVEN,2016-02-01
13257343.18,6159533.44,1697987.74,2016,2,6159533.44,5131407.81,6159533.44,0.8660254037844386,0.5000000000000001,1.0,ESTADOS UNIDOS DE AMERICA,REPOSADO,2016-02-01
14812219.77,7298746.19,2748158.24,2016,3,6159533.44,5131407.81,6444336.627500001,1.0,6.123233995736766e-17,0.0,ESTADOS UNIDOS DE AMERICA,BLANCO,2016-03-01
14812219.77,7298746.19,4539463.01,2016,3,7298746.19,5131407.81,6729139.815000001,1.0,6.123233995736766e-17,0.0,ESTADOS UNIDOS DE AMERICA,JOVEN,2016-03-01
14812219.77,7298746.19,11124.94,2016,3,7298746.19,5131407.81,7013943.002500001,1.0,6.123233995736766e-17,0.0,ESTADOS UNIDOS DE AMERICA,REPOSADO,2016-03-01
14812219.77,7513473.58,582846.36,2016,3,7298746.19,5131407.81,7352428.0375000015,1.0,6.123233995736766e-17,1.0,ESTADOS UNIDOS DE AMERICA,AÑEJO,2016-03-01
14812219.77,7513473.58,4756114.63,2016,3,7513473.58,7097809.74,7406109.885000001,1.0,6.123233995736766e-17,1.0,ESTADOS UNIDOS DE AMERICA,BLANCO,2016-03-01
14812219.77,7513473.58,13579.58,2016,3,7513473.58,7097809.74,7459791.732500001,1.0,6.123233995736766e-17,1.0,ESTADOS UNIDOS DE AMERICA,EXTRA AÑEJO,2016-03-01
14812219.77,7513473.58,78695.25,2016,3,7513473.58,7097809.74,7513473.58,1.0,6.123233995736766e-17,1.0,ESTADOS UNIDOS DE AMERICA,JOVEN,2016-03-01
14812219.77,7513473.58,2082237.76,2016,3,7513473.58,6159533.44,7513473.58,1.0,6.123233995736766e-17,1.0,ESTADOS UNIDOS DE AMERICA,REPOSADO,2016-03-01
14728139.93,7785710.81,2967848.11,2016,4,7513473.58,6159533.44,7581532.887500001,0.8660254037844387,-0.4999999999999998,0.0,ESTADOS UNIDOS DE AMERICA,BLANCO,2016-04-01
14728139.93,7785710.81,4797142.83,2016,4,7785710.81,6159533.44,7649592.195,0.8660254037844387,-0.4999999999999998,0.0,ESTADOS UNIDOS DE AMERICA,JOVEN,2016-04-01
14728139.93,7785710.81,20719.88,2016,4,7785710.81,6159533.44,7717651.502500001,0.8660254037844387,-0.4999999999999998,0.0,ESTADOS UNIDOS DE AMERICA,REPOSADO,2016-04-01
14728139.93,6942429.12,523683.71,2016,4,7785710.81,6159533.44,7574890.3875,0.8660254037844387,-0.4999999999999998,1.0,ESTADOS UNIDOS DE AMERICA,AÑEJO,2016-04-01
14728139.93,6942429.12,4381239.78,2016,4,6942429.12,7298746.19,7364069.965000001,0.8660254037844387,-0.4999999999999998,1.0,ESTADOS UNIDOS DE AMERICA,BLANCO,2016-04-01
14728139.93,6942429.12,27312.07,2016,4,6942429.12,7298746.19,7153249.542500001,0.8660254037844387,-0.4999999999999998,1.0,ESTADOS UNIDOS DE AMERICA,EXTRA AÑEJO,2016-04-01
14728139.93,6942429.12,113619.75,2016,4,6942429.12,7298746.19,6942429.12,0.8660254037844387,-0.4999999999999998,1.0,ESTADOS UNIDOS DE AMERICA,JOVEN,2016-04-01
14728139.93,6942429.12,1896573.81,2016,4,6942429.12,7513473.58,6942429.12,0.8660254037844387,-0.4999999999999998,1.0,ESTADOS UNIDOS DE AMERICA,REPOSADO,2016-04-01
16538710.82,8873321.71,2785256.06,2016,5,6942429.12,7513473.58,7425152.267500001,0.49999999999999994,-0.8660254037844387,0.0,ESTADOS UNIDOS DE AMERICA,BLANCO,2016-05-01
16538710.82,8873321.71,6066693.65,2016,5,8873321.71,7513473.58,7907875.415000001,0.49999999999999994,-0.8660254037844387,0.0,ESTADOS UNIDOS DE AMERICA,JOVEN,2016-05-01
16538710.82,8873321.71,21372.0,2016,5,8873321.71,7513473.58,8390598.562500002,0.49999999999999994,-0.8660254037844387,0.0,ESTADOS UNIDOS DE AMERICA,REPOSADO,2016-05-01
16538710.82,7665389.1,653139.23,2016,5,8873321.71,7513473.58,8571338.557500001,0.49999999999999994,-0.8660254037844387,1.0,ESTADOS UNIDOS DE AMERICA,AÑEJO,2016-05-01
16538710.82,7665389.1,4615546.18,2016,5,7665389.1,7785710.81,8269355.405000001,0.49999999999999994,-0.8660254037844387,1.0,ESTADOS UNIDOS DE AMERICA,BLANCO,2016-05-01
16538710.82,7665389.1,28746.04,2016,5,7665389.1,7785710.81,7967372.252500001,0.49999999999999994,-0.8660254037844387,1.0,ESTADOS UNIDOS DE AMERICA,EXTRA AÑEJO,2016-05-01
16538710.82,7665389.1,117967.5,2016,5,7665389.1,7785710.81,7665389.1,0.49999999999999994,-0.8660254037844387,1.0,ESTADOS UNIDOS DE AMERICA,JOVEN,2016-05-01
16538710.82,7665389.1,2249990.16,2016,5,7665389.1,6942429.12,7665389.1,0.49999999999999994,-0.8660254037844387,1.0,ESTADOS UNIDOS DE AMERICA,REPOSADO,2016-05-01
12464708.23,6190606.59,2150592.14,2016,6,7665389.1,6942429.12,7296693.4725,1.2246467991473532e-16,-1.0,0.0,ESTADOS UNIDOS DE AMERICA,BLANCO,2016-06-01
12464708.23,6190606.59,4031014.45,2016,6,6190606.59,6942429.12,6927997.845000001,1.2246467991473532e-16,-1.0,0.0,ESTADOS UNIDOS DE AMERICA,JOVEN,2016-06-01
12464708.23,6190606.59,9000.0,2016,6,6190606.59,6942429.12,6559302.217500001,1.2246467991473532e-16,-1.0,0.0,ESTADOS UNIDOS DE AMERICA,REPOSADO,2016-06-01
12464708.23,6274101.64,503324.94,2016,6,6190606.59,6942429.12,6211480.3525,1.2246467991473532e-16,-1.0,1.0,ESTADOS UNIDOS DE AMERICA,AÑEJO,2016-06-01
12464708.23,6274101.64,3874151.29,2016,6,6274101.64,8873321.71,6232354.115,1.2246467991473532e-16,-1.0,1.0,ESTADOS UNIDOS DE AMERICA,BLANCO,2016-06-01
12464708.23,6274101.64,18538.25,2016,6,6274101.64,8873321.71,6253227.877500001,1.2246467991473532e-16,-1.0,1.0,ESTADOS UNIDOS DE AMERICA,EXTRA AÑEJO,2016-06-01
12464708.23,6274101.64,85368.45,2016,6,6274101.64,8873321.71,6274101.64,1.2246467991473532e-16,-1.0,1.0,ESTADOS UNIDOS DE AMERICA,JOVEN,2016-06-01
12464708.23,6274101.64,1792718.71,2016,6,6274101.64,7665389.1,6274101.64,1.2246467991473532e-16,-1.0,1.0,ESTADOS UNIDOS DE AMERICA,REPOSADO,2016-06-01
11895595.09,4633575.52,1740874.15,2016,7,6274101.64,7665389.1,5863970.11,-0.4999999999999997,-0.8660254037844388,0.0,ESTADOS UNIDOS DE AMERICA,BLANCO,2016-07-01
11895595.09,4633575.52,2890725.38,2016,7,4633575.52,7665389.1,5453838.58,-0.4999999999999997,-0.8660254037844388,0.0,ESTADOS UNIDOS DE AMERICA,JOVEN,2016-07-01
11895595.09,4633575.52,1976.0,2016,7,4633575.52,7665389.1,5043707.050000001,-0.4999999999999997,-0.8660254037844388,0.0,ESTADOS UNIDOS DE AMERICA,REPOSADO,2016-07-01
11895595.09,7262019.57,497733.74,2016,7,4633575.52,7665389.1,5290686.532500001,-0.4999999999999997,-0.8660254037844388,1.0,ESTADOS UNIDOS DE AMERICA,AÑEJO,2016-07-01
11895595.09,7262019.57,4243714.84,2016,7,7262019.57,6190606.59,5947797.545000001,-0.4999999999999997,-0.8660254037844388,1.0,ESTADOS UNIDOS DE AMERICA,BLANCO,2016-07-01
11895595.09,7262019.57,32324.93,2016,7,7262019.57,6190606.59,6604908.557500001,-0.4999999999999997,-0.8660254037844388,1.0,ESTADOS UNIDOS DE AMERICA,EXTRA AÑEJO,2016-07-01
11895595.09,7262019.57,152203.2,2016,7,7262019.57,6190606.59,7262019.57,-0.4999999999999997,-0.8660254037844388,1.0,ESTADOS UNIDOS DE AMERICA,JOVEN,2016-07-01
11895595.09,7262019.57,2336042.87,2016,7,7262019.57,6274101.64,7262019.57,-0.4999999999999997,-0.8660254037844388,1.0,ESTADOS UNIDOS DE AMERICA,REPOSADO,2016-07-01
13844338.49,6090060.52,2562089.65,2016,8,7262019.57,6274101.64,6969029.807500001,-0.8660254037844385,-0.5000000000000004,0.0,ESTADOS UNIDOS DE AMERICA,BLANCO,2016-08-01
13844338.49,6090060.52,3526434.87,2016,8,6090060.52,6274101.64,6676040.045000001,-0.8660254037844385,-0.5000000000000004,0.0,ESTADOS UNIDOS DE AMERICA,JOVEN,2016-08-01
13844338.49,6090060.52,1536.0,2016,8,6090060.52,6274101.64,6383050.282500001,-0.8660254037844385,-0.5000000000000004,0.0,ESTADOS UNIDOS DE AMERICA,REPOSADO,2016-08-01
13844338.49,7754277.97,518887.03,2016,8,6090060.52,6274101.64,6506114.8825,-0.8660254037844385,-0.5000000000000004,1.0,ESTADOS UNIDOS DE AMERICA,AÑEJO,2016-08-01
13844338.49,7754277.97,4713111.54,2016,8,7754277.97,4633575.52,6922169.245,-0.8660254037844385,-0.5000000000000004,1.0,ESTADOS UNIDOS DE AMERICA,BLANCO,2016-08-01
13844338.49,7754277.97,16567.5,2016,8,7754277.97,4633575.52,7338223.6075,-0.8660254037844385,-0.5000000000000004,1.0,ESTADOS UNIDOS DE AMERICA,EXTRA AÑEJO,2016-08-01
13844338.49,7754277.97,95151.75,2016,8,7754277.97,4633575.52,7754277.97,-0.8660254037844385,-0.5000000000000004,1.0,ESTADOS UNIDOS DE AMERICA,JOVEN,2016-08-01
13844338.49,7754277.97,2410560.15,2016,8,7754277.97,7262019.57,7754277.97,-0.8660254037844385,-0.5000000000000004,1.0,ESTADOS UNIDOS DE AMERICA,REPOSADO,2016-08-01
13195505.92,6450887.31,2699301.27,2016,9,7754277.97,7262019.57,7428430.305000001,-1.0,-1.8369701987210297e-16,0.0,ESTADOS UNIDOS DE AMERICA,BLANCO,2016-09-01
13195505.92,6450887.31,3741576.04,2016,9,6450887.31,7262019.57,7102582.640000001,-1.0,-1.8369701987210297e-16,0.0,ESTADOS UNIDOS DE AMERICA,JOVEN,2016-09-01
13195505.92,6450887.31,10010.0,2016,9,6450887.31,7262019.57,6776734.975000001,-1.0,-1.8369701987210297e-16,0.0,ESTADOS UNIDOS DE AMERICA,REPOSADO,2016-09-01
13195505.92,6744618.61,505727.35,2016,9,6450887.31,7262019.57,6524320.135000001,-1.0,-1.8369701987210297e-16,1.0,ESTADOS UNIDOS DE AMERICA,AÑEJO,2016-09-01
13195505.92,6744618.61,4247328.7,2016,9,6744618.61,6090060.52,6597752.960000001,-1.0,-1.8369701987210297e-16,1.0,ESTADOS UNIDOS DE AMERICA,BLANCO,2016-09-01
13195505.92,6744618.61,18479.35,2016,9,6744618.61,6090060.52,6671185.785,-1.0,-1.8369701987210297e-16,1.0,ESTADOS UNIDOS DE AMERICA,EXTRA AÑEJO,2016-09-01
13195505.92,6744618.61,135017.75,2016,9,6744618.61,6090060.52,6744618.61,-1.0,-1.8369701987210297e-16,1.0,ESTADOS UNIDOS DE AMERICA,JOVEN,2016-09-01
13195505.92,6744618.61,1838065.45,2016,9,6744618.61,7754277.97,6744618.61,-1.0,-1.8369701987210297e-16,1.0,ESTADOS UNIDOS DE AMERICA,REPOSADO,2016-09-01
12277147.5,6481588.35,2456283.59,2016,10,6744618.61,7754277.97,6678861.045000002,-0.8660254037844386,0.5000000000000001,0.0,ESTADOS UNIDOS DE AMERICA,BLANCO,2016-10-01
12277147.5,6481588.35,2340.0,2016,10,6481588.35,7754277.97,6613103.480000001,-0.8660254037844386,0.5000000000000001,0.0,ESTADOS UNIDOS DE AMERICA,EXTRA AÑEJO,2016-10-01
12277147.5,6481588.35,4007844.76,2016,10,6481588.35,7754277.97,6547345.915000001,-0.8660254037844386,0.5000000000000001,0.0,ESTADOS UNIDOS DE AMERICA,JOVEN,2016-10-01
12277147.5,6481588.35,15120.0,2016,10,6481588.35,7754277.97,6481588.35,-0.8660254037844386,0.5000000000000001,0.0,ESTADOS UNIDOS DE AMERICA,REPOSADO,2016-10-01
12277147.5,5795559.15,497262.69,2016,10,6481588.35,6450887.31,6310081.050000001,-0.8660254037844386,0.5000000000000001,1.0,ESTADOS UNIDOS DE AMERICA,AÑEJO,2016-10-01
12277147.5,5795559.15,3611497.67,2016,10,5795559.15,6450887.31,6138573.750000001,-0.8660254037844386,0.5000000000000001,1.0,ESTADOS UNIDOS DE AMERICA,BLANCO,2016-10-01
12277147.5,5795559.15,14245.16,2016,10,5795559.15,6450887.31,5967066.450000001,-0.8660254037844386,0.5000000000000001,1.0,ESTADOS UNIDOS DE AMERICA,EXTRA AÑEJO,2016-10-01
12277147.5,5795559.15,84631.5,2016,10,5795559.15,6744618.61,5795559.15,-0.8660254037844386,0.5000000000000001,1.0,ESTADOS UNIDOS DE AMERICA,JOVEN,2016-10-01
12277147.5,5795559.15,1587922.12,2016,10,5795559.15,6744618.61,5795559.15,-0.8660254037844386,0.5000000000000001,1.0,ESTADOS UNIDOS DE AMERICA,REPOSADO,2016-10-01
14712903.74,6952396.96,2222155.04,2016,11,5795559.15,6744618.61,6084768.602500001,-0.5000000000000004,0.8660254037844384,0.0,ESTADOS UNIDOS DE AMERICA,BLANCO,2016-11-01
14712903.74,6952396.96,4707945.93,2016,11,6952396.96,6744618.61,6373978.055000002,-0.5000000000000004,0.8660254037844384,0.0,ESTADOS UNIDOS DE AMERICA,JOVEN,2016-11-01
14712903.74,6952396.96,22296.0,2016,11,6952396.96,6744618.61,6663187.507500001,-0.5000000000000004,0.8660254037844384,0.0,ESTADOS UNIDOS DE AMERICA,REPOSADO,2016-11-01
14712903.74,7760506.78,748195.82,2016,11,6952396.96,6481588.35,7154424.415000001,-0.5000000000000004,0.8660254037844384,1.0,ESTADOS UNIDOS DE AMERICA,AÑEJO,2016-11-01
14712903.74,7760506.78,4793733.09,2016,11,7760506.78,6481588.35,7356451.870000001,-0.5000000000000004,0.8660254037844384,1.0,ESTADOS UNIDOS DE AMERICA,BLANCO,2016-11-01
14712903.74,7760506.78,23999.3,2016,11,7760506.78,6481588.35,7558479.325000001,-0.5000000000000004,0.8660254037844384,1.0,ESTADOS UNIDOS DE AMERICA,EXTRA AÑEJO,2016-11-01
14712903.74,7760506.78,50036.7,2016,11,7760506.78,6481588.35,7760506.78,-0.5000000000000004,0.8660254037844384,1.0,ESTADOS UNIDOS DE AMERICA,JOVEN,2016-11-01
14712903.74,7760506.78,2144541.87,2016,11,7760506.78,5795559.15,7760506.78,-0.5000000000000004,0.8660254037844384,1.0,ESTADOS UNIDOS DE AMERICA,REPOSADO,2016-11-01
11985535.47,5988618.2,2372555.12,2016,12,7760506.78,5795559.15,7317534.635000002,-2.4492935982947064e-16,1.0,0.0,ESTADOS UNIDOS DE AMERICA,BLANCO,2016-12-01
11985535.47,5988618.2,3601213.08,2016,12,5988618.2,5795559.15,6874562.490000001,-2.4492935982947064e-16,1.0,0.0,ESTADOS UNIDOS DE AMERICA,JOVEN,2016-12-01
11985535.47,5988618.2,14850.0,2016,12,5988618.2,5795559.15,6431590.345000001,-2.4492935982947064e-16,1.0,0.0,ESTADOS UNIDOS DE AMERICA,REPOSADO,2016-12-01
11985535.47,5996917.27,529962.05,2016,12,5988618.2,5795559.15,5990692.9675,-2.4492935982947064e-16,1.0,1.0,ESTADOS UNIDOS DE AMERICA,AÑEJO,2016-12-01
11985535.47,5996917.27,3775960.61,2016,12,5996917.27,6952396.96,5992767.735,-2.4492935982947064e-16,1.0,1.0,ESTADOS UNIDOS DE AMERICA,BLANCO,2016-12-01
11985535.47,5996917.27,23133.94,2016,12,5996917.27,6952396.96,5994842.5025,-2.4492935982947064e-16,1.0,1.0,ESTADOS UNIDOS DE AMERICA,EXTRA AÑEJO,2016-12-01
11985535.47,5996917.27,84831.0,2016,12,5996917.27,6952396.96,5996917.27,-2.4492935982947064e-16,1.0,1.0,ESTADOS UNIDOS DE AMERICA,JOVEN,2016-12-01
11985535.47,5996917.27,1583029.67,2016,12,5996917.27,7760506.78,5996917.27,-2.4492935982947064e-16,1.0,1.0,ESTADOS UNIDOS DE AMERICA,REPOSADO,2016-12-01
12111647.02,5818652.91,2000093.71,2017,1,5996917.27,7760506.78,5952351.180000001,0.49999999999999994,0.8660254037844387,0.0,ESTADOS UNIDOS DE AMERICA,BLANCO,2017-01-01
12111647.02,5818652.91,3816955.19,2017,1,5818652.91,7760506.78,5907785.090000001,0.49999999999999994,0.8660254037844387,0.0,ESTADOS UNIDOS DE AMERICA,JOVEN,2017-01-01
12111647.02,5818652.91,1604.0,2017,1,5818652.91,7760506.78,5863219.000000001,0.49999999999999994,0.8660254037844387,0.0,ESTADOS UNIDOS DE AMERICA,REPOSADO,2017-01-01
12111647.02,6292994.11,430703.5,2017,1,5818652.91,7760506.78,5937238.210000001,0.49999999999999994,0.8660254037844387,1.0,ESTADOS UNIDOS DE AMERICA,AÑEJO,2017-01-01
12111647.02,6292994.11,3803858.19,2017,1,6292994.11,5988618.2,6055823.510000002,0.49999999999999994,0.8660254037844387,1.0,ESTADOS UNIDOS DE AMERICA,BLANCO,2017-01-01
12111647.02,6292994.11,21463.5,2017,1,6292994.11,5988618.2,6174408.810000001,0.49999999999999994,0.8660254037844387,1.0,ESTADOS UNIDOS DE AMERICA,EXTRA AÑEJO,2017-01-01
12111647.02,6292994.11,91972.5,2017,1,6292994.11,5988618.2,6292994.11,0.49999999999999994,0.8660254037844387,1.0,ESTADOS UNIDOS DE AMERICA,JOVEN,2017-01-01
12111647.02,6292994.11,1944996.43,2017,1,6292994.11,5996917.27,6292994.11,0.49999999999999994,0.8660254037844387,1.0,ESTADOS UNIDOS DE AMERICA,REPOSADO,2017-01-01
13581724.98,6716424.98,2342509.49,2017,2,6292994.11,5996917.27,6398851.827500001,0.8660254037844386,0.5000000000000001,0.0,ESTADOS UNIDOS DE AMERICA,BLANCO,2017-02-01
13581724.98,6716424.98,4352339.49,2017,2,6716424.98,5996917.27,6504709.545000002,0.8660254037844386,0.5000000000000001,0.0,ESTADOS UNIDOS DE AMERICA,JOVEN,2017-02-01
13581724.98,6716424.98,21576.0,2017,2,6716424.98,5996917.27,6610567.262500001,0.8660254037844386,0.5000000000000001,0.0,ESTADOS UNIDOS DE AMERICA,REPOSADO,2017-02-01
13581724.98,6865299.99,505778.28,2017,2,6716424.98,5996917.27,6753643.732500002,0.8660254037844386,0.5000000000000001,1.0,ESTADOS UNIDOS DE AMERICA,AÑEJO,2017-02-01
13581724.98,6865299.99,4356843.88,2017,2,6865299.99,5818652.91,6790862.485000001,0.8660254037844386,0.5000000000000001,1.0,ESTADOS UNIDOS DE AMERICA,BLANCO,2017-02-01
13581724.98,6865299.99,17458.5,2017,2,6865299.99,5818652.91,6828081.237500002,0.8660254037844386,0.5000000000000001,1.0,ESTADOS UNIDOS DE AMERICA,EXTRA AÑEJO,2017-02-01
13581724.98,6865299.99,61257.9,2017,2,6865299.99,5818652.91,6865299.99,0.8660254037844386,0.5000000000000001,1.0,ESTADOS UNIDOS DE AMERICA,JOVEN,2017-02-01
13581724.98,6865299.99,1923961.44,2017,2,6865299.99,6292994.11,6865299.99,0.8660254037844386,0.5000000000000001,1.0,ESTADOS UNIDOS DE AMERICA,REPOSADO,2017-02-01
14960639.49,6946306.17,2.0,2017,3,6865299.99,6292994.11,6885551.535000002,1.0,6.123233995736766e-17,0.0,ESTADOS UNIDOS DE AMERICA,AÑEJO,2017-03-01
14960639.49,6946306.17,2751385.56,2017,3,6946306.17,6292994.11,6905803.080000001,1.0,6.123233995736766e-17,0.0,ESTADOS UNIDOS DE AMERICA,BLANCO,2017-03-01
14960639.49,6946306.17,4194378.62,2017,3,6946306.17,6292994.11,6926054.625000002,1.0,6.123233995736766e-17,0.0,ESTADOS UNIDOS DE AMERICA,JOVEN,2017-03-01
14960639.49,6946306.17,540.0,2017,3,6946306.17,6292994.11,6946306.17,1.0,6.123233995736766e-17,0.0,ESTADOS UNIDOS DE AMERICA,REPOSADO,2017-03-01
14960639.49,8014333.32,546193.57,2017,3,6946306.17,6716424.98,7213312.957500001,1.0,6.123233995736766e-17,1.0,ESTADOS UNIDOS DE AMERICA,AÑEJO,2017-03-01
14960639.49,8014333.32,4921674.18,2017,3,8014333.32,6716424.98,7480319.745000001,1.0,6.123233995736766e-17,1.0,ESTADOS UNIDOS DE AMERICA,BLANCO,2017-03-01
14960639.49,8014333.32,21797.96,2017,3,8014333.32,6716424.98,7747326.532500001,1.0,6.123233995736766e-17,1.0,ESTADOS UNIDOS DE AMERICA,EXTRA AÑEJO,2017-03-01
14960639.49,8014333.32,107079.0,2017,3,8014333.32,6865299.99,8014333.32,1.0,6.123233995736766e-17,1.0,ESTADOS UNIDOS DE AMERICA,JOVEN,2017-03-01
14960639.49,8014333.32,2417588.61,2017,3,8014333.32,6865299.99,8014333.32,1.0,6.123233995736766e-17,1.0,ESTADOS UNIDOS DE AMERICA,REPOSADO,2017-03-01
14669920.54,7243335.23,2786116.71,2017,4,8014333.32,6865299.99,7821583.797500001,0.8660254037844387,-0.4999999999999998,0.0,ESTADOS UNIDOS DE AMERICA,BLANCO,2017-04-01
14669920.54,7243335.23,270.0,2017,4,7243335.23,6865299.99,7628834.275000001,0.8660254037844387,-0.4999999999999998,0.0,ESTADOS UNIDOS DE AMERICA,EXTRA AÑEJO,2017-04-01
14669920.54,7243335.23,4453098.31,2017,4,7243335.23,6865299.99,7436084.752500001,0.8660254037844387,-0.4999999999999998,0.0,ESTADOS UNIDOS DE AMERICA,JOVEN,2017-04-01
14669920.54,7243335.23,3850.2,2017,4,7243335.23,6946306.17,7243335.23,0.8660254037844387,-0.4999999999999998,0.0,ESTADOS UNIDOS DE AMERICA,REPOSADO,2017-04-01
14669920.54,7426585.32,654328.5,2017,4,7243335.23,6946306.17,7289147.752500001,0.8660254037844387,-0.4999999999999998,1.0,ESTADOS UNIDOS DE AMERICA,AÑEJO,2017-04-01
14669920.54,7426585.32,4655190.32,2017,4,7426585.32,6946306.17,7334960.275000001,0.8660254037844387,-0.4999999999999998,1.0,ESTADOS UNIDOS DE AMERICA,BLANCO,2017-04-01
14669920.54,7426585.32,24509.7,2017,4,7426585.32,6946306.17,7380772.797500001,0.8660254037844387,-0.4999999999999998,1.0,ESTADOS UNIDOS DE AMERICA,EXTRA AÑEJO,2017-04-01
14669920.54,7426585.32,102836.44,2017,4,7426585.32,8014333.32,7426585.32,0.8660254037844387,-0.4999999999999998,1.0,ESTADOS UNIDOS DE AMERICA,JOVEN,2017-04-01
14669920.54,7426585.32,1989720.36,2017,4,7426585.32,8014333.32,7426585.32,0.8660254037844387,-0.4999999999999998,1.0,ESTADOS UNIDOS DE AMERICA,REPOSADO,2017-04-01
14729244.21,6701202.49,2823567.82,2017,5,7426585.32,8014333.32,7245239.612500001,0.49999999999999994,-0.8660254037844387,0.0,ESTADOS UNIDOS DE AMERICA,BLANCO,2017-05-01
14729244.21,6701202.49,3846917.67,2017,5,6701202.49,8014333.32,7063893.905000001,0.49999999999999994,-0.8660254037844387,0.0,ESTADOS UNIDOS DE AMERICA,JOVEN,2017-05-01
14729244.21,6701202.49,30717.0,2017,5,6701202.49,8014333.32,6882548.197500002,0.49999999999999994,-0.8660254037844387,0.0,ESTADOS UNIDOS DE AMERICA,REPOSADO,2017-05-01
14729244.21,8028041.72,844524.62,2017,5,6701202.49,7243335.23,7032912.297500001,0.49999999999999994,-0.8660254037844387,1.0,ESTADOS UNIDOS DE AMERICA,AÑEJO,2017-05-01
14729244.21,8028041.72,4905715.92,2017,5,8028041.72,7243335.23,7364622.105,0.49999999999999994,-0.8660254037844387,1.0,ESTADOS UNIDOS DE AMERICA,BLANCO,2017-05-01
14729244.21,8028041.72,15618.08,2017,5,8028041.72,7243335.23,7696331.912500001,0.49999999999999994,-0.8660254037844387,1.0,ESTADOS UNIDOS DE AMERICA,EXTRA AÑEJO,2017-05-01
14729244.21,8028041.72,79936.24,2017,5,8028041.72,7243335.23,8028041.72,0.49999999999999994,-0.8660254037844387,1.0,ESTADOS UNIDOS DE AMERICA,JOVEN,2017-05-01
14729244.21,8028041.72,2182246.87,2017,5,8028041.72,7426585.32,8028041.72,0.49999999999999994,-0.8660254037844387,1.0,ESTADOS UNIDOS DE AMERICA,REPOSADO,2017-05-01
14753063.88,6714957.26,2335243.53,2017,6,8028041.72,7426585.32,7699770.605,1.2246467991473532e-16,-1.0,0.0,ESTADOS UNIDOS DE AMERICA,BLANCO,2017-06-01
14753063.88,6714957.26,4362155.73,2017,6,6714957.26,7426585.32,7371499.490000001,1.2246467991473532e-16,-1.0,0.0,ESTADOS UNIDOS DE AMERICA,JOVEN,2017-06-01
14753063.88,6714957.26,17558.0,2017,6,6714957.26,7426585.32,7043228.375,1.2246467991473532e-16,-1.0,0.0,ESTADOS UNIDOS DE AMERICA,REPOSADO,2017-06-01
14753063.88,8038106.62,465193.24,2017,6,6714957.26,7426585.32,7045744.600000001,1.2246467991473532e-16,-1.0,1.0,ESTADOS UNIDOS DE AMERICA,AÑEJO,2017-06-01
14753063.88,8038106.62,5016300.99,2017,6,8038106.62,6701202.49,7376531.940000001,1.2246467991473532e-16,-1.0,1.0,ESTADOS UNIDOS DE AMERICA,BLANCO,2017-06-01
14753063.88,8038106.62,21089.25,2017,6,8038106.62,6701202.49,7707319.280000001,1.2246467991473532e-16,-1.0,1.0,ESTADOS UNIDOS DE AMERICA,EXTRA AÑEJO,2017-06-01
14753063.88,8038106.62,170256.3,2017,6,8038106.62,6701202.49,8038106.62,1.2246467991473532e-16,-1.0,1.0,ESTADOS UNIDOS DE AMERICA,JOVEN,2017-06-01
14753063.88,8038106.62,2365266.84,2017,6,8038106.62,8028041.72,8038106.62,1.2246467991473532e-16,-1.0,1.0,ESTADOS UNIDOS DE AMERICA,REPOSADO,2017-06-01
14153633.65,6459355.75,2719601.3,2017,7,8038106.62,8028041.72,7643418.902500001,-0.4999999999999997,-0.8660254037844388,0.0,ESTADOS UNIDOS DE AMERICA,BLANCO,2017-07-01
14153633.65,6459355.75,3738038.46,2017,7,6459355.75,8028041.72,7248731.1850000005,-0.4999999999999997,-0.8660254037844388,0.0,ESTADOS UNIDOS DE AMERICA,JOVEN,2017-07-01
14153633.65,6459355.75,1716.0,2017,7,6459355.75,8028041.72,6854043.467500001,-0.4999999999999997,-0.8660254037844388,0.0,ESTADOS UNIDOS DE AMERICA,REPOSADO,2017-07-01
14153633.65,7694277.9,512865.04,2017,7,6459355.75,8028041.72,6768086.2875000015,-0.4999999999999997,-0.8660254037844388,1.0,ESTADOS UNIDOS DE AMERICA,AÑEJO,2017-07-01
14153633.65,7694277.9,4973693.09,2017,7,7694277.9,6714957.26,7076816.825000001,-0.4999999999999997,-0.8660254037844388,1.0,ESTADOS UNIDOS DE AMERICA,BLANCO,2017-07-01
14153633.65,7694277.9,27841.95,2017,7,7694277.9,6714957.26,7385547.362500001,-0.4999999999999997,-0.8660254037844388,1.0,ESTADOS UNIDOS DE AMERICA,EXTRA AÑEJO,2017-07-01
14153633.65,7694277.9,96509.12,2017,7,7694277.9,6714957.26,7694277.9,-0.4999999999999997,-0.8660254037844388,1.0,ESTADOS UNIDOS DE AMERICA,JOVEN,2017-07-01
14153633.65,7694277.9,2083368.7,2017,7,7694277.9,8038106.62,7694277.9,-0.4999999999999997,-0.8660254037844388,1.0,ESTADOS UNIDOS DE AMERICA,REPOSADO,2017-07-01
14509935.29,6846497.05,229.39,2017,8,7694277.9,8038106.62,7482332.687500001,-0.8660254037844385,-0.5000000000000004,0.0,ESTADOS UNIDOS DE AMERICA,AÑEJO,2017-08-01
14509935.29,6846497.05,2640344.15,2017,8,6846497.05,8038106.62,7270387.475000001,-0.8660254037844385,-0.5000000000000004,0.0,ESTADOS UNIDOS DE AMERICA,BLANCO,2017-08-01
14509935.29,6846497.05,231.53,2017,8,6846497.05,8038106.62,7058442.262500001,-0.8660254037844385,-0.5000000000000004,0.0,ESTADOS UNIDOS DE AMERICA,EXTRA AÑEJO,2017-08-01
14509935.29,6846497.05,4200526.44,2017,8,6846497.05,8038106.62,6846497.05,-0.8660254037844385,-0.5000000000000004,0.0,ESTADOS UNIDOS DE AMERICA,JOVEN,2017-08-01
14509935.29,6846497.05,5165.54,2017,8,6846497.05,6459355.75,6846497.05,-0.8660254037844385,-0.5000000000000004,0.0,ESTADOS UNIDOS DE AMERICA,REPOSADO,2017-08-01
14509935.29,7663438.24,583881.88,2017,8,6846497.05,6459355.75,7050732.347500001,-0.8660254037844385,-0.5000000000000004,1.0,ESTADOS UNIDOS DE AMERICA,AÑEJO,2017-08-01
14509935.29,7663438.24,4814525.66,2017,8,7663438.24,6459355.75,7254967.6450000005,-0.8660254037844385,-0.5000000000000004,1.0,ESTADOS UNIDOS DE AMERICA,BLANCO,2017-08-01
14509935.29,7663438.24,32856.81,2017,8,7663438.24,7694277.9,7459202.942500001,-0.8660254037844385,-0.5000000000000004,1.0,ESTADOS UNIDOS DE AMERICA,EXTRA AÑEJO,2017-08-01
14509935.29,7663438.24,228051.9,2017,8,7663438.24,7694277.9,7663438.24,-0.8660254037844385,-0.5000000000000004,1.0,ESTADOS UNIDOS DE AMERICA,JOVEN,2017-08-01
14509935.29,7663438.24,2004121.98,2017,8,7663438.24,7694277.9,7663438.24,-0.8660254037844385,-0.5000000000000004,1.0,ESTADOS UNIDOS DE AMERICA,REPOSADO,2017-08-01
14575540.26,5957126.71,2168279.26,2017,9,7663438.24,7694277.9,7236860.357500002,-1.0,-1.8369701987210297e-16,0.0,ESTADOS UNIDOS DE AMERICA,BLANCO,2017-09-01
14575540.26,5957126.71,3775429.14,2017,9,5957126.71,7694277.9,6810282.475000001,-1.0,-1.8369701987210297e-16,0.0,ESTADOS UNIDOS DE AMERICA,JOVEN,2017-09-01
14575540.26,5957126.71,13418.31,2017,9,5957126.71,6846497.05,6383704.592500001,-1.0,-1.8369701987210297e-16,0.0,ESTADOS UNIDOS DE AMERICA,REPOSADO,2017-09-01
14575540.26,8618413.55,629689.9,2017,9,5957126.71,6846497.05,6622448.420000001,-1.0,-1.8369701987210297e-16,1.0,ESTADOS UNIDOS DE AMERICA,AÑEJO,2017-09-01
14575540.26,8618413.55,5488466.32,2017,9,8618413.55,6846497.05,7287770.130000002,-1.0,-1.8369701987210297e-16,1.0,ESTADOS UNIDOS DE AMERICA,BLANCO,2017-09-01
14575540.26,8618413.55,51235.35,2017,9,8618413.55,6846497.05,7953091.840000002,-1.0,-1.8369701987210297e-16,1.0,ESTADOS UNIDOS DE AMERICA,EXTRA AÑEJO,2017-09-01
14575540.26,8618413.55,40868.4,2017,9,8618413.55,6846497.05,8618413.55,-1.0,-1.8369701987210297e-16,1.0,ESTADOS UNIDOS DE AMERICA,JOVEN,2017-09-01
14575540.26,8618413.55,2408153.58,2017,9,8618413.55,7663438.24,8618413.55,-1.0,-1.8369701987210297e-16,1.0,ESTADOS UNIDOS DE AMERICA,REPOSADO,2017-09-01
16051489.86,7018761.9,2698427.06,2017,10,8618413.55,7663438.24,8218500.637500001,-0.8660254037844386,0.5000000000000001,0.0,ESTADOS UNIDOS DE AMERICA,BLANCO,2017-10-01
16051489.86,7018761.9,4313164.66,2017,10,7018761.9,7663438.24,7818587.7250000015,-0.8660254037844386,0.5000000000000001,0.0,ESTADOS UNIDOS DE AMERICA,JOVEN,2017-10-01
16051489.86,7018761.9,7170.18,2017,10,7018761.9,7663438.24,7418674.812500002,-0.8660254037844386,0.5000000000000001,0.0,ESTADOS UNIDOS DE AMERICA,REPOSADO,2017-10-01
16051489.86,9032727.96,669262.79,2017,10,7018761.9,7663438.24,7522253.415000001,-0.8660254037844386,0.5000000000000001,1.0,ESTADOS UNIDOS DE AMERICA,AÑEJO,2017-10-01
16051489.86,9032727.96,5735438.1,2017,10,9032727.96,5957126.71,8025744.930000002,-0.8660254037844386,0.5000000000000001,1.0,ESTADOS UNIDOS DE AMERICA,BLANCO,2017-10-01
16051489.86,9032727.96,24720.59,2017,10,9032727.96,5957126.71,8529236.445000002,-0.8660254037844386,0.5000000000000001,1.0,ESTADOS UNIDOS DE AMERICA,EXTRA AÑEJO,2017-10-01
16051489.86,9032727.96,65462.7,2017,10,9032727.96,5957126.71,9032727.96,-0.8660254037844386,0.5000000000000001,1.0,ESTADOS UNIDOS DE AMERICA,JOVEN,2017-10-01
16051489.86,9032727.96,2537843.77,2017,10,9032727.96,8618413.55,9032727.96,-0.8660254037844386,0.5000000000000001,1.0,ESTADOS UNIDOS DE AMERICA,REPOSADO,2017-10-01
16480605.17,8382279.79,3580923.47,2017,11,9032727.96,8618413.55,8870115.917500002,-0.5000000000000004,0.8660254037844384,0.0,ESTADOS UNIDOS DE AMERICA,BLANCO,2017-11-01
16480605.17,8382279.79,4779138.31,2017,11,8382279.79,8618413.55,8707503.875000002,-0.5000000000000004,0.8660254037844384,0.0,ESTADOS UNIDOS DE AMERICA,JOVEN,2017-11-01
16480605.17,8382279.79,22218.0,2017,11,8382279.79,8618413.55,8544891.832500001,-0.5000000000000004,0.8660254037844384,0.0,ESTADOS UNIDOS DE AMERICA,REPOSADO,2017-11-01
16480605.17,8098325.39,696343.0,2017,11,8382279.79,8618413.55,8311291.190000001,-0.5000000000000004,0.8660254037844384,1.0,ESTADOS UNIDOS DE AMERICA,AÑEJO,2017-11-01
16480605.17,8098325.39,5013736.86,2017,11,8098325.39,7018761.9,8240302.590000001,-0.5000000000000004,0.8660254037844384,1.0,ESTADOS UNIDOS DE AMERICA,BLANCO,2017-11-01
16480605.17,8098325.39,48150.97,2017,11,8098325.39,7018761.9,8169313.99,-0.5000000000000004,0.8660254037844384,1.0,ESTADOS UNIDOS DE AMERICA,EXTRA AÑEJO,2017-11-01
16480605.17,8098325.39,166471.5,2017,11,8098325.39,7018761.9,8098325.39,-0.5000000000000004,0.8660254037844384,1.0,ESTADOS UNIDOS DE AMERICA,JOVEN,2017-11-01
16480605.17,8098325.39,2173623.06,2017,11,8098325.39,9032727.96,8098325.39,-0.5000000000000004,0.8660254037844384,1.0,ESTADOS UNIDOS DE AMERICA,REPOSADO,2017-11-01
11118718.41,5646207.04,231.11,2017,12,8098325.39,9032727.96,7485295.8025,-2.4492935982947064e-16,1.0,0.0,ESTADOS UNIDOS DE AMERICA,AÑEJO,2017-12-01
11118718.41,5646207.04,2083423.94,2017,12,5646207.04,9032727.96,6872266.215,-2.4492935982947064e-16,1.0,0.0,ESTADOS UNIDOS DE AMERICA,BLANCO,2017-12-01
11118718.41,5646207.04,229.99,2017,12,5646207.04,9032727.96,6259236.627500001,-2.4492935982947064e-16,1.0,0.0,ESTADOS UNIDOS DE AMERICA,EXTRA AÑEJO,2017-12-01
11118718.41,5646207.04,3560680.81,2017,12,5646207.04,9032727.96,5646207.04,-2.4492935982947064e-16,1.0,0.0,ESTADOS UNIDOS DE AMERICA,JOVEN,2017-12-01
11118718.41,5646207.04,1641.19,2017,12,5646207.04,8382279.79,5646207.04,-2.4492935982947064e-16,1.0,0.0,ESTADOS UNIDOS DE AMERICA,REPOSADO,2017-12-01
11118718.41,5472511.36,564449.13,2017,12,5646207.04,8382279.79,5602783.120000001,-2.4492935982947064e-16,1.0,1.0,ESTADOS UNIDOS DE AMERICA,AÑEJO,2017-12-01
11118718.41,5472511.36,3465110.1,2017,12,5472511.36,8382279.79,5559359.200000001,-2.4492935982947064e-16,1.0,1.0,ESTADOS UNIDOS DE AMERICA,BLANCO,2017-12-01
11118718.41,5472511.36,31885.75,2017,12,5472511.36,8098325.39,5515935.280000001,-2.4492935982947064e-16,1.0,1.0,ESTADOS UNIDOS DE AMERICA,EXTRA AÑEJO,2017-12-01
11118718.41,5472511.36,15593.14,2017,12,5472511.36,8098325.39,5472511.36,-2.4492935982947064e-16,1.0,1.0,ESTADOS UNIDOS DE AMERICA,JOVEN,2017-12-01
11118718.41,5472511.36,1395473.25,2017,12,5472511.36,8098325.39,5472511.36,-2.4492935982947064e-16,1.0,1.0,ESTADOS UNIDOS DE AMERICA,REPOSADO,2017-12-01
13982087.11,6655140.25,2698096.69,2018,1,5472511.36,8098325.39,5768168.582500001,0.49999999999999994,0.8660254037844387,0.0,ESTADOS UNIDOS DE AMERICA,BLANCO,2018-01-01
13982087.11,6655140.25,3952699.56,2018,1,6655140.25,8098325.39,6063825.805000002,0.49999999999999994,0.8660254037844387,0.0,ESTADOS UNIDOS DE AMERICA,JOVEN,2018-01-01
13982087.11,6655140.25,4344.0,2018,1,6655140.25,5646207.04,6359483.027500001,0.49999999999999994,0.8660254037844387,0.0,ESTADOS UNIDOS DE AMERICA,REPOSADO,2018-01-01
13982087.11,7326946.86,554797.59,2018,1,6655140.25,5646207.04,6823091.902500001,0.49999999999999994,0.8660254037844387,1.0,ESTADOS UNIDOS DE AMERICA,AÑEJO,2018-01-01
13982087.11,7326946.86,4586307.15,2018,1,7326946.86,5646207.04,6991043.555000002,0.49999999999999994,0.8660254037844387,1.0,ESTADOS UNIDOS DE AMERICA,BLANCO,2018-01-01
13982087.11,7326946.86,22179.96,2018,1,7326946.86,5646207.04,7158995.207500001,0.49999999999999994,0.8660254037844387,1.0,ESTADOS UNIDOS DE AMERICA,EXTRA AÑEJO,2018-01-01
13982087.11,7326946.86,118927.8,2018,1,7326946.86,5646207.04,7326946.86,0.49999999999999994,0.8660254037844387,1.0,ESTADOS UNIDOS DE AMERICA,JOVEN,2018-01-01
13982087.11,7326946.86,2044734.35,2018,1,7326946.86,5472511.36,7326946.86,0.49999999999999994,0.8660254037844387,1.0,ESTADOS UNIDOS DE AMERICA,REPOSADO,2018-01-01
14793985.79,6811364.82,4075.05,2018,2,7326946.86,5472511.36,7198051.3500000015,0.8660254037844386,0.5000000000000001,0.0,ESTADOS UNIDOS DE AMERICA,AÑEJO,2018-02-01
14793985.79,6811364.82,2426393.41,2018,2,6811364.82,5472511.36,7069155.840000001,0.8660254037844386,0.5000000000000001,0.0,ESTADOS UNIDOS DE AMERICA,BLANCO,2018-02-01
14793985.79,6811364.82,4372904.36,2018,2,6811364.82,5472511.36,6940260.330000001,0.8660254037844386,0.5000000000000001,0.0,ESTADOS UNIDOS DE AMERICA,JOVEN,2018-02-01
14793985.79,6811364.82,7992.0,2018,2,6811364.82,5472511.36,6811364.82,0.8660254037844386,0.5000000000000001,0.0,ESTADOS UNIDOS DE AMERICA,REPOSADO,2018-02-01
14793985.79,7982620.97,750723.61,2018,2,6811364.82,6655140.25,7104178.857500002,0.8660254037844386,0.5000000000000001,1.0,ESTADOS UNIDOS DE AMERICA,AÑEJO,2018-02-01
14793985.79,7982620.97,4668947.24,2018,2,7982620.97,6655140.25,7396992.895000001,0.8660254037844386,0.5000000000000001,1.0,ESTADOS UNIDOS DE AMERICA,BLANCO,2018-02-01
14793985.79,7982620.97,30011.59,2018,2,7982620.97,6655140.25,7689806.932500001,0.8660254037844386,0.5000000000000001,1.0,ESTADOS UNIDOS DE AMERICA,EXTRA AÑEJO,2018-02-01
14793985.79,7982620.97,73297.24,2018,2,7982620.97,7326946.86,7982620.97,0.8660254037844386,0.5000000000000001,1.0,ESTADOS UNIDOS DE AMERICA,JOVEN,2018-02-01
14793985.79,7982620.97,2459641.29,2018,2,7982620.97,7326946.86,7982620.97,0.8660254037844386,0.5000000000000001,1.0,ESTADOS UNIDOS DE AMERICA,REPOSADO,2018-02-01
16674241.22,7563643.93,2610.0,2018,3,7982620.97,7326946.86,7877876.710000001,1.0,6.123233995736766e-17,0.0,ESTADOS UNIDOS DE AMERICA,AÑEJO,2018-03-01
16674241.22,7563643.93,3286576.25,2018,3,7563643.93,7326946.86,7773132.450000001,1.0,6.123233995736766e-17,0.0,ESTADOS UNIDOS DE AMERICA,BLANCO,2018-03-01
16674241.22,7563643.93,4264389.68,2018,3,7563643.93,7326946.86,7668388.190000001,1.0,6.123233995736766e-17,0.0,ESTADOS UNIDOS DE AMERICA,JOVEN,2018-03-01
16674241.22,7563643.93,10068.0,2018,3,7563643.93,6811364.82,7563643.93,1.0,6.123233995736766e-17,0.0,ESTADOS UNIDOS DE AMERICA,REPOSADO,2018-03-01
16674241.22,9110597.29,790018.12,2018,3,7563643.93,6811364.82,7950382.270000001,1.0,6.123233995736766e-17,1.0,ESTADOS UNIDOS DE AMERICA,AÑEJO,2018-03-01
16674241.22,9110597.29,5939969.09,2018,3,9110597.29,6811364.82,8337120.610000001,1.0,6.123233995736766e-17,1.0,ESTADOS UNIDOS DE AMERICA,BLANCO,2018-03-01
16674241.22,9110597.29,35839.69,2018,3,9110597.29,6811364.82,8723858.950000001,1.0,6.123233995736766e-17,1.0,ESTADOS UNIDOS DE AMERICA,EXTRA AÑEJO,2018-03-01
16674241.22,9110597.29,117066.79,2018,3,9110597.29,7982620.97,9110597.29,1.0,6.123233995736766e-17,1.0,ESTADOS UNIDOS DE AMERICA,JOVEN,2018-03-01
16674241.22,9110597.29,2227703.61,2018,3,9110597.29,7982620.97,9110597.29,1.0,6.123233995736766e-17,1.0,ESTADOS UNIDOS DE AMERICA,REPOSADO,2018-03-01
17447153.68,8034951.79,230.4,2018,4,9110597.29,7982620.97,8841685.915000001,0.8660254037844387,-0.4999999999999998,0.0,ESTADOS UNIDOS DE AMERICA,AÑEJO,2018-04-01
17447153.68,8034951.79,3228533.45,2018,4,8034951.79,7982620.97,8572774.540000001,0.8660254037844387,-0.4999999999999998,0.0,ESTADOS UNIDOS DE AMERICA,BLANCO,2018-04-01
17447153.68,8034951.79,4791384.08,2018,4,8034951.79,7982620.97,8303863.165000001,0.8660254037844387,-0.4999999999999998,0.0,ESTADOS UNIDOS DE AMERICA,JOVEN,2018-04-01
17447153.68,8034951.79,14803.87,2018,4,8034951.79,7563643.93,8034951.79,0.8660254037844387,-0.4999999999999998,0.0,ESTADOS UNIDOS DE AMERICA,REPOSADO,2018-04-01
17447153.68,9412201.9,674696.75,2018,4,8034951.79,7563643.93,8379264.317500001,0.8660254037844387,-0.4999999999999998,1.0,ESTADOS UNIDOS DE AMERICA,AÑEJO,2018-04-01
17447153.68,9412201.9,5842203.19,2018,4,9412201.9,7563643.93,8723576.845,0.8660254037844387,-0.4999999999999998,1.0,ESTADOS UNIDOS DE AMERICA,BLANCO,2018-04-01
17447153.68,9412201.9,39287.28,2018,4,9412201.9,7563643.93,9067889.372500002,0.8660254037844387,-0.4999999999999998,1.0,ESTADOS UNIDOS DE AMERICA,EXTRA AÑEJO,2018-04-01
17447153.68,9412201.9,124605.41,2018,4,9412201.9,9110597.29,9412201.9,0.8660254037844387,-0.4999999999999998,1.0,ESTADOS UNIDOS DE AMERICA,JOVEN,2018-04-01
17447153.68,9412201.9,2731409.27,2018,4,9412201.9,9110597.29,9412201.9,0.8660254037844387,-0.4999999999999998,1.0,ESTADOS UNIDOS DE AMERICA,REPOSADO,2018-04-01
17070053.73,7585801.92,2669013.09,2018,5,9412201.9,9110597.29,8955601.905000001,0.49999999999999994,-0.8660254037844387,0.0,ESTADOS UNIDOS DE AMERICA,BLANCO,2018-05-01
17070053.73,7585801.92,4916326.83,2018,5,7585801.92,9110597.29,8499001.91,0.49999999999999994,-0.8660254037844387,0.0,ESTADOS UNIDOS DE AMERICA,JOVEN,2018-05-01
17070053.73,7585801.92,462.0,2018,5,7585801.92,9110597.29,8042401.915000001,0.49999999999999994,-0.8660254037844387,0.0,ESTADOS UNIDOS DE AMERICA,REPOSADO,2018-05-01
17070053.73,9484251.81,853008.75,2018,5,7585801.92,8034951.79,8060414.392500001,0.49999999999999994,-0.8660254037844387,1.0,ESTADOS UNIDOS DE AMERICA,AÑEJO,2018-05-01
17070053.73,9484251.81,5861455.13,2018,5,9484251.81,8034951.79,8535026.865000002,0.49999999999999994,-0.8660254037844387,1.0,ESTADOS UNIDOS DE AMERICA,BLANCO,2018-05-01
17070053.73,9484251.81,28316.63,2018,5,9484251.81,8034951.79,9009639.337500002,0.49999999999999994,-0.8660254037844387,1.0,ESTADOS UNIDOS DE AMERICA,EXTRA AÑEJO,2018-05-01
17070053.73,9484251.81,82106.4,2018,5,9484251.81,8034951.79,9484251.81,0.49999999999999994,-0.8660254037844387,1.0,ESTADOS UNIDOS DE AMERICA,JOVEN,2018-05-01
17070053.73,9484251.81,2659364.91,2018,5,9484251.81,9412201.9,9484251.81,0.49999999999999994,-0.8660254037844387,1.0,ESTADOS UNIDOS DE AMERICA,REPOSADO,2018-05-01
15682552.27,6442039.87,2968272.9,2018,6,9484251.81,9412201.9,8723698.825000001,1.2246467991473532e-16,-1.0,0.0,ESTADOS UNIDOS DE AMERICA,BLANCO,2018-06-01
15682552.27,6442039.87,3458442.97,2018,6,6442039.87,9412201.9,7963145.840000002,1.2246467991473532e-16,-1.0,0.0,ESTADOS UNIDOS DE AMERICA,JOVEN,2018-06-01
15682552.27,6442039.87,15324.0,2018,6,6442039.87,9412201.9,7202592.855,1.2246467991473532e-16,-1.0,0.0,ESTADOS UNIDOS DE AMERICA,REPOSADO,2018-06-01
15682552.27,9240512.4,637117.55,2018,6,6442039.87,9412201.9,7141658.002500001,1.2246467991473532e-16,-1.0,1.0,ESTADOS UNIDOS DE AMERICA,AÑEJO,2018-06-01
15682552.27,9240512.4,5492932.62,2018,6,9240512.4,7585801.92,7841276.135000002,1.2246467991473532e-16,-1.0,1.0,ESTADOS UNIDOS DE AMERICA,BLANCO,2018-06-01
15682552.27,9240512.4,35960.67,2018,6,9240512.4,7585801.92,8540894.267500002,1.2246467991473532e-16,-1.0,1.0,ESTADOS UNIDOS DE AMERICA,EXTRA AÑEJO,2018-06-01
15682552.27,9240512.4,106059.39,2018,6,9240512.4,7585801.92,9240512.4,1.2246467991473532e-16,-1.0,1.0,ESTADOS UNIDOS DE AMERICA,JOVEN,2018-06-01
15682552.27,9240512.4,2968442.17,2018,6,9240512.4,9484251.81,9240512.4,1.2246467991473532e-16,-1.0,1.0,ESTADOS UNIDOS DE AMERICA,REPOSADO,2018-06-01
14162014.71,5730421.97,3304972.65,2018,7,9240512.4,9484251.81,8362989.792500001,-0.4999999999999997,-0.8660254037844388,0.0,ESTADOS UNIDOS DE AMERICA,BLANCO,2018-07-01
14162014.71,5730421.97,2417928.13,2018,7,5730421.97,9484251.81,7485467.1850000005,-0.4999999999999997,-0.8660254037844388,0.0,ESTADOS UNIDOS DE AMERICA,JOVEN,2018-07-01
14162014.71,5730421.97,7521.19,2018,7,5730421.97,9484251.81,6607944.5775000015,-0.4999999999999997,-0.8660254037844388,0.0,ESTADOS UNIDOS DE AMERICA,REPOSADO,2018-07-01
14162014.71,8431592.74,734662.49,2018,7,5730421.97,9484251.81,6405714.662500001,-0.4999999999999997,-0.8660254037844388,1.0,ESTADOS UNIDOS DE AMERICA,AÑEJO,2018-07-01
14162014.71,8431592.74,4877612.44,2018,7,8431592.74,6442039.87,7081007.355,-0.4999999999999997,-0.8660254037844388,1.0,ESTADOS UNIDOS DE AMERICA,BLANCO,2018-07-01
14162014.71,8431592.74,48162.26,2018,7,8431592.74,6442039.87,7756300.047500001,-0.4999999999999997,-0.8660254037844388,1.0,ESTADOS UNIDOS DE AMERICA,EXTRA AÑEJO,2018-07-01
14162014.71,8431592.74,24371.7,2018,7,8431592.74,6442039.87,8431592.74,-0.4999999999999997,-0.8660254037844388,1.0,ESTADOS UNIDOS DE AMERICA,JOVEN,2018-07-01
14162014.71,8431592.74,2746783.85,2018,7,8431592.74,9240512.4,8431592.74,-0.4999999999999997,-0.8660254037844388,1.0,ESTADOS UNIDOS DE AMERICA,REPOSADO,2018-07-01
15797873.12,5811887.76,2714246.3,2018,8,8431592.74,9240512.4,7776666.495000001,-0.8660254037844385,-0.5000000000000004,0.0,ESTADOS UNIDOS DE AMERICA,BLANCO,2018-08-01
15797873.12,5811887.76,3092351.53,2018,8,5811887.76,9240512.4,7121740.250000001,-0.8660254037844385,-0.5000000000000004,0.0,ESTADOS UNIDOS DE AMERICA,JOVEN,2018-08-01
15797873.12,5811887.76,5289.94,2018,8,5811887.76,9240512.4,6466814.005000001,-0.8660254037844385,-0.5000000000000004,0.0,ESTADOS UNIDOS DE AMERICA,REPOSADO,2018-08-01
15797873.12,9985985.36,746192.99,2018,8,5811887.76,9240512.4,6855412.16,-0.8660254037844385,-0.5000000000000004,1.0,ESTADOS UNIDOS DE AMERICA,AÑEJO,2018-08-01
15797873.12,9985985.36,6031849.26,2018,8,9985985.36,5730421.97,7898936.5600000005,-0.8660254037844385,-0.5000000000000004,1.0,ESTADOS UNIDOS DE AMERICA,BLANCO,2018-08-01
15797873.12,9985985.36,35120.48,2018,8,9985985.36,5730421.97,8942460.96,-0.8660254037844385,-0.5000000000000004,1.0,ESTADOS UNIDOS DE AMERICA,EXTRA AÑEJO,2018-08-01
15797873.12,9985985.36,47807.54,2018,8,9985985.36,5730421.97,9985985.36,-0.8660254037844385,-0.5000000000000004,1.0,ESTADOS UNIDOS DE AMERICA,JOVEN,2018-08-01
15797873.12,9985985.36,3125015.09,2018,8,9985985.36,8431592.74,9985985.36,-0.8660254037844385,-0.5000000000000004,1.0,ESTADOS UNIDOS DE AMERICA,REPOSADO,2018-08-01
15245612.88,5692898.82,2098630.93,2018,9,9985985.36,8431592.74,8912713.725000001,-1.0,-1.8369701987210297e-16,0.0,ESTADOS UNIDOS DE AMERICA,BLANCO,2018-09-01
15245612.88,5692898.82,3584259.89,2018,9,5692898.82,8431592.74,7839442.090000002,-1.0,-1.8369701987210297e-16,0.0,ESTADOS UNIDOS DE AMERICA,JOVEN,2018-09-01
15245612.88,5692898.82,10008.0,2018,9,5692898.82,8431592.74,6766170.455000002,-1.0,-1.8369701987210297e-16,0.0,ESTADOS UNIDOS DE AMERICA,REPOSADO,2018-09-01
15245612.88,9552714.06,699668.65,2018,9,5692898.82,8431592.74,6657852.630000002,-1.0,-1.8369701987210297e-16,1.0,ESTADOS UNIDOS DE AMERICA,AÑEJO,2018-09-01
15245612.88,9552714.06,6080605.95,2018,9,9552714.06,5811887.76,7622806.440000001,-1.0,-1.8369701987210297e-16,1.0,ESTADOS UNIDOS DE AMERICA,BLANCO,2018-09-01
15245612.88,9552714.06,33042.56,2018,9,9552714.06,5811887.76,8587760.25,-1.0,-1.8369701987210297e-16,1.0,ESTADOS UNIDOS DE AMERICA,EXTRA AÑEJO,2018-09-01
15245612.88,9552714.06,49775.18,2018,9,9552714.06,5811887.76,9552714.06,-1.0,-1.8369701987210297e-16,1.0,ESTADOS UNIDOS DE AMERICA,JOVEN,2018-09-01
15245612.88,9552714.06,2689621.72,2018,9,9552714.06,9985985.36,9552714.06,-1.0,-1.8369701987210297e-16,1.0,ESTADOS UNIDOS DE AMERICA,REPOSADO,2018-09-01
17040079.12,8339001.36,3253567.42,2018,10,9552714.06,9985985.36,9249285.885000002,-0.8660254037844386,0.5000000000000001,0.0,ESTADOS UNIDOS DE AMERICA,BLANCO,2018-10-01
17040079.12,8339001.36,5071717.93,2018,10,8339001.36,9985985.36,8945857.71,-0.8660254037844386,0.5000000000000001,0.0,ESTADOS UNIDOS DE AMERICA,JOVEN,2018-10-01
17040079.12,8339001.36,13716.0,2018,10,8339001.36,9985985.36,8642429.535,-0.8660254037844386,0.5000000000000001,0.0,ESTADOS UNIDOS DE AMERICA,REPOSADO,2018-10-01
17040079.12,8701077.76,725428.16,2018,10,8339001.36,9985985.36,8429520.46,-0.8660254037844386,0.5000000000000001,1.0,ESTADOS UNIDOS DE AMERICA,AÑEJO,2018-10-01
17040079.12,8701077.76,5422670.91,2018,10,8701077.76,5692898.82,8520039.56,-0.8660254037844386,0.5000000000000001,1.0,ESTADOS UNIDOS DE AMERICA,BLANCO,2018-10-01
17040079.12,8701077.76,36544.48,2018,10,8701077.76,5692898.82,8610558.66,-0.8660254037844386,0.5000000000000001,1.0,ESTADOS UNIDOS DE AMERICA,EXTRA AÑEJO,2018-10-01
17040079.12,8701077.76,68757.3,2018,10,8701077.76,5692898.82,8701077.76,-0.8660254037844386,0.5000000000000001,1.0,ESTADOS UNIDOS DE AMERICA,JOVEN,2018-10-01
17040079.12,8701077.76,2447676.9,2018,10,8701077.76,9552714.06,8701077.76,-0.8660254037844386,0.5000000000000001,1.0,ESTADOS UNIDOS DE AMERICA,REPOSADO,2018-10-01
14436497.77,5859247.36,2840215.15,2018,11,8701077.76,9552714.06,7990620.160000001,-0.5000000000000004,0.8660254037844384,0.0,ESTADOS UNIDOS DE AMERICA,BLANCO,2018-11-01
14436497.77,5859247.36,3005424.21,2018,11,5859247.36,9552714.06,7280162.5600000005,-0.5000000000000004,0.8660254037844384,0.0,ESTADOS UNIDOS DE AMERICA,JOVEN,2018-11-01
14436497.77,5859247.36,13608.0,2018,11,5859247.36,9552714.06,6569704.960000002,-0.5000000000000004,0.8660254037844384,0.0,ESTADOS UNIDOS DE AMERICA,REPOSADO,2018-11-01
14436497.77,8577250.41,796430.26,2018,11,5859247.36,9552714.06,6538748.122500001,-0.5000000000000004,0.8660254037844384,1.0,ESTADOS UNIDOS DE AMERICA,AÑEJO,2018-11-01
14436497.77,8577250.41,5394383.79,2018,11,8577250.41,8339001.36,7218248.885000002,-0.5000000000000004,0.8660254037844384,1.0,ESTADOS UNIDOS DE AMERICA,BLANCO,2018-11-01
14436497.77,8577250.41,47530.23,2018,11,8577250.41,8339001.36,7897749.647500002,-0.5000000000000004,0.8660254037844384,1.0,ESTADOS UNIDOS DE AMERICA,EXTRA AÑEJO,2018-11-01
14436497.77,8577250.41,53674.76,2018,11,8577250.41,8339001.36,8577250.41,-0.5000000000000004,0.8660254037844384,1.0,ESTADOS UNIDOS DE AMERICA,JOVEN,2018-11-01
14436497.77,8577250.41,2285231.38,2018,11,8577250.41,8701077.76,8577250.41,-0.5000000000000004,0.8660254037844384,1.0,ESTADOS UNIDOS DE AMERICA,REPOSADO,2018-11-01
11440238.09,4196719.31,6.75,2018,12,8577250.41,8701077.76,7482117.635000001,-2.4492935982947064e-16,1.0,0.0,ESTADOS UNIDOS DE AMERICA,AÑEJO,2018-12-01
11440238.09,4196719.31,1749220.52,2018,12,4196719.31,8701077.76,6386984.860000001,-2.4492935982947064e-16,1.0,0.0,ESTADOS UNIDOS DE AMERICA,BLANCO,2018-12-01
11440238.09,4196719.31,2446484.04,2018,12,4196719.31,8701077.76,5291852.085000001,-2.4492935982947064e-16,1.0,0.0,ESTADOS UNIDOS DE AMERICA,JOVEN,2018-12-01
11440238.09,4196719.31,1008.0,2018,12,4196719.31,8701077.76,4196719.31,-2.4492935982947064e-16,1.0,0.0,ESTADOS UNIDOS DE AMERICA,REPOSADO,2018-12-01
11440238.09,7243518.78,449308.86,2018,12,4196719.31,5859247.36,4958419.177500001,-2.4492935982947064e-16,1.0,1.0,ESTADOS UNIDOS DE AMERICA,AÑEJO,2018-12-01
11440238.09,7243518.78,4903593.01,2018,12,7243518.78,5859247.36,5720119.045000001,-2.4492935982947064e-16,1.0,1.0,ESTADOS UNIDOS DE AMERICA,BLANCO,2018-12-01
11440238.09,7243518.78,65372.16,2018,12,7243518.78,5859247.36,6481818.9125000015,-2.4492935982947064e-16,1.0,1.0,ESTADOS UNIDOS DE AMERICA,EXTRA AÑEJO,2018-12-01
11440238.09,7243518.78,19836.0,2018,12,7243518.78,8577250.41,7243518.78,-2.4492935982947064e-16,1.0,1.0,ESTADOS UNIDOS DE AMERICA,JOVEN,2018-12-01
11440238.09,7243518.78,1805408.75,2018,12,7243518.78,8577250.41,7243518.78,-2.4492935982947064e-16,1.0,1.0,ESTADOS UNIDOS DE AMERICA,REPOSADO,2018-12-01
13723120.02,5900709.57,2171951.7,2019,1,7243518.78,8577250.41,6907816.477500001,0.49999999999999994,0.8660254037844387,0.0,ESTADOS UNIDOS DE AMERICA,BLANCO,2019-01-01
13723120.02,5900709.57,3713855.38,2019,1,5900709.57,8577250.41,6572114.175000001,0.49999999999999994,0.8660254037844387,0.0,ESTADOS UNIDOS DE AMERICA,JOVEN,2019-01-01
13723120.02,5900709.57,14902.5,2019,1,5900709.57,8577250.41,6236411.8725000005,0.49999999999999994,0.8660254037844387,0.0,ESTADOS UNIDOS DE AMERICA,REPOSADO,2019-01-01
13723120.02,7822410.44,641620.95,2019,1,5900709.57,4196719.31,6381134.7875000015,0.49999999999999994,0.8660254037844387,1.0,ESTADOS UNIDOS DE AMERICA,AÑEJO,2019-01-01
13723120.02,7822410.44,4925635.95,2019,1,7822410.44,4196719.31,6861560.005000002,0.49999999999999994,0.8660254037844387,1.0,ESTADOS UNIDOS DE AMERICA,BLANCO,2019-01-01
13723120.02,7822410.44,50535.88,2019,1,7822410.44,4196719.31,7341985.222500002,0.49999999999999994,0.8660254037844387,1.0,ESTADOS UNIDOS DE AMERICA,EXTRA AÑEJO,2019-01-01
13723120.02,7822410.44,20979.6,2019,1,7822410.44,4196719.31,7822410.44,0.49999999999999994,0.8660254037844387,1.0,ESTADOS UNIDOS DE AMERICA,JOVEN,2019-01-01
13723120.02,7822410.44,2183638.07,2019,1,7822410.44,7243518.78,7822410.44,0.49999999999999994,0.8660254037844387,1.0,ESTADOS UNIDOS DE AMERICA,REPOSADO,2019-01-01
17591816.51,7300188.09,231.1,2019,2,7822410.44,7243518.78,7691854.852500001,0.8660254037844386,0.5000000000000001,0.0,ESTADOS UNIDOS DE AMERICA,AÑEJO,2019-02-01
17591816.51,7300188.09,3494655.31,2019,2,7300188.09,7243518.78,7561299.2650000015,0.8660254037844386,0.5000000000000001,0.0,ESTADOS UNIDOS DE AMERICA,BLANCO,2019-02-01
17591816.51,7300188.09,3784540.63,2019,2,7300188.09,7243518.78,7430743.677500001,0.8660254037844386,0.5000000000000001,0.0,ESTADOS UNIDOS DE AMERICA,JOVEN,2019-02-01
17591816.51,7300188.09,20761.05,2019,2,7300188.09,7243518.78,7300188.09,0.8660254037844386,0.5000000000000001,0.0,ESTADOS UNIDOS DE AMERICA,REPOSADO,2019-02-01
17591816.51,10291628.42,637224.75,2019,2,7300188.09,5900709.57,8048048.172500001,0.8660254037844386,0.5000000000000001,1.0,ESTADOS UNIDOS DE AMERICA,AÑEJO,2019-02-01
17591816.51,10291628.42,6846185.26,2019,2,10291628.42,5900709.57,8795908.255,0.8660254037844386,0.5000000000000001,1.0,ESTADOS UNIDOS DE AMERICA,BLANCO,2019-02-01
17591816.51,10291628.42,44139.35,2019,2,10291628.42,5900709.57,9543768.3375,0.8660254037844386,0.5000000000000001,1.0,ESTADOS UNIDOS DE AMERICA,EXTRA AÑEJO,2019-02-01
17591816.51,10291628.42,36508.35,2019,2,10291628.42,7822410.44,10291628.42,0.8660254037844386,0.5000000000000001,1.0,ESTADOS UNIDOS DE AMERICA,JOVEN,2019-02-01
17591816.51,10291628.42,2727570.71,2019,2,10291628.42,7822410.44,10291628.42,0.8660254037844386,0.5000000000000001,1.0,ESTADOS UNIDOS DE AMERICA,REPOSADO,2019-02-01
15203997.38,5642348.97,2248980.19,2019,3,10291628.42,7822410.44,9129308.557500001,1.0,6.123233995736766e-17,0.0,ESTADOS UNIDOS DE AMERICA,BLANCO,2019-03-01
15203997.38,5642348.97,3359581.28,2019,3,5642348.97,7822410.44,7966988.695,1.0,6.123233995736766e-17,0.0,ESTADOS UNIDOS DE AMERICA,JOVEN,2019-03-01
15203997.38,5642348.97,33787.5,2019,3,5642348.97,7822410.44,6804668.8325000005,1.0,6.123233995736766e-17,0.0,ESTADOS UNIDOS DE AMERICA,REPOSADO,2019-03-01
15203997.38,9561648.41,717446.55,2019,3,5642348.97,7300188.09,6622173.830000001,1.0,6.123233995736766e-17,1.0,ESTADOS UNIDOS DE AMERICA,AÑEJO,2019-03-01
15203997.38,9561648.41,5725585.17,2019,3,9561648.41,7300188.09,7601998.69,1.0,6.123233995736766e-17,1.0,ESTADOS UNIDOS DE AMERICA,BLANCO,2019-03-01
15203997.38,9561648.41,51533.51,2019,3,9561648.41,7300188.09,8581823.55,1.0,6.123233995736766e-17,1.0,ESTADOS UNIDOS DE AMERICA,EXTRA AÑEJO,2019-03-01
15203997.38,9561648.41,55120.2,2019,3,9561648.41,7300188.09,9561648.41,1.0,6.123233995736766e-17,1.0,ESTADOS UNIDOS DE AMERICA,JOVEN,2019-03-01
15203997.38,9561648.41,3011962.97,2019,3,9561648.41,10291628.42,9561648.41,1.0,6.123233995736766e-17,1.0,ESTADOS UNIDOS DE AMERICA,REPOSADO,2019-03-01
18124893.41,8300906.68,2935015.85,2019,4,9561648.41,10291628.42,9246462.977500001,0.8660254037844387,-0.4999999999999998,0.0,ESTADOS UNIDOS DE AMERICA,BLANCO,2019-04-01
18124893.41,8300906.68,5321789.33,2019,4,8300906.68,10291628.42,8931277.545000002,0.8660254037844387,-0.4999999999999998,0.0,ESTADOS UNIDOS DE AMERICA,JOVEN,2019-04-01
18124893.41,8300906.68,44101.5,2019,4,8300906.68,10291628.42,8616092.1125,0.8660254037844387,-0.4999999999999998,0.0,ESTADOS UNIDOS DE AMERICA,REPOSADO,2019-04-01
18124893.41,9823986.73,685222.81,2019,4,8300906.68,10291628.42,8681676.6925,0.8660254037844387,-0.4999999999999998,1.0,ESTADOS UNIDOS DE AMERICA,AÑEJO,2019-04-01
18124893.41,9823986.73,6814376.56,2019,4,9823986.73,5642348.97,9062446.705000002,0.8660254037844387,-0.4999999999999998,1.0,ESTADOS UNIDOS DE AMERICA,BLANCO,2019-04-01
18124893.41,9823986.73,44813.06,2019,4,9823986.73,5642348.97,9443216.717500001,0.8660254037844387,-0.4999999999999998,1.0,ESTADOS UNIDOS DE AMERICA,EXTRA AÑEJO,2019-04-01
18124893.41,9823986.73,26683.67,2019,4,9823986.73,5642348.97,9823986.73,0.8660254037844387,-0.4999999999999998,1.0,ESTADOS UNIDOS DE AMERICA,JOVEN,2019-04-01
18124893.41,9823986.73,2252890.62,2019,4,9823986.73,9561648.41,9823986.73,0.8660254037844387,-0.4999999999999998,1.0,ESTADOS UNIDOS DE AMERICA,REPOSADO,2019-04-01
19369916.04,8571929.07,3944655.19,2019,5,9823986.73,9561648.41,9510972.315000001,0.49999999999999994,-0.8660254037844387,0.0,ESTADOS UNIDOS DE AMERICA,BLANCO,2019-05-01
19369916.04,8571929.07,4584357.38,2019,5,8571929.07,9561648.41,9197957.900000002,0.49999999999999994,-0.8660254037844387,0.0,ESTADOS UNIDOS DE AMERICA,JOVEN,2019-05-01
19369916.04,8571929.07,42916.5,2019,5,8571929.07,9561648.41,8884943.485000001,0.49999999999999994,-0.8660254037844387,0.0,ESTADOS UNIDOS DE AMERICA,REPOSADO,2019-05-01
19369916.04,10797986.97,872317.73,2019,5,8571929.07,9561648.41,9128443.545000002,0.49999999999999994,-0.8660254037844387,1.0,ESTADOS UNIDOS DE AMERICA,AÑEJO,2019-05-01
19369916.04,10797986.97,7076324.12,2019,5,10797986.97,8300906.68,9684958.020000001,0.49999999999999994,-0.8660254037844387,1.0,ESTADOS UNIDOS DE AMERICA,BLANCO,2019-05-01
19369916.04,10797986.97,43609.15,2019,5,10797986.97,8300906.68,10241472.495000001,0.49999999999999994,-0.8660254037844387,1.0,ESTADOS UNIDOS DE AMERICA,EXTRA AÑEJO,2019-05-01
19369916.04,10797986.97,105732.0,2019,5,10797986.97,8300906.68,10797986.97,0.49999999999999994,-0.8660254037844387,1.0,ESTADOS UNIDOS DE AMERICA,JOVEN,2019-05-01
19369916.04,10797986.97,2700003.98,2019,5,10797986.97,9823986.73,10797986.97,0.49999999999999994,-0.8660254037844387,1.0,ESTADOS UNIDOS DE AMERICA,REPOSADO,2019-05-01
19397757.98,8884036.75,3146492.56,2019,6,10797986.97,9823986.73,10319499.415000001,1.2246467991473532e-16,-1.0,0.0,ESTADOS UNIDOS DE AMERICA,BLANCO,2019-06-01
19397757.98,8884036.75,5707293.7,2019,6,8884036.75,9823986.73,9841011.860000001,1.2246467991473532e-16,-1.0,0.0,ESTADOS UNIDOS DE AMERICA,JOVEN,2019-06-01
19397757.98,8884036.75,30250.5,2019,6,8884036.75,9823986.73,9362524.305000002,1.2246467991473532e-16,-1.0,0.0,ESTADOS UNIDOS DE AMERICA,REPOSADO,2019-06-01
19397757.98,10513721.23,841727.75,2019,6,8884036.75,9823986.73,9291457.870000001,1.2246467991473532e-16,-1.0,1.0,ESTADOS UNIDOS DE AMERICA,AÑEJO,2019-06-01
19397757.98,10513721.23,6643393.55,2019,6,10513721.23,8571929.07,9698878.990000002,1.2246467991473532e-16,-1.0,1.0,ESTADOS UNIDOS DE AMERICA,BLANCO,2019-06-01
19397757.98,10513721.23,52899.49,2019,6,10513721.23,8571929.07,10106300.110000001,1.2246467991473532e-16,-1.0,1.0,ESTADOS UNIDOS DE AMERICA,EXTRA AÑEJO,2019-06-01
19397757.98,10513721.23,98184.3,2019,6,10513721.23,8571929.07,10513721.23,1.2246467991473532e-16,-1.0,1.0,ESTADOS UNIDOS DE AMERICA,JOVEN,2019-06-01
19397757.98,10513721.23,2877516.14,2019,6,10513721.23,10797986.97,10513721.23,1.2246467991473532e-16,-1.0,1.0,ESTADOS UNIDOS DE AMERICA,REPOSADO,2019-06-01
18841472.59,8510243.41,4244649.97,2019,7,10513721.23,10797986.97,10012851.775000002,-0.4999999999999997,-0.8660254037844388,0.0,ESTADOS UNIDOS DE AMERICA,BLANCO,2019-07-01
18841472.59,8510243.41,270.0,2019,7,8510243.41,10797986.97,9511982.32,-0.4999999999999997,-0.8660254037844388,0.0,ESTADOS UNIDOS DE AMERICA,EXTRA AÑEJO,2019-07-01
18841472.59,8510243.41,4233424.73,2019,7,8510243.41,10797986.97,9011112.865000002,-0.4999999999999997,-0.8660254037844388,0.0,ESTADOS UNIDOS DE AMERICA,JOVEN,2019-07-01
18841472.59,8510243.41,31898.7,2019,7,8510243.41,10797986.97,8510243.41,-0.4999999999999997,-0.8660254037844388,0.0,ESTADOS UNIDOS DE AMERICA,REPOSADO,2019-07-01
18841472.59,10331229.19,583514.26,2019,7,8510243.41,8884036.75,8965489.855,-0.4999999999999997,-0.8660254037844388,1.0,ESTADOS UNIDOS DE AMERICA,AÑEJO,2019-07-01
18841472.59,10331229.19,6842231.95,2019,7,10331229.19,8884036.75,9420736.3,-0.4999999999999997,-0.8660254037844388,1.0,ESTADOS UNIDOS DE AMERICA,BLANCO,2019-07-01
18841472.59,10331229.19,83103.12,2019,7,10331229.19,8884036.75,9875982.745000001,-0.4999999999999997,-0.8660254037844388,1.0,ESTADOS UNIDOS DE AMERICA,EXTRA AÑEJO,2019-07-01
18841472.59,10331229.19,60977.2,2019,7,10331229.19,10513721.23,10331229.19,-0.4999999999999997,-0.8660254037844388,1.0,ESTADOS UNIDOS DE AMERICA,JOVEN,2019-07-01
18841472.59,10331229.19,2761402.66,2019,7,10331229.19,10513721.23,10331229.19,-0.4999999999999997,-0.8660254037844388,1.0,ESTADOS UNIDOS DE AMERICA,REPOSADO,2019-07-01
16899403.16,7834566.3,3088993.6,2019,8,10331229.19,10513721.23,9707063.467500001,-0.8660254037844385,-0.5000000000000004,0.0,ESTADOS UNIDOS DE AMERICA,BLANCO,2019-08-01
16899403.16,7834566.3,4718842.71,2019,8,7834566.3,10513721.23,9082897.745000001,-0.8660254037844385,-0.5000000000000004,0.0,ESTADOS UNIDOS DE AMERICA,JOVEN,2019-08-01
16899403.16,7834566.3,26730.0,2019,8,7834566.3,10513721.23,8458732.0225,-0.8660254037844385,-0.5000000000000004,0.0,ESTADOS UNIDOS DE AMERICA,REPOSADO,2019-08-01
16899403.16,9064836.85,622954.75,2019,8,7834566.3,8510243.41,8142133.937500001,-0.8660254037844385,-0.5000000000000004,1.0,ESTADOS UNIDOS DE AMERICA,AÑEJO,2019-08-01
16899403.16,9064836.85,5862668.21,2019,8,9064836.85,8510243.41,8449701.575000001,-0.8660254037844385,-0.5000000000000004,1.0,ESTADOS UNIDOS DE AMERICA,BLANCO,2019-08-01
16899403.16,9064836.85,43551.58,2019,8,9064836.85,8510243.41,8757269.212500002,-0.8660254037844385,-0.5000000000000004,1.0,ESTADOS UNIDOS DE AMERICA,EXTRA AÑEJO,2019-08-01
16899403.16,9064836.85,106990.61,2019,8,9064836.85,8510243.41,9064836.85,-0.8660254037844385,-0.5000000000000004,1.0,ESTADOS UNIDOS DE AMERICA,JOVEN,2019-08-01
16899403.16,9064836.85,2428671.7,2019,8,9064836.85,10331229.19,9064836.85,-0.8660254037844385,-0.5000000000000004,1.0,ESTADOS UNIDOS DE AMERICA,REPOSADO,2019-08-01
16827920.64,6389187.62,3020862.8,2019,9,9064836.85,10331229.19,8395924.5425,-1.0,-1.8369701987210297e-16,0.0,ESTADOS UNIDOS DE AMERICA,BLANCO,2019-09-01
16827920.64,6389187.62,3348823.82,2019,9,6389187.62,10331229.19,7727012.235000001,-1.0,-1.8369701987210297e-16,0.0,ESTADOS UNIDOS DE AMERICA,JOVEN,2019-09-01
16827920.64,6389187.62,19501.0,2019,9,6389187.62,10331229.19,7058099.9275,-1.0,-1.8369701987210297e-16,0.0,ESTADOS UNIDOS DE AMERICA,REPOSADO,2019-09-01
16827920.64,10438733.02,792097.75,2019,9,6389187.62,10331229.19,7401573.970000001,-1.0,-1.8369701987210297e-16,1.0,ESTADOS UNIDOS DE AMERICA,AÑEJO,2019-09-01
16827920.64,10438733.02,6661494.93,2019,9,10438733.02,7834566.3,8413960.32,-1.0,-1.8369701987210297e-16,1.0,ESTADOS UNIDOS DE AMERICA,BLANCO,2019-09-01
16827920.64,10438733.02,50909.61,2019,9,10438733.02,7834566.3,9426346.670000002,-1.0,-1.8369701987210297e-16,1.0,ESTADOS UNIDOS DE AMERICA,EXTRA AÑEJO,2019-09-01
16827920.64,10438733.02,62840.06,2019,9,10438733.02,7834566.3,10438733.02,-1.0,-1.8369701987210297e-16,1.0,ESTADOS UNIDOS DE AMERICA,JOVEN,2019-09-01
16827920.64,10438733.02,2871390.66,2019,9,10438733.02,9064836.85,10438733.02,-1.0,-1.8369701987210297e-16,1.0,ESTADOS UNIDOS DE AMERICA,REPOSADO,2019-09-01
18802780.66,7935056.97,229.97,2019,10,10438733.02,9064836.85,9812814.0075,-0.8660254037844386,0.5000000000000001,0.0,ESTADOS UNIDOS DE AMERICA,AÑEJO,2019-10-01
18802780.66,7935056.97,3580676.45,2019,10,7935056.97,9064836.85,9186894.995000001,-0.8660254037844386,0.5000000000000001,0.0,ESTADOS UNIDOS DE AMERICA,BLANCO,2019-10-01
18802780.66,7935056.97,4307491.55,2019,10,7935056.97,9064836.85,8560975.9825,-0.8660254037844386,0.5000000000000001,0.0,ESTADOS UNIDOS DE AMERICA,JOVEN,2019-10-01
18802780.66,7935056.97,46659.0,2019,10,7935056.97,9064836.85,7935056.97,-0.8660254037844386,0.5000000000000001,0.0,ESTADOS UNIDOS DE AMERICA,REPOSADO,2019-10-01
18802780.66,10867723.68,1153368.79,2019,10,7935056.97,6389187.62,8668223.6475,-0.8660254037844386,0.5000000000000001,1.0,ESTADOS UNIDOS DE AMERICA,AÑEJO,2019-10-01
18802780.66,10867723.68,6852521.19,2019,10,10867723.68,6389187.62,9401390.325000001,-0.8660254037844386,0.5000000000000001,1.0,ESTADOS UNIDOS DE AMERICA,BLANCO,2019-10-01
18802780.66,10867723.68,92177.67,2019,10,10867723.68,6389187.62,10134557.002500001,-0.8660254037844386,0.5000000000000001,1.0,ESTADOS UNIDOS DE AMERICA,EXTRA AÑEJO,2019-10-01
18802780.66,10867723.68,55039.95,2019,10,10867723.68,10438733.02,10867723.68,-0.8660254037844386,0.5000000000000001,1.0,ESTADOS UNIDOS DE AMERICA,JOVEN,2019-10-01
18802780.66,10867723.68,2714616.09,2019,10,10867723.68,10438733.02,10867723.68,-0.8660254037844386,0.5000000000000001,1.0,ESTADOS UNIDOS DE AMERICA,REPOSADO,2019-10-01
16381022.64,5927666.06,2522577.97,2019,11,10867723.68,10438733.02,9632709.275,-0.5000000000000004,0.8660254037844384,0.0,ESTADOS UNIDOS DE AMERICA,BLANCO,2019-11-01
16381022.64,5927666.06,3367520.49,2019,11,5927666.06,10438733.02,8397694.870000001,-0.5000000000000004,0.8660254037844384,0.0,ESTADOS UNIDOS DE AMERICA,JOVEN,2019-11-01
16381022.64,5927666.06,37567.6,2019,11,5927666.06,10438733.02,7162680.465000001,-0.5000000000000004,0.8660254037844384,0.0,ESTADOS UNIDOS DE AMERICA,REPOSADO,2019-11-01
16381022.64,10453356.58,1182739.84,2019,11,5927666.06,7935056.97,7059088.69,-0.5000000000000004,0.8660254037844384,1.0,ESTADOS UNIDOS DE AMERICA,AÑEJO,2019-11-01
16381022.64,10453356.58,6335659.74,2019,11,10453356.58,7935056.97,8190511.32,-0.5000000000000004,0.8660254037844384,1.0,ESTADOS UNIDOS DE AMERICA,BLANCO,2019-11-01
16381022.64,10453356.58,55940.8,2019,11,10453356.58,7935056.97,9321933.95,-0.5000000000000004,0.8660254037844384,1.0,ESTADOS UNIDOS DE AMERICA,EXTRA AÑEJO,2019-11-01
16381022.64,10453356.58,53979.03,2019,11,10453356.58,7935056.97,10453356.58,-0.5000000000000004,0.8660254037844384,1.0,ESTADOS UNIDOS DE AMERICA,JOVEN,2019-11-01
16381022.64,10453356.58,2825037.18,2019,11,10453356.58,10867723.68,10453356.58,-0.5000000000000004,0.8660254037844384,1.0,ESTADOS UNIDOS DE AMERICA,REPOSADO,2019-11-01
13162420.41,5354790.68,1779095.27,2019,12,10453356.58,10867723.68,9178715.105,-2.4492935982947064e-16,1.0,0.0,ESTADOS UNIDOS DE AMERICA,BLANCO,2019-12-01
13162420.41,5354790.68,3570487.41,2019,12,5354790.68,10867723.68,7904073.630000001,-2.4492935982947064e-16,1.0,0.0,ESTADOS UNIDOS DE AMERICA,JOVEN,2019-12-01
13162420.41,5354790.68,5208.0,2019,12,5354790.68,10867723.68,6629432.155000001,-2.4492935982947064e-16,1.0,0.0,ESTADOS UNIDOS DE AMERICA,REPOSADO,2019-12-01
13162420.41,7807629.73,803813.59,2019,12,5354790.68,10867723.68,5968000.442500001,-2.4492935982947064e-16,1.0,1.0,ESTADOS UNIDOS DE AMERICA,AÑEJO,2019-12-01
13162420.41,7807629.73,4980328.71,2019,12,7807629.73,5927666.06,6581210.205000001,-2.4492935982947064e-16,1.0,1.0,ESTADOS UNIDOS DE AMERICA,BLANCO,2019-12-01
13162420.41,7807629.73,80587.1,2019,12,7807629.73,5927666.06,7194419.967500001,-2.4492935982947064e-16,1.0,1.0,ESTADOS UNIDOS DE AMERICA,EXTRA AÑEJO,2019-12-01
13162420.41,7807629.73,122369.75,2019,12,7807629.73,5927666.06,7807629.73,-2.4492935982947064e-16,1.0,1.0,ESTADOS UNIDOS DE AMERICA,JOVEN,2019-12-01
13162420.41,7807629.73,1820530.59,2019,12,7807629.73,10453356.58,7807629.73,-2.4492935982947064e-16,1.0,1.0,ESTADOS UNIDOS DE AMERICA,REPOSADO,2019-12-01
16067747.1,6102530.23,2706005.12,2020,1,7807629.73,10453356.58,7381354.855000001,0.49999999999999994,0.8660254037844387,0.0,ESTADOS UNIDOS DE AMERICA,BLANCO,2020-01-01
16067747.1,6102530.23,3388476.11,2020,1,6102530.23,10453356.58,6955079.980000001,0.49999999999999994,0.8660254037844387,0.0,ESTADOS UNIDOS DE AMERICA,JOVEN,2020-01-01
16067747.1,6102530.23,8049.0,2020,1,6102530.23,10453356.58,6528805.105000001,0.49999999999999994,0.8660254037844387,0.0,ESTADOS UNIDOS DE AMERICA,REPOSADO,2020-01-01
16067747.1,9965216.87,945045.56,2020,1,6102530.23,10453356.58,7068201.890000001,0.49999999999999994,0.8660254037844387,1.0,ESTADOS UNIDOS DE AMERICA,AÑEJO,2020-01-01
16067747.1,9965216.87,6412916.38,2020,1,9965216.87,5354790.68,8033873.550000001,0.49999999999999994,0.8660254037844387,1.0,ESTADOS UNIDOS DE AMERICA,BLANCO,2020-01-01
16067747.1,9965216.87,53131.65,2020,1,9965216.87,5354790.68,8999545.21,0.49999999999999994,0.8660254037844387,1.0,ESTADOS UNIDOS DE AMERICA,EXTRA AÑEJO,2020-01-01
16067747.1,9965216.87,40115.85,2020,1,9965216.87,5354790.68,9965216.87,0.49999999999999994,0.8660254037844387,1.0,ESTADOS UNIDOS DE AMERICA,JOVEN,2020-01-01
16067747.1,9965216.87,2514007.43,2020,1,9965216.87,7807629.73,9965216.87,0.49999999999999994,0.8660254037844387,1.0,ESTADOS UNIDOS DE AMERICA,REPOSADO,2020-01-01
18859436.48,8016095.17,3614806.65,2020,2,9965216.87,7807629.73,9477936.445,0.8660254037844386,0.5000000000000001,0.0,ESTADOS UNIDOS DE AMERICA,BLANCO,2020-02-01
18859436.48,8016095.17,4392940.27,2020,2,8016095.17,7807629.73,8990656.020000001,0.8660254037844386,0.5000000000000001,0.0,ESTADOS UNIDOS DE AMERICA,JOVEN,2020-02-01
18859436.48,8016095.17,8348.25,2020,2,8016095.17,7807629.73,8503375.595,0.8660254037844386,0.5000000000000001,0.0,ESTADOS UNIDOS DE AMERICA,REPOSADO,2020-02-01
18859436.48,10843341.31,922005.89,2020,2,8016095.17,7807629.73,8722906.705000002,0.8660254037844386,0.5000000000000001,1.0,ESTADOS UNIDOS DE AMERICA,AÑEJO,2020-02-01
18859436.48,10843341.31,6739209.33,2020,2,10843341.31,6102530.23,9429718.240000002,0.8660254037844386,0.5000000000000001,1.0,ESTADOS UNIDOS DE AMERICA,BLANCO,2020-02-01
18859436.48,10843341.31,49827.62,2020,2,10843341.31,6102530.23,10136529.775,0.8660254037844386,0.5000000000000001,1.0,ESTADOS UNIDOS DE AMERICA,EXTRA AÑEJO,2020-02-01
18859436.48,10843341.31,93020.18,2020,2,10843341.31,6102530.23,10843341.31,0.8660254037844386,0.5000000000000001,1.0,ESTADOS UNIDOS DE AMERICA,JOVEN,2020-02-01
18859436.48,10843341.31,3039278.3,2020,2,10843341.31,9965216.87,10843341.31,0.8660254037844386,0.5000000000000001,1.0,ESTADOS UNIDOS DE AMERICA,REPOSADO,2020-02-01
21730093.21,8796180.77,3867276.0,2020,3,10843341.31,9965216.87,10331551.175,1.0,6.123233995736766e-17,0.0,ESTADOS UNIDOS DE AMERICA,BLANCO,2020-03-01
21730093.21,8796180.77,4867973.57,2020,3,8796180.77,9965216.87,9819761.040000001,1.0,6.123233995736766e-17,0.0,ESTADOS UNIDOS DE AMERICA,JOVEN,2020-03-01
21730093.21,8796180.77,60931.2,2020,3,8796180.77,9965216.87,9307970.905000001,1.0,6.123233995736766e-17,0.0,ESTADOS UNIDOS DE AMERICA,REPOSADO,2020-03-01
21730093.21,12933912.44,1101433.16,2020,3,8796180.77,9965216.87,9830613.6875,1.0,6.123233995736766e-17,1.0,ESTADOS UNIDOS DE AMERICA,AÑEJO,2020-03-01
21730093.21,12933912.44,8161320.11,2020,3,12933912.44,8016095.17,10865046.605,1.0,6.123233995736766e-17,1.0,ESTADOS UNIDOS DE AMERICA,BLANCO,2020-03-01
21730093.21,12933912.44,71767.5,2020,3,12933912.44,8016095.17,11899479.5225,1.0,6.123233995736766e-17,1.0,ESTADOS UNIDOS DE AMERICA,EXTRA AÑEJO,2020-03-01
21730093.21,12933912.44,43484.87,2020,3,12933912.44,8016095.17,12933912.44,1.0,6.123233995736766e-17,1.0,ESTADOS UNIDOS DE AMERICA,JOVEN,2020-03-01
21730093.21,12933912.44,3555906.8,2020,3,12933912.44,10843341.31,12933912.44,1.0,6.123233995736766e-17,1.0,ESTADOS UNIDOS DE AMERICA,REPOSADO,2020-03-01
20679210.5,8686919.11,2025.0,2020,4,12933912.44,10843341.31,11872164.1075,0.8660254037844387,-0.4999999999999998,0.0,ESTADOS UNIDOS DE AMERICA,AÑEJO,2020-04-01
20679210.5,8686919.11,3029670.0,2020,4,8686919.11,10843341.31,10810415.775,0.8660254037844387,-0.4999999999999998,0.0,ESTADOS UNIDOS DE AMERICA,BLANCO,2020-04-01
20679210.5,8686919.11,5629446.12,2020,4,8686919.11,10843341.31,9748667.4425,0.8660254037844387,-0.4999999999999998,0.0,ESTADOS UNIDOS DE AMERICA,JOVEN,2020-04-01
20679210.5,8686919.11,25778.0,2020,4,8686919.11,10843341.31,8686919.11,0.8660254037844387,-0.4999999999999998,0.0,ESTADOS UNIDOS DE AMERICA,REPOSADO,2020-04-01
20679210.5,11992291.38,1092340.84,2020,4,8686919.11,8796180.77,9513262.1775,0.8660254037844387,-0.4999999999999998,1.0,ESTADOS UNIDOS DE AMERICA,AÑEJO,2020-04-01
20679210.5,11992291.38,7612077.01,2020,4,11992291.38,8796180.77,10339605.245000001,0.8660254037844387,-0.4999999999999998,1.0,ESTADOS UNIDOS DE AMERICA,BLANCO,2020-04-01
20679210.5,11992291.38,59655.89,2020,4,11992291.38,8796180.77,11165948.312500002,0.8660254037844387,-0.4999999999999998,1.0,ESTADOS UNIDOS DE AMERICA,EXTRA AÑEJO,2020-04-01
20679210.5,11992291.38,52696.5,2020,4,11992291.38,12933912.44,11992291.38,0.8660254037844387,-0.4999999999999998,1.0,ESTADOS UNIDOS DE AMERICA,JOVEN,2020-04-01
20679210.5,11992291.38,3175521.14,2020,4,11992291.38,12933912.44,11992291.38,0.8660254037844387,-0.4999999999999998,1.0,ESTADOS UNIDOS DE AMERICA,REPOSADO,2020-04-01
15366054.81,6987840.7,900.0,2020,5,11992291.38,12933912.44,10741178.71,0.49999999999999994,-0.8660254037844387,0.0,ESTADOS UNIDOS DE AMERICA,AÑEJO,2020-05-01
15366054.81,6987840.7,3413145.17,2020,5,6987840.7,12933912.44,9490066.040000003,0.49999999999999994,-0.8660254037844387,0.0,ESTADOS UNIDOS DE AMERICA,BLANCO,2020-05-01
15366054.81,6987840.7,3552879.53,2020,5,6987840.7,12933912.44,8238953.370000001,0.49999999999999994,-0.8660254037844387,0.0,ESTADOS UNIDOS DE AMERICA,JOVEN,2020-05-01
15366054.81,6987840.7,20916.0,2020,5,6987840.7,8686919.11,6987840.7,0.49999999999999994,-0.8660254037844387,0.0,ESTADOS UNIDOS DE AMERICA,REPOSADO,2020-05-01
15366054.81,8378214.1,802307.2,2020,5,6987840.7,8686919.11,7335434.050000001,0.49999999999999994,-0.8660254037844387,1.0,ESTADOS UNIDOS DE AMERICA,AÑEJO,2020-05-01
15366054.81,8378214.1,4908050.4,2020,5,8378214.1,8686919.11,7683027.4,0.49999999999999994,-0.8660254037844387,1.0,ESTADOS UNIDOS DE AMERICA,BLANCO,2020-05-01
15366054.81,8378214.1,46666.0,2020,5,8378214.1,8686919.11,8030620.750000001,0.49999999999999994,-0.8660254037844387,1.0,ESTADOS UNIDOS DE AMERICA,EXTRA AÑEJO,2020-05-01
15366054.81,8378214.1,49660.16,2020,5,8378214.1,11992291.38,8378214.1,0.49999999999999994,-0.8660254037844387,1.0,ESTADOS UNIDOS DE AMERICA,JOVEN,2020-05-01
15366054.81,8378214.1,2571530.34,2020,5,8378214.1,11992291.38,8378214.1,0.49999999999999994,-0.8660254037844387,1.0,ESTADOS UNIDOS DE AMERICA,REPOSADO,2020-05-01
19290015.68,7841570.97,3773643.81,2020,6,8378214.1,11992291.38,8244053.317500001,1.2246467991473532e-16,-1.0,0.0,ESTADOS UNIDOS DE AMERICA,BLANCO,2020-06-01
19290015.68,7841570.97,270.0,2020,6,7841570.97,11992291.38,8109892.535,1.2246467991473532e-16,-1.0,0.0,ESTADOS UNIDOS DE AMERICA,EXTRA AÑEJO,2020-06-01
19290015.68,7841570.97,4040963.16,2020,6,7841570.97,11992291.38,7975731.7525,1.2246467991473532e-16,-1.0,0.0,ESTADOS UNIDOS DE AMERICA,JOVEN,2020-06-01
19290015.68,7841570.97,26694.0,2020,6,7841570.97,6987840.7,7841570.97,1.2246467991473532e-16,-1.0,0.0,ESTADOS UNIDOS DE AMERICA,REPOSADO,2020-06-01
19290015.68,11448444.71,1306969.62,2020,6,7841570.97,6987840.7,8743289.405000001,1.2246467991473532e-16,-1.0,1.0,ESTADOS UNIDOS DE AMERICA,AÑEJO,2020-06-01
19290015.68,11448444.71,6939246.88,2020,6,11448444.71,6987840.7,9645007.840000002,1.2246467991473532e-16,-1.0,1.0,ESTADOS UNIDOS DE AMERICA,BLANCO,2020-06-01
19290015.68,11448444.71,53104.34,2020,6,11448444.71,6987840.7,10546726.275000002,1.2246467991473532e-16,-1.0,1.0,ESTADOS UNIDOS DE AMERICA,EXTRA AÑEJO,2020-06-01
19290015.68,11448444.71,13692.41,2020,6,11448444.71,8378214.1,11448444.71,1.2246467991473532e-16,-1.0,1.0,ESTADOS UNIDOS DE AMERICA,JOVEN,2020-06-01
19290015.68,11448444.71,3135431.46,2020,6,11448444.71,8378214.1,11448444.71,1.2246467991473532e-16,-1.0,1.0,ESTADOS UNIDOS DE AMERICA,REPOSADO,2020-06-01
23229077.39,9273363.43,4763176.7,2020,7,11448444.71,8378214.1,10904674.39,-0.4999999999999997,-0.8660254037844388,0.0,ESTADOS UNIDOS DE AMERICA,BLANCO,2020-07-01
23229077.39,9273363.43,4478596.73,2020,7,9273363.43,8378214.1,10360904.07,-0.4999999999999997,-0.8660254037844388,0.0,ESTADOS UNIDOS DE AMERICA,JOVEN,2020-07-01
23229077.39,9273363.43,31590.0,2020,7,9273363.43,8378214.1,9817133.75,-0.4999999999999997,-0.8660254037844388,0.0,ESTADOS UNIDOS DE AMERICA,REPOSADO,2020-07-01
23229077.39,13955713.97,1250053.75,2020,7,9273363.43,7841570.97,10443951.065000001,-0.4999999999999997,-0.8660254037844388,1.0,ESTADOS UNIDOS DE AMERICA,AÑEJO,2020-07-01
23229077.39,13955713.97,8329400.36,2020,7,13955713.97,7841570.97,11614538.700000001,-0.4999999999999997,-0.8660254037844388,1.0,ESTADOS UNIDOS DE AMERICA,BLANCO,2020-07-01
23229077.39,13955713.97,100867.4,2020,7,13955713.97,7841570.97,12785126.335,-0.4999999999999997,-0.8660254037844388,1.0,ESTADOS UNIDOS DE AMERICA,EXTRA AÑEJO,2020-07-01
23229077.39,13955713.97,45342.75,2020,7,13955713.97,7841570.97,13955713.97,-0.4999999999999997,-0.8660254037844388,1.0,ESTADOS UNIDOS DE AMERICA,JOVEN,2020-07-01
23229077.39,13955713.97,4230049.7,2020,7,13955713.97,11448444.71,13955713.97,-0.4999999999999997,-0.8660254037844388,1.0,ESTADOS UNIDOS DE AMERICA,REPOSADO,2020-07-01
23758092.97,9078592.3,4470902.69,2020,8,13955713.97,11448444.71,12736433.552500002,-0.8660254037844385,-0.5000000000000004,0.0,ESTADOS UNIDOS DE AMERICA,BLANCO,2020-08-01
23758092.97,9078592.3,4523540.36,2020,8,9078592.3,11448444.71,11517153.135000002,-0.8660254037844385,-0.5000000000000004,0.0,ESTADOS UNIDOS DE AMERICA,JOVEN,2020-08-01
23758092.97,9078592.3,84149.25,2020,8,9078592.3,11448444.71,10297872.717500001,-0.8660254037844385,-0.5000000000000004,0.0,ESTADOS UNIDOS DE AMERICA,REPOSADO,2020-08-01
23758092.97,14679500.67,1199266.35,2020,8,9078592.3,11448444.71,10478819.392500002,-0.8660254037844385,-0.5000000000000004,1.0,ESTADOS UNIDOS DE AMERICA,AÑEJO,2020-08-01
23758092.97,14679500.67,10001311.39,2020,8,14679500.67,9273363.43,11879046.485000001,-0.8660254037844385,-0.5000000000000004,1.0,ESTADOS UNIDOS DE AMERICA,BLANCO,2020-08-01
23758092.97,14679500.67,91791.25,2020,8,14679500.67,9273363.43,13279273.5775,-0.8660254037844385,-0.5000000000000004,1.0,ESTADOS UNIDOS DE AMERICA,EXTRA AÑEJO,2020-08-01
23758092.97,14679500.67,16728.15,2020,8,14679500.67,9273363.43,14679500.67,-0.8660254037844385,-0.5000000000000004,1.0,ESTADOS UNIDOS DE AMERICA,JOVEN,2020-08-01
23758092.97,14679500.67,3370403.53,2020,8,14679500.67,13955713.97,14679500.67,-0.8660254037844385,-0.5000000000000004,1.0,ESTADOS UNIDOS DE AMERICA,REPOSADO,2020-08-01
27142370.88,12636770.43,5573515.89,2020,9,14679500.67,13955713.97,14168818.110000001,-1.0,-1.8369701987210297e-16,0.0,ESTADOS UNIDOS DE AMERICA,BLANCO,2020-09-01
27142370.88,12636770.43,7034289.79,2020,9,12636770.43,13955713.97,13658135.55,-1.0,-1.8369701987210297e-16,0.0,ESTADOS UNIDOS DE AMERICA,JOVEN,2020-09-01
27142370.88,12636770.43,28964.75,2020,9,12636770.43,13955713.97,13147452.99,-1.0,-1.8369701987210297e-16,0.0,ESTADOS UNIDOS DE AMERICA,REPOSADO,2020-09-01
27142370.88,14505600.45,1351679.12,2020,9,12636770.43,13955713.97,13103977.935000002,-1.0,-1.8369701987210297e-16,1.0,ESTADOS UNIDOS DE AMERICA,AÑEJO,2020-09-01
27142370.88,14505600.45,8949151.76,2020,9,14505600.45,9078592.3,13571185.44,-1.0,-1.8369701987210297e-16,1.0,ESTADOS UNIDOS DE AMERICA,BLANCO,2020-09-01
27142370.88,14505600.45,114214.03,2020,9,14505600.45,9078592.3,14038392.945,-1.0,-1.8369701987210297e-16,1.0,ESTADOS UNIDOS DE AMERICA,EXTRA AÑEJO,2020-09-01
27142370.88,14505600.45,25347.0,2020,9,14505600.45,9078592.3,14505600.45,-1.0,-1.8369701987210297e-16,1.0,ESTADOS UNIDOS DE AMERICA,JOVEN,2020-09-01
27142370.88,14505600.45,4065208.55,2020,9,14505600.45,14679500.67,14505600.45,-1.0,-1.8369701987210297e-16,1.0,ESTADOS UNIDOS DE AMERICA,REPOSADO,2020-09-01
24861095.65,9188893.36,4422869.43,2020,10,14505600.45,14679500.67,13176423.677499998,-0.8660254037844386,0.5000000000000001,0.0,ESTADOS UNIDOS DE AMERICA,BLANCO,2020-10-01
24861095.65,9188893.36,4693298.53,2020,10,9188893.36,14679500.67,11847246.905000001,-0.8660254037844386,0.5000000000000001,0.0,ESTADOS UNIDOS DE AMERICA,JOVEN,2020-10-01
24861095.65,9188893.36,72725.4,2020,10,9188893.36,14679500.67,10518070.1325,-0.8660254037844386,0.5000000000000001,0.0,ESTADOS UNIDOS DE AMERICA,REPOSADO,2020-10-01
24861095.65,15672202.29,1691279.13,2020,10,9188893.36,14679500.67,10809720.592500001,-0.8660254037844386,0.5000000000000001,1.0,ESTADOS UNIDOS DE AMERICA,AÑEJO,2020-10-01
24861095.65,15672202.29,9999768.32,2020,10,15672202.29,12636770.43,12430547.825,-0.8660254037844386,0.5000000000000001,1.0,ESTADOS UNIDOS DE AMERICA,BLANCO,2020-10-01
24861095.65,15672202.29,89446.88,2020,10,15672202.29,12636770.43,14051375.057500001,-0.8660254037844386,0.5000000000000001,1.0,ESTADOS UNIDOS DE AMERICA,EXTRA AÑEJO,2020-10-01
24861095.65,15672202.29,50270.25,2020,10,15672202.29,12636770.43,15672202.29,-0.8660254037844386,0.5000000000000001,1.0,ESTADOS UNIDOS DE AMERICA,JOVEN,2020-10-01
24861095.65,15672202.29,3841437.72,2020,10,15672202.29,14505600.45,15672202.29,-0.8660254037844386,0.5000000000000001,1.0,ESTADOS UNIDOS DE AMERICA,REPOSADO,2020-10-01
23263653.47,7498662.1,602.3,2020,11,15672202.29,14505600.45,13628817.2425,-0.5000000000000004,0.8660254037844384,0.0,ESTADOS UNIDOS DE AMERICA,AÑEJO,2020-11-01
23263653.47,7498662.1,3992509.19,2020,11,7498662.1,14505600.45,11585432.195,-0.5000000000000004,0.8660254037844384,0.0,ESTADOS UNIDOS DE AMERICA,BLANCO,2020-11-01
23263653.47,7498662.1,3453646.27,2020,11,7498662.1,14505600.45,9542047.1475,-0.5000000000000004,0.8660254037844384,0.0,ESTADOS UNIDOS DE AMERICA,JOVEN,2020-11-01
23263653.47,7498662.1,51904.33,2020,11,7498662.1,14505600.45,7498662.1,-0.5000000000000004,0.8660254037844384,0.0,ESTADOS UNIDOS DE AMERICA,REPOSADO,2020-11-01
23263653.47,15764991.37,1748798.59,2020,11,7498662.1,9188893.36,9565244.4175,-0.5000000000000004,0.8660254037844384,1.0,ESTADOS UNIDOS DE AMERICA,AÑEJO,2020-11-01
23263653.47,15764991.37,9531004.98,2020,11,15764991.37,9188893.36,11631826.735,-0.5000000000000004,0.8660254037844384,1.0,ESTADOS UNIDOS DE AMERICA,BLANCO,2020-11-01
23263653.47,15764991.37,171375.58,2020,11,15764991.37,9188893.36,13698409.0525,-0.5000000000000004,0.8660254037844384,1.0,ESTADOS UNIDOS DE AMERICA,EXTRA AÑEJO,2020-11-01
23263653.47,15764991.37,101877.0,2020,11,15764991.37,15672202.29,15764991.37,-0.5000000000000004,0.8660254037844384,1.0,ESTADOS UNIDOS DE AMERICA,JOVEN,2020-11-01
23263653.47,15764991.37,4211935.23,2020,11,15764991.37,15672202.29,15764991.37,-0.5000000000000004,0.8660254037844384,1.0,ESTADOS UNIDOS DE AMERICA,REPOSADO,2020-11-01
19966071.69,6351497.48,2999879.14,2020,12,15764991.37,15672202.29,13411617.8975,-2.4492935982947064e-16,1.0,0.0,ESTADOS UNIDOS DE AMERICA,BLANCO,2020-12-01
19966071.69,6351497.48,3274681.17,2020,12,6351497.48,15672202.29,11058244.425,-2.4492935982947064e-16,1.0,0.0,ESTADOS UNIDOS DE AMERICA,JOVEN,2020-12-01
19966071.69,6351497.48,76937.17,2020,12,6351497.48,15672202.29,8704870.9525,-2.4492935982947064e-16,1.0,0.0,ESTADOS UNIDOS DE AMERICA,REPOSADO,2020-12-01
19966071.69,13614574.21,1503130.73,2020,12,6351497.48,7498662.1,8167266.6625000015,-2.4492935982947064e-16,1.0,1.0,ESTADOS UNIDOS DE AMERICA,AÑEJO,2020-12-01
19966071.69,13614574.21,8346048.82,2020,12,13614574.21,7498662.1,9983035.845,-2.4492935982947064e-16,1.0,1.0,ESTADOS UNIDOS DE AMERICA,BLANCO,2020-12-01
19966071.69,13614574.21,128759.27,2020,12,13614574.21,7498662.1,11798805.027500002,-2.4492935982947064e-16,1.0,1.0,ESTADOS UNIDOS DE AMERICA,EXTRA AÑEJO,2020-12-01
19966071.69,13614574.21,44544.0,2020,12,13614574.21,7498662.1,13614574.21,-2.4492935982947064e-16,1.0,1.0,ESTADOS UNIDOS DE AMERICA,JOVEN,2020-12-01
19966071.69,13614574.21,3592091.39,2020,12,13614574.21,15764991.37,13614574.21,-2.4492935982947064e-16,1.0,1.0,ESTADOS UNIDOS DE AMERICA,REPOSADO,2020-12-01
17479721.4,5320444.18,2621078.64,2021,1,13614574.21,15764991.37,11541041.7025,0.49999999999999994,0.8660254037844387,0.0,ESTADOS UNIDOS DE AMERICA,BLANCO,2021-01-01
17479721.4,5320444.18,540.0,2021,1,5320444.18,15764991.37,9467509.195,0.49999999999999994,0.8660254037844387,0.0,ESTADOS UNIDOS DE AMERICA,EXTRA AÑEJO,2021-01-01
17479721.4,5320444.18,2622691.53,2021,1,5320444.18,15764991.37,7393976.6875,0.49999999999999994,0.8660254037844387,0.0,ESTADOS UNIDOS DE AMERICA,JOVEN,2021-01-01
17479721.4,5320444.18,76134.0,2021,1,5320444.18,15764991.37,5320444.18,0.49999999999999994,0.8660254037844387,0.0,ESTADOS UNIDOS DE AMERICA,REPOSADO,2021-01-01
17479721.4,12159277.23,1170177.23,2021,1,5320444.18,6351497.48,7030152.442500001,0.49999999999999994,0.8660254037844387,1.0,ESTADOS UNIDOS DE AMERICA,AÑEJO,2021-01-01
17479721.4,12159277.23,7625378.92,2021,1,12159277.23,6351497.48,8739860.705000002,0.49999999999999994,0.8660254037844387,1.0,ESTADOS UNIDOS DE AMERICA,BLANCO,2021-01-01
17479721.4,12159277.23,67320.84,2021,1,12159277.23,6351497.48,10449568.967500001,0.49999999999999994,0.8660254037844387,1.0,ESTADOS UNIDOS DE AMERICA,EXTRA AÑEJO,2021-01-01
17479721.4,12159277.23,44726.75,2021,1,12159277.23,13614574.21,12159277.23,0.49999999999999994,0.8660254037844387,1.0,ESTADOS UNIDOS DE AMERICA,JOVEN,2021-01-01
17479721.4,12159277.23,3251673.5,2021,1,12159277.23,13614574.21,12159277.23,0.49999999999999994,0.8660254037844387,1.0,ESTADOS UNIDOS DE AMERICA,REPOSADO,2021-01-01
18604025.4,4298558.13,2104333.88,2021,2,12159277.23,13614574.21,10194097.455000002,0.8660254037844386,0.5000000000000001,0.0,ESTADOS UNIDOS DE AMERICA,BLANCO,2021-02-01
18604025.4,4298558.13,2106767.07,2021,2,4298558.13,13614574.21,8228917.680000002,0.8660254037844386,0.5000000000000001,0.0,ESTADOS UNIDOS DE AMERICA,JOVEN,2021-02-01
18604025.4,4298558.13,87457.18,2021,2,4298558.13,13614574.21,6263737.905000001,0.8660254037844386,0.5000000000000001,0.0,ESTADOS UNIDOS DE AMERICA,REPOSADO,2021-02-01
18604025.4,14305467.26,1338435.4,2021,2,4298558.13,5320444.18,6800285.412500001,0.8660254037844386,0.5000000000000001,1.0,ESTADOS UNIDOS DE AMERICA,AÑEJO,2021-02-01
18604025.4,14305467.26,8718382.16,2021,2,14305467.26,5320444.18,9302012.695,0.8660254037844386,0.5000000000000001,1.0,ESTADOS UNIDOS DE AMERICA,BLANCO,2021-02-01
18604025.4,14305467.26,87268.47,2021,2,14305467.26,5320444.18,11803739.9775,0.8660254037844386,0.5000000000000001,1.0,ESTADOS UNIDOS DE AMERICA,EXTRA AÑEJO,2021-02-01
18604025.4,14305467.26,53551.5,2021,2,14305467.26,5320444.18,14305467.26,0.8660254037844386,0.5000000000000001,1.0,ESTADOS UNIDOS DE AMERICA,JOVEN,2021-02-01
18604025.4,14305467.26,4107829.74,2021,2,14305467.26,12159277.23,14305467.26,0.8660254037844386,0.5000000000000001,1.0,ESTADOS UNIDOS DE AMERICA,REPOSADO,2021-02-01
23424681.95,7775377.3,3701210.48,2021,3,14305467.26,12159277.23,12672944.77,1.0,6.123233995736766e-17,0.0,ESTADOS UNIDOS DE AMERICA,BLANCO,2021-03-01
23424681.95,7775377.3,4051366.82,2021,3,7775377.3,12159277.23,11040422.280000001,1.0,6.123233995736766e-17,0.0,ESTADOS UNIDOS DE AMERICA,JOVEN,2021-03-01
23424681.95,7775377.3,22800.0,2021,3,7775377.3,12159277.23,9407899.790000001,1.0,6.123233995736766e-17,0.0,ESTADOS UNIDOS DE AMERICA,REPOSADO,2021-03-01
23424681.95,15649304.65,1617684.83,2021,3,7775377.3,12159277.23,9743859.137500001,1.0,6.123233995736766e-17,1.0,ESTADOS UNIDOS DE AMERICA,AÑEJO,2021-03-01
23424681.95,15649304.65,9378640.94,2021,3,15649304.65,4298558.13,11712340.975000001,1.0,6.123233995736766e-17,1.0,ESTADOS UNIDOS DE AMERICA,BLANCO,2021-03-01
23424681.95,15649304.65,128729.19,2021,3,15649304.65,4298558.13,13680822.812500002,1.0,6.123233995736766e-17,1.0,ESTADOS UNIDOS DE AMERICA,EXTRA AÑEJO,2021-03-01
23424681.95,15649304.65,178016.85,2021,3,15649304.65,4298558.13,15649304.65,1.0,6.123233995736766e-17,1.0,ESTADOS UNIDOS DE AMERICA,JOVEN,2021-03-01
23424681.95,15649304.65,4346232.85,2021,3,15649304.65,14305467.26,15649304.65,1.0,6.123233995736766e-17,1.0,ESTADOS UNIDOS DE AMERICA,REPOSADO,2021-03-01
23087185.55,7675243.04,900.0,2021,4,15649304.65,14305467.26,13655789.247500002,0.8660254037844387,-0.4999999999999998,0.0,ESTADOS UNIDOS DE AMERICA,AÑEJO,2021-04-01
23087185.55,7675243.04,3774483.68,2021,4,7675243.04,14305467.26,11662273.845,0.8660254037844387,-0.4999999999999998,0.0,ESTADOS UNIDOS DE AMERICA,BLANCO,2021-04-01
23087185.55,7675243.04,3841413.12,2021,4,7675243.04,14305467.26,9668758.4425,0.8660254037844387,-0.4999999999999998,0.0,ESTADOS UNIDOS DE AMERICA,JOVEN,2021-04-01
23087185.55,7675243.04,58446.24,2021,4,7675243.04,14305467.26,7675243.04,0.8660254037844387,-0.4999999999999998,0.0,ESTADOS UNIDOS DE AMERICA,REPOSADO,2021-04-01
23087185.55,15411942.5,1496238.5,2021,4,7675243.04,7775377.3,9609417.905000001,0.8660254037844387,-0.4999999999999998,1.0,ESTADOS UNIDOS DE AMERICA,AÑEJO,2021-04-01
23087185.55,15411942.5,9761528.1,2021,4,15411942.5,7775377.3,11543592.770000001,0.8660254037844387,-0.4999999999999998,1.0,ESTADOS UNIDOS DE AMERICA,BLANCO,2021-04-01
23087185.55,15411942.5,123363.99,2021,4,15411942.5,7775377.3,13477767.635000002,0.8660254037844387,-0.4999999999999998,1.0,ESTADOS UNIDOS DE AMERICA,EXTRA AÑEJO,2021-04-01
23087185.55,15411942.5,72979.8,2021,4,15411942.5,15649304.65,15411942.5,0.8660254037844387,-0.4999999999999998,1.0,ESTADOS UNIDOS DE AMERICA,JOVEN,2021-04-01
23087185.55,15411942.5,3957832.12,2021,4,15411942.5,15649304.65,15411942.5,0.8660254037844387,-0.4999999999999998,1.0,ESTADOS UNIDOS DE AMERICA,REPOSADO,2021-04-01
24986866.1,9069509.17,232.97,2021,5,15411942.5,15649304.65,13826334.1675,0.49999999999999994,-0.8660254037844387,0.0,ESTADOS UNIDOS DE AMERICA,AÑEJO,2021-05-01
24986866.1,9069509.17,4719032.78,2021,5,9069509.17,15649304.65,12240725.835,0.49999999999999994,-0.8660254037844387,0.0,ESTADOS UNIDOS DE AMERICA,BLANCO,2021-05-01
24986866.1,9069509.17,4235908.06,2021,5,9069509.17,15649304.65,10655117.502500001,0.49999999999999994,-0.8660254037844387,0.0,ESTADOS UNIDOS DE AMERICA,JOVEN,2021-05-01
24986866.1,9069509.17,114335.36,2021,5,9069509.17,7675243.04,9069509.17,0.49999999999999994,-0.8660254037844387,0.0,ESTADOS UNIDOS DE AMERICA,REPOSADO,2021-05-01
24986866.1,15917356.94,1901020.55,2021,5,9069509.17,7675243.04,10781471.1125,0.49999999999999994,-0.8660254037844387,1.0,ESTADOS UNIDOS DE AMERICA,AÑEJO,2021-05-01
24986866.1,15917356.94,9314494.09,2021,5,15917356.94,7675243.04,12493433.055,0.49999999999999994,-0.8660254037844387,1.0,ESTADOS UNIDOS DE AMERICA,BLANCO,2021-05-01
24986866.1,15917356.94,97916.72,2021,5,15917356.94,7675243.04,14205394.9975,0.49999999999999994,-0.8660254037844387,1.0,ESTADOS UNIDOS DE AMERICA,EXTRA AÑEJO,2021-05-01
24986866.1,15917356.94,75994.5,2021,5,15917356.94,15411942.5,15917356.94,0.49999999999999994,-0.8660254037844387,1.0,ESTADOS UNIDOS DE AMERICA,JOVEN,2021-05-01
24986866.1,15917356.94,4527931.08,2021,5,15917356.94,15411942.5,15917356.94,0.49999999999999994,-0.8660254037844387,1.0,ESTADOS UNIDOS DE AMERICA,REPOSADO,2021-05-01
28444018.17,10347850.22,5230537.0,2021,6,15917356.94,15411942.5,14524980.260000002,1.2246467991473532e-16,-1.0,0.0,ESTADOS UNIDOS DE AMERICA,BLANCO,2021-06-01
28444018.17,10347850.22,5085782.02,2021,6,10347850.22,15411942.5,13132603.58,1.2246467991473532e-16,-1.0,0.0,ESTADOS UNIDOS DE AMERICA,JOVEN,2021-06-01
28444018.17,10347850.22,31531.2,2021,6,10347850.22,15411942.5,11740226.900000002,1.2246467991473532e-16,-1.0,0.0,ESTADOS UNIDOS DE AMERICA,REPOSADO,2021-06-01
28444018.17,18096167.95,1819442.68,2021,6,10347850.22,9069509.17,12284929.652500002,1.2246467991473532e-16,-1.0,1.0,ESTADOS UNIDOS DE AMERICA,AÑEJO,2021-06-01
28444018.17,18096167.95,11540000.03,2021,6,18096167.95,9069509.17,14222009.085,1.2246467991473532e-16,-1.0,1.0,ESTADOS UNIDOS DE AMERICA,BLANCO,2021-06-01
28444018.17,18096167.95,162755.34,2021,6,18096167.95,9069509.17,16159088.5175,1.2246467991473532e-16,-1.0,1.0,ESTADOS UNIDOS DE AMERICA,EXTRA AÑEJO,2021-06-01
28444018.17,18096167.95,78621.0,2021,6,18096167.95,9069509.17,18096167.95,1.2246467991473532e-16,-1.0,1.0,ESTADOS UNIDOS DE AMERICA,JOVEN,2021-06-01
28444018.17,18096167.95,4495348.91,2021,6,18096167.95,15917356.94,18096167.95,1.2246467991473532e-16,-1.0,1.0,ESTADOS UNIDOS DE AMERICA,REPOSADO,2021-06-01
26477683.11,9334973.74,209.81,2021,7,18096167.95,15917356.94,15905869.3975,-0.4999999999999997,-0.8660254037844388,0.0,ESTADOS UNIDOS DE AMERICA,AÑEJO,2021-07-01
26477683.11,9334973.74,4925372.55,2021,7,9334973.74,15917356.94,13715570.844999999,-0.4999999999999997,-0.8660254037844388,0.0,ESTADOS UNIDOS DE AMERICA,BLANCO,2021-07-01
26477683.11,9334973.74,4390905.75,2021,7,9334973.74,15917356.94,11525272.2925,-0.4999999999999997,-0.8660254037844388,0.0,ESTADOS UNIDOS DE AMERICA,JOVEN,2021-07-01
26477683.11,9334973.74,18485.63,2021,7,9334973.74,15917356.94,9334973.74,-0.4999999999999997,-0.8660254037844388,0.0,ESTADOS UNIDOS DE AMERICA,REPOSADO,2021-07-01
26477683.11,17142709.37,1367683.36,2021,7,9334973.74,10347850.22,11286907.6475,-0.4999999999999997,-0.8660254037844388,1.0,ESTADOS UNIDOS DE AMERICA,AÑEJO,2021-07-01
26477683.11,17142709.37,10915527.99,2021,7,17142709.37,10347850.22,13238841.555000003,-0.4999999999999997,-0.8660254037844388,1.0,ESTADOS UNIDOS DE AMERICA,BLANCO,2021-07-01
26477683.11,17142709.37,168865.32,2021,7,17142709.37,10347850.22,15190775.462500002,-0.4999999999999997,-0.8660254037844388,1.0,ESTADOS UNIDOS DE AMERICA,EXTRA AÑEJO,2021-07-01
26477683.11,17142709.37,108574.8,2021,7,17142709.37,18096167.95,17142709.37,-0.4999999999999997,-0.8660254037844388,1.0,ESTADOS UNIDOS DE AMERICA,JOVEN,2021-07-01
26477683.11,17142709.37,4582057.9,2021,7,17142709.37,18096167.95,17142709.37,-0.4999999999999997,-0.8660254037844388,1.0,ESTADOS UNIDOS DE AMERICA,REPOSADO,2021-07-01
26199654.76,9163739.28,4074927.85,2021,8,17142709.37,18096167.95,15147966.847500002,-0.8660254037844385,-0.5000000000000004,0.0,ESTADOS UNIDOS DE AMERICA,BLANCO,2021-08-01
26199654.76,9163739.28,5030978.78,2021,8,9163739.28,18096167.95,13153224.325000003,-0.8660254037844385,-0.5000000000000004,0.0,ESTADOS UNIDOS DE AMERICA,JOVEN,2021-08-01
26199654.76,9163739.28,57832.65,2021,8,9163739.28,18096167.95,11158481.8025,-0.8660254037844385,-0.5000000000000004,0.0,ESTADOS UNIDOS DE AMERICA,REPOSADO,2021-08-01
26199654.76,17035915.49,1157127.17,2021,8,9163739.28,9334973.74,11131783.3325,-0.8660254037844385,-0.5000000000000004,1.0,ESTADOS UNIDOS DE AMERICA,AÑEJO,2021-08-01
26199654.76,17035915.49,11148919.29,2021,8,17035915.49,9334973.74,13099827.385,-0.8660254037844385,-0.5000000000000004,1.0,ESTADOS UNIDOS DE AMERICA,BLANCO,2021-08-01
26199654.76,17035915.49,122328.53,2021,8,17035915.49,9334973.74,15067871.4375,-0.8660254037844385,-0.5000000000000004,1.0,ESTADOS UNIDOS DE AMERICA,EXTRA AÑEJO,2021-08-01
26199654.76,17035915.49,112285.5,2021,8,17035915.49,9334973.74,17035915.49,-0.8660254037844385,-0.5000000000000004,1.0,ESTADOS UNIDOS DE AMERICA,JOVEN,2021-08-01
26199654.76,17035915.49,4495255.0,2021,8,17035915.49,17142709.37,17035915.49,-0.8660254037844385,-0.5000000000000004,1.0,ESTADOS UNIDOS DE AMERICA,REPOSADO,2021-08-01
25920924.96,8934015.18,4623706.76,2021,9,17035915.49,17142709.37,15010440.412500001,-1.0,-1.8369701987210297e-16,0.0,ESTADOS UNIDOS DE AMERICA,BLANCO,2021-09-01
25920924.96,8934015.18,360.0,2021,9,8934015.18,17142709.37,12984965.335,-1.0,-1.8369701987210297e-16,0.0,ESTADOS UNIDOS DE AMERICA,EXTRA AÑEJO,2021-09-01
25920924.96,8934015.18,4278612.67,2021,9,8934015.18,17142709.37,10959490.2575,-1.0,-1.8369701987210297e-16,0.0,ESTADOS UNIDOS DE AMERICA,JOVEN,2021-09-01
25920924.96,8934015.18,31335.75,2021,9,8934015.18,17142709.37,8934015.18,-1.0,-1.8369701987210297e-16,0.0,ESTADOS UNIDOS DE AMERICA,REPOSADO,2021-09-01
25920924.96,16986909.78,1579943.64,2021,9,8934015.18,9163739.28,10947238.830000002,-1.0,-1.8369701987210297e-16,1.0,ESTADOS UNIDOS DE AMERICA,AÑEJO,2021-09-01
25920924.96,16986909.78,10128321.3,2021,9,16986909.78,9163739.28,12960462.48,-1.0,-1.8369701987210297e-16,1.0,ESTADOS UNIDOS DE AMERICA,BLANCO,2021-09-01
25920924.96,16986909.78,126857.33,2021,9,16986909.78,9163739.28,14973686.130000003,-1.0,-1.8369701987210297e-16,1.0,ESTADOS UNIDOS DE AMERICA,EXTRA AÑEJO,2021-09-01
25920924.96,16986909.78,100396.13,2021,9,16986909.78,17035915.49,16986909.78,-1.0,-1.8369701987210297e-16,1.0,ESTADOS UNIDOS DE AMERICA,JOVEN,2021-09-01
25920924.96,16986909.78,5051391.39,2021,9,16986909.78,17035915.49,16986909.78,-1.0,-1.8369701987210297e-16,1.0,ESTADOS UNIDOS DE AMERICA,REPOSADO,2021-09-01
25075454.41,7788731.06,3573235.55,2021,10,16986909.78,17035915.49,14687365.100000001,-0.8660254037844386,0.5000000000000001,0.0,ESTADOS UNIDOS DE AMERICA,BLANCO,2021-10-01
25075454.41,7788731.06,1215.0,2021,10,7788731.06,17035915.49,12387820.420000002,-0.8660254037844386,0.5000000000000001,0.0,ESTADOS UNIDOS DE AMERICA,EXTRA AÑEJO,2021-10-01
25075454.41,7788731.06,4167906.51,2021,10,7788731.06,17035915.49,10088275.74,-0.8660254037844386,0.5000000000000001,0.0,ESTADOS UNIDOS DE AMERICA,JOVEN,2021-10-01
25075454.41,7788731.06,46374.0,2021,10,7788731.06,8934015.18,7788731.06,-0.8660254037844386,0.5000000000000001,0.0,ESTADOS UNIDOS DE AMERICA,REPOSADO,2021-10-01
25075454.41,17286723.35,1677219.83,2021,10,7788731.06,8934015.18,10163229.1325,-0.8660254037844386,0.5000000000000001,1.0,ESTADOS UNIDOS DE AMERICA,AÑEJO,2021-10-01
25075454.41,17286723.35,10637484.54,2021,10,17286723.35,8934015.18,12537727.205000002,-0.8660254037844386,0.5000000000000001,1.0,ESTADOS UNIDOS DE AMERICA,BLANCO,2021-10-01
25075454.41,17286723.35,98361.9,2021,10,17286723.35,8934015.18,14912225.277500004,-0.8660254037844386,0.5000000000000001,1.0,ESTADOS UNIDOS DE AMERICA,EXTRA AÑEJO,2021-10-01
25075454.41,17286723.35,109006.5,2021,10,17286723.35,16986909.78,17286723.35,-0.8660254037844386,0.5000000000000001,1.0,ESTADOS UNIDOS DE AMERICA,JOVEN,2021-10-01
25075454.41,17286723.35,4764650.59,2021,10,17286723.35,16986909.78,17286723.35,-0.8660254037844386,0.5000000000000001,1.0,ESTADOS UNIDOS DE AMERICA,REPOSADO,2021-10-01
25899619.17,7136305.58,3550740.26,2021,11,17286723.35,16986909.78,14749118.907500003,-0.5000000000000004,0.8660254037844384,0.0,ESTADOS UNIDOS DE AMERICA,BLANCO,2021-11-01
25899619.17,7136305.58,675.0,2021,11,7136305.58,16986909.78,12211514.465000002,-0.5000000000000004,0.8660254037844384,0.0,ESTADOS UNIDOS DE AMERICA,EXTRA AÑEJO,2021-11-01
25899619.17,7136305.58,3561575.33,2021,11,7136305.58,16986909.78,9673910.0225,-0.5000000000000004,0.8660254037844384,0.0,ESTADOS UNIDOS DE AMERICA,JOVEN,2021-11-01
25899619.17,7136305.58,23315.0,2021,11,7136305.58,7788731.06,7136305.58,-0.5000000000000004,0.8660254037844384,0.0,ESTADOS UNIDOS DE AMERICA,REPOSADO,2021-11-01
25899619.17,18763313.59,1531703.37,2021,11,7136305.58,7788731.06,10043057.5825,-0.5000000000000004,0.8660254037844384,1.0,ESTADOS UNIDOS DE AMERICA,AÑEJO,2021-11-01
25899619.17,18763313.59,11946356.72,2021,11,18763313.59,7788731.06,12949809.585,-0.5000000000000004,0.8660254037844384,1.0,ESTADOS UNIDOS DE AMERICA,BLANCO,2021-11-01
25899619.17,18763313.59,126299.74,2021,11,18763313.59,7788731.06,15856561.587500002,-0.5000000000000004,0.8660254037844384,1.0,ESTADOS UNIDOS DE AMERICA,EXTRA AÑEJO,2021-11-01
25899619.17,18763313.59,75276.0,2021,11,18763313.59,17286723.35,18763313.59,-0.5000000000000004,0.8660254037844384,1.0,ESTADOS UNIDOS DE AMERICA,JOVEN,2021-11-01
25899619.17,18763313.59,5083677.77,2021,11,18763313.59,17286723.35,18763313.59,-0.5000000000000004,0.8660254037844384,1.0,ESTADOS UNIDOS DE AMERICA,REPOSADO,2021-11-01
22691413.02,7347385.2,3546964.46,2021,12,18763313.59,17286723.35,15909331.4925,-2.4492935982947064e-16,1.0,0.0,ESTADOS UNIDOS DE AMERICA,BLANCO,2021-12-01
22691413.02,7347385.2,576.0,2021,12,7347385.2,17286723.35,13055349.395000001,-2.4492935982947064e-16,1.0,0.0,ESTADOS UNIDOS DE AMERICA,EXTRA AÑEJO,2021-12-01
22691413.02,7347385.2,3748461.55,2021,12,7347385.2,17286723.35,10201367.297500001,-2.4492935982947064e-16,1.0,0.0,ESTADOS UNIDOS DE AMERICA,JOVEN,2021-12-01
22691413.02,7347385.2,51383.2,2021,12,7347385.2,7136305.58,7347385.2,-2.4492935982947064e-16,1.0,0.0,ESTADOS UNIDOS DE AMERICA,REPOSADO,2021-12-01
22691413.02,15344027.82,1650281.56,2021,12,7347385.2,7136305.58,9346545.855,-2.4492935982947064e-16,1.0,1.0,ESTADOS UNIDOS DE AMERICA,AÑEJO,2021-12-01
22691413.02,15344027.82,8981859.33,2021,12,15344027.82,7136305.58,11345706.510000002,-2.4492935982947064e-16,1.0,1.0,ESTADOS UNIDOS DE AMERICA,BLANCO,2021-12-01
22691413.02,15344027.82,148612.38,2021,12,15344027.82,7136305.58,13344867.165000003,-2.4492935982947064e-16,1.0,1.0,ESTADOS UNIDOS DE AMERICA,EXTRA AÑEJO,2021-12-01
22691413.02,15344027.82,32509.25,2021,12,15344027.82,18763313.59,15344027.82,-2.4492935982947064e-16,1.0,1.0,ESTADOS UNIDOS DE AMERICA,JOVEN,2021-12-01
22691413.02,15344027.82,4530765.3,2021,12,15344027.82,18763313.59,15344027.82,-2.4492935982947064e-16,1.0,1.0,ESTADOS UNIDOS DE AMERICA,REPOSADO,2021-12-01
22636902.16,7693599.07,3766615.86,2022,1,15344027.82,18763313.59,13431420.6325,0.49999999999999994,0.8660254037844387,0.0,ESTADOS UNIDOS DE AMERICA,BLANCO,2022-01-01
22636902.16,7693599.07,3852491.91,2022,1,7693599.07,18763313.59,11518813.445,0.49999999999999994,0.8660254037844387,0.0,ESTADOS UNIDOS DE AMERICA,JOVEN,2022-01-01
22636902.16,7693599.07,74491.3,2022,1,7693599.07,18763313.59,9606206.2575,0.49999999999999994,0.8660254037844387,0.0,ESTADOS UNIDOS DE AMERICA,REPOSADO,2022-01-01
22636902.16,14943303.09,1488838.65,2022,1,7693599.07,7347385.2,9506025.075000001,0.49999999999999994,0.8660254037844387,1.0,ESTADOS UNIDOS DE AMERICA,AÑEJO,2022-01-01
22636902.16,14943303.09,8752730.43,2022,1,14943303.09,7347385.2,11318451.080000002,0.49999999999999994,0.8660254037844387,1.0,ESTADOS UNIDOS DE AMERICA,BLANCO,2022-01-01
22636902.16,14943303.09,86126.67,2022,1,14943303.09,7347385.2,13130877.085,0.49999999999999994,0.8660254037844387,1.0,ESTADOS UNIDOS DE AMERICA,EXTRA AÑEJO,2022-01-01
22636902.16,14943303.09,58600.39,2022,1,14943303.09,7347385.2,14943303.09,0.49999999999999994,0.8660254037844387,1.0,ESTADOS UNIDOS DE AMERICA,JOVEN,2022-01-01
22636902.16,14943303.09,4557006.96,2022,1,14943303.09,15344027.82,14943303.09,0.49999999999999994,0.8660254037844387,1.0,ESTADOS UNIDOS DE AMERICA,REPOSADO,2022-01-01
26983928.34,8423160.94,4421005.88,2022,2,14943303.09,15344027.82,13313267.5525,0.8660254037844386,0.5000000000000001,0.0,ESTADOS UNIDOS DE AMERICA,BLANCO,2022-02-01
26983928.34,8423160.94,360.0,2022,2,8423160.94,15344027.82,11683232.015,0.8660254037844386,0.5000000000000001,0.0,ESTADOS UNIDOS DE AMERICA,EXTRA AÑEJO,2022-02-01
26983928.34,8423160.94,3949422.25,2022,2,8423160.94,15344027.82,10053196.477500001,0.8660254037844386,0.5000000000000001,0.0,ESTADOS UNIDOS DE AMERICA,JOVEN,2022-02-01
26983928.34,8423160.94,52372.8,2022,2,8423160.94,15344027.82,8423160.94,0.8660254037844386,0.5000000000000001,0.0,ESTADOS UNIDOS DE AMERICA,REPOSADO,2022-02-01
26983928.34,18560767.4,1606660.12,2022,2,8423160.94,7693599.07,10957562.555,0.8660254037844386,0.5000000000000001,1.0,ESTADOS UNIDOS DE AMERICA,AÑEJO,2022-02-01
26983928.34,18560767.4,11492748.22,2022,2,18560767.4,7693599.07,13491964.170000002,0.8660254037844386,0.5000000000000001,1.0,ESTADOS UNIDOS DE AMERICA,BLANCO,2022-02-01
26983928.34,18560767.4,142691.57,2022,2,18560767.4,7693599.07,16026365.785,0.8660254037844386,0.5000000000000001,1.0,ESTADOS UNIDOS DE AMERICA,EXTRA AÑEJO,2022-02-01
26983928.34,18560767.4,46146.0,2022,2,18560767.4,14943303.09,18560767.4,0.8660254037844386,0.5000000000000001,1.0,ESTADOS UNIDOS DE AMERICA,JOVEN,2022-02-01
26983928.34,18560767.4,5272521.49,2022,2,18560767.4,14943303.09,18560767.4,0.8660254037844386,0.5000000000000001,1.0,ESTADOS UNIDOS DE AMERICA,REPOSADO,2022-02-01
29054465.27,8388759.01,270.07,2022,3,18560767.4,14943303.09,16017765.3025,1.0,6.123233995736766e-17,0.0,ESTADOS UNIDOS DE AMERICA,AÑEJO,2022-03-01
29054465.27,8388759.01,3476054.95,2022,3,8388759.01,14943303.09,13474763.205,1.0,6.123233995736766e-17,0.0,ESTADOS UNIDOS DE AMERICA,BLANCO,2022-03-01
29054465.27,8388759.01,2340.0,2022,3,8388759.01,14943303.09,10931761.1075,1.0,6.123233995736766e-17,0.0,ESTADOS UNIDOS DE AMERICA,EXTRA AÑEJO,2022-03-01
29054465.27,8388759.01,4855973.0,2022,3,8388759.01,8423160.94,8388759.01,1.0,6.123233995736766e-17,0.0,ESTADOS UNIDOS DE AMERICA,JOVEN,2022-03-01
29054465.27,8388759.01,54121.0,2022,3,8388759.01,8423160.94,8388759.01,1.0,6.123233995736766e-17,0.0,ESTADOS UNIDOS DE AMERICA,REPOSADO,2022-03-01
29054465.27,20665706.26,1944328.7,2022,3,8388759.01,8423160.94,11457995.822500002,1.0,6.123233995736766e-17,1.0,ESTADOS UNIDOS DE AMERICA,AÑEJO,2022-03-01
29054465.27,20665706.26,12838462.76,2022,3,20665706.26,8423160.94,14527232.635000002,1.0,6.123233995736766e-17,1.0,ESTADOS UNIDOS DE AMERICA,BLANCO,2022-03-01
29054465.27,20665706.26,188403.33,2022,3,20665706.26,18560767.4,17596469.4475,1.0,6.123233995736766e-17,1.0,ESTADOS UNIDOS DE AMERICA,EXTRA AÑEJO,2022-03-01
29054465.27,20665706.26,100134.0,2022,3,20665706.26,18560767.4,20665706.26,1.0,6.123233995736766e-17,1.0,ESTADOS UNIDOS DE AMERICA,JOVEN,2022-03-01
29054465.27,20665706.26,5594377.47,2022,3,20665706.26,18560767.4,20665706.26,1.0,6.123233995736766e-17,1.0,ESTADOS UNIDOS DE AMERICA,REPOSADO,2022-03-01
26227343.04,7492161.74,3988401.87,2022,4,20665706.26,18560767.4,17372320.130000003,0.8660254037844387,-0.4999999999999998,0.0,ESTADOS UNIDOS DE AMERICA,BLANCO,2022-04-01
26227343.04,7492161.74,225.0,2022,4,7492161.74,18560767.4,14078934.000000002,0.8660254037844387,-0.4999999999999998,0.0,ESTADOS UNIDOS DE AMERICA,EXTRA AÑEJO,2022-04-01
26227343.04,7492161.74,3470972.88,2022,4,7492161.74,8388759.01,10785547.870000003,0.8660254037844387,-0.4999999999999998,0.0,ESTADOS UNIDOS DE AMERICA,JOVEN,2022-04-01
26227343.04,7492161.74,32562.0,2022,4,7492161.74,8388759.01,7492161.74,0.8660254037844387,-0.4999999999999998,0.0,ESTADOS UNIDOS DE AMERICA,REPOSADO,2022-04-01
26227343.04,18735181.3,2321588.75,2022,4,7492161.74,8388759.01,10302916.630000003,0.8660254037844387,-0.4999999999999998,1.0,ESTADOS UNIDOS DE AMERICA,AÑEJO,2022-04-01
26227343.04,18735181.3,11470642.71,2022,4,18735181.3,8388759.01,13113671.520000001,0.8660254037844387,-0.4999999999999998,1.0,ESTADOS UNIDOS DE AMERICA,BLANCO,2022-04-01
26227343.04,18735181.3,132421.52,2022,4,18735181.3,8388759.01,15924426.41,0.8660254037844387,-0.4999999999999998,1.0,ESTADOS UNIDOS DE AMERICA,EXTRA AÑEJO,2022-04-01
26227343.04,18735181.3,32616.98,2022,4,18735181.3,20665706.26,18735181.3,0.8660254037844387,-0.4999999999999998,1.0,ESTADOS UNIDOS DE AMERICA,JOVEN,2022-04-01
26227343.04,18735181.3,4777911.34,2022,4,18735181.3,20665706.26,18735181.3,0.8660254037844387,-0.4999999999999998,1.0,ESTADOS UNIDOS DE AMERICA,REPOSADO,2022-04-01
30546285.96,7107449.8,4656739.07,2022,5,18735181.3,20665706.26,15828248.425000003,0.49999999999999994,-0.8660254037844387,0.0,ESTADOS UNIDOS DE AMERICA,BLANCO,2022-05-01
30546285.96,7107449.8,382.5,2022,5,7107449.8,20665706.26,12921315.55,0.49999999999999994,-0.8660254037844387,0.0,ESTADOS UNIDOS DE AMERICA,EXTRA AÑEJO,2022-05-01
30546285.96,7107449.8,2403810.88,2022,5,7107449.8,20665706.26,10014382.675,0.49999999999999994,-0.8660254037844387,0.0,ESTADOS UNIDOS DE AMERICA,JOVEN,2022-05-01
30546285.96,7107449.8,46517.35,2022,5,7107449.8,7492161.74,7107449.8,0.49999999999999994,-0.8660254037844387,0.0,ESTADOS UNIDOS DE AMERICA,REPOSADO,2022-05-01
30546285.96,23438836.16,2622920.71,2022,5,7107449.8,7492161.74,11190296.39,0.49999999999999994,-0.8660254037844387,1.0,ESTADOS UNIDOS DE AMERICA,AÑEJO,2022-05-01
30546285.96,23438836.16,13494985.96,2022,5,23438836.16,7492161.74,15273142.98,0.49999999999999994,-0.8660254037844387,1.0,ESTADOS UNIDOS DE AMERICA,BLANCO,2022-05-01
30546285.96,23438836.16,121344.45,2022,5,23438836.16,7492161.74,19355989.57,0.49999999999999994,-0.8660254037844387,1.0,ESTADOS UNIDOS DE AMERICA,EXTRA AÑEJO,2022-05-01
30546285.96,23438836.16,113904.45,2022,5,23438836.16,18735181.3,23438836.16,0.49999999999999994,-0.8660254037844387,1.0,ESTADOS UNIDOS DE AMERICA,JOVEN,2022-05-01
30546285.96,23438836.16,7085680.6,2022,5,23438836.16,18735181.3,23438836.16,0.49999999999999994,-0.8660254037844387,1.0,ESTADOS UNIDOS DE AMERICA,REPOSADO,2022-05-01
33949188.13,11452420.8,396.0,2022,6,23438836.16,18735181.3,20442232.320000004,1.2246467991473532e-16,-1.0,0.0,ESTADOS UNIDOS DE AMERICA,AÑEJO,2022-06-01
33949188.13,11452420.8,5522672.73,2022,6,11452420.8,18735181.3,17445628.48,1.2246467991473532e-16,-1.0,0.0,ESTADOS UNIDOS DE AMERICA,BLANCO,2022-06-01
33949188.13,11452420.8,207.0,2022,6,11452420.8,18735181.3,14449024.64,1.2246467991473532e-16,-1.0,0.0,ESTADOS UNIDOS DE AMERICA,EXTRA AÑEJO,2022-06-01
33949188.13,11452420.8,5903624.02,2022,6,11452420.8,7107449.8,11452420.8,1.2246467991473532e-16,-1.0,0.0,ESTADOS UNIDOS DE AMERICA,JOVEN,2022-06-01
33949188.13,11452420.8,25521.05,2022,6,11452420.8,7107449.8,11452420.8,1.2246467991473532e-16,-1.0,0.0,ESTADOS UNIDOS DE AMERICA,REPOSADO,2022-06-01
33949188.13,22496767.33,2256106.6,2022,6,11452420.8,7107449.8,14213507.432500001,1.2246467991473532e-16,-1.0,1.0,ESTADOS UNIDOS DE AMERICA,AÑEJO,2022-06-01
33949188.13,22496767.33,14029420.09,2022,6,22496767.33,7107449.8,16974594.065,1.2246467991473532e-16,-1.0,1.0,ESTADOS UNIDOS DE AMERICA,BLANCO,2022-06-01
33949188.13,22496767.33,152271.33,2022,6,22496767.33,23438836.16,19735680.6975,1.2246467991473532e-16,-1.0,1.0,ESTADOS UNIDOS DE AMERICA,EXTRA AÑEJO,2022-06-01
33949188.13,22496767.33,108133.5,2022,6,22496767.33,23438836.16,22496767.33,1.2246467991473532e-16,-1.0,1.0,ESTADOS UNIDOS DE AMERICA,JOVEN,2022-06-01
33949188.13,22496767.33,5950835.82,2022,6,22496767.33,23438836.16,22496767.33,1.2246467991473532e-16,-1.0,1.0,ESTADOS UNIDOS DE AMERICA,REPOSADO,2022-06-01
30457345.16,9765691.37,5304599.23,2022,7,22496767.33,23438836.16,19313998.34,-0.4999999999999997,-0.8660254037844388,0.0,ESTADOS UNIDOS DE AMERICA,BLANCO,2022-07-01
30457345.16,9765691.37,4427892.54,2022,7,9765691.37,23438836.16,16131229.35,-0.4999999999999997,-0.8660254037844388,0.0,ESTADOS UNIDOS DE AMERICA,JOVEN,2022-07-01
30457345.16,9765691.37,33199.6,2022,7,9765691.37,11452420.8,12948460.36,-0.4999999999999997,-0.8660254037844388,0.0,ESTADOS UNIDOS DE AMERICA,REPOSADO,2022-07-01
30457345.16,20691653.79,1954603.96,2022,7,9765691.37,11452420.8,12497181.975,-0.4999999999999997,-0.8660254037844388,1.0,ESTADOS UNIDOS DE AMERICA,AÑEJO,2022-07-01
30457345.16,20691653.79,12320158.83,2022,7,20691653.79,11452420.8,15228672.58,-0.4999999999999997,-0.8660254037844388,1.0,ESTADOS UNIDOS DE AMERICA,BLANCO,2022-07-01
30457345.16,20691653.79,152157.07,2022,7,20691653.79,11452420.8,17960163.185000002,-0.4999999999999997,-0.8660254037844388,1.0,ESTADOS UNIDOS DE AMERICA,EXTRA AÑEJO,2022-07-01
30457345.16,20691653.79,82399.01,2022,7,20691653.79,11452420.8,20691653.79,-0.4999999999999997,-0.8660254037844388,1.0,ESTADOS UNIDOS DE AMERICA,JOVEN,2022-07-01
30457345.16,20691653.79,6182334.92,2022,7,20691653.79,22496767.33,20691653.79,-0.4999999999999997,-0.8660254037844388,1.0,ESTADOS UNIDOS DE AMERICA,REPOSADO,2022-07-01
32623857.69,10648850.9,11812.5,2022,8,20691653.79,22496767.33,18180953.0675,-0.8660254037844385,-0.5000000000000004,0.0,ESTADOS UNIDOS DE AMERICA,AÑEJO,2022-08-01
32623857.69,10648850.9,5141894.2,2022,8,10648850.9,22496767.33,15670252.344999999,-0.8660254037844385,-0.5000000000000004,0.0,ESTADOS UNIDOS DE AMERICA,BLANCO,2022-08-01
32623857.69,10648850.9,5445328.6,2022,8,10648850.9,22496767.33,13159551.6225,-0.8660254037844385,-0.5000000000000004,0.0,ESTADOS UNIDOS DE AMERICA,JOVEN,2022-08-01
32623857.69,10648850.9,49815.6,2022,8,10648850.9,22496767.33,10648850.9,-0.8660254037844385,-0.5000000000000004,0.0,ESTADOS UNIDOS DE AMERICA,REPOSADO,2022-08-01
32623857.69,21975006.79,2382776.64,2022,8,10648850.9,9765691.37,13480389.8725,-0.8660254037844385,-0.5000000000000004,1.0,ESTADOS UNIDOS DE AMERICA,AÑEJO,2022-08-01
32623857.69,21975006.79,13457746.88,2022,8,21975006.79,9765691.37,16311928.845,-0.8660254037844385,-0.5000000000000004,1.0,ESTADOS UNIDOS DE AMERICA,BLANCO,2022-08-01
32623857.69,21975006.79,109772.48,2022,8,21975006.79,9765691.37,19143467.8175,-0.8660254037844385,-0.5000000000000004,1.0,ESTADOS UNIDOS DE AMERICA,EXTRA AÑEJO,2022-08-01
32623857.69,21975006.79,86538.44,2022,8,21975006.79,20691653.79,21975006.79,-0.8660254037844385,-0.5000000000000004,1.0,ESTADOS UNIDOS DE AMERICA,JOVEN,2022-08-01
32623857.69,21975006.79,5938172.35,2022,8,21975006.79,20691653.79,21975006.79,-0.8660254037844385,-0.5000000000000004,1.0,ESTADOS UNIDOS DE AMERICA,REPOSADO,2022-08-01
26458886.32,7611039.07,4195381.76,2022,9,21975006.79,20691653.79,18384014.86,-1.0,-1.8369701987210297e-16,0.0,ESTADOS UNIDOS DE AMERICA,BLANCO,2022-09-01
26458886.32,7611039.07,198.0,2022,9,7611039.07,20691653.79,14793022.93,-1.0,-1.8369701987210297e-16,0.0,ESTADOS UNIDOS DE AMERICA,EXTRA AÑEJO,2022-09-01
26458886.32,7611039.07,3376606.96,2022,9,7611039.07,20691653.79,11202031.0,-1.0,-1.8369701987210297e-16,0.0,ESTADOS UNIDOS DE AMERICA,JOVEN,2022-09-01
26458886.32,7611039.07,38852.35,2022,9,7611039.07,10648850.9,7611039.07,-1.0,-1.8369701987210297e-16,0.0,ESTADOS UNIDOS DE AMERICA,REPOSADO,2022-09-01
26458886.32,18847847.25,2292717.56,2022,9,7611039.07,10648850.9,10420241.115,-1.0,-1.8369701987210297e-16,1.0,ESTADOS UNIDOS DE AMERICA,AÑEJO,2022-09-01
26458886.32,18847847.25,11700673.31,2022,9,18847847.25,10648850.9,13229443.16,-1.0,-1.8369701987210297e-16,1.0,ESTADOS UNIDOS DE AMERICA,BLANCO,2022-09-01
26458886.32,18847847.25,138885.49,2022,9,18847847.25,10648850.9,16038645.205,-1.0,-1.8369701987210297e-16,1.0,ESTADOS UNIDOS DE AMERICA,EXTRA AÑEJO,2022-09-01
26458886.32,18847847.25,48983.25,2022,9,18847847.25,21975006.79,18847847.25,-1.0,-1.8369701987210297e-16,1.0,ESTADOS UNIDOS DE AMERICA,JOVEN,2022-09-01
26458886.32,18847847.25,4666587.63,2022,9,18847847.25,21975006.79,18847847.25,-1.0,-1.8369701987210297e-16,1.0,ESTADOS UNIDOS DE AMERICA,REPOSADO,2022-09-01
27236445.45,6383458.53,4500.0,2022,10,18847847.25,21975006.79,15731750.07,-0.8660254037844386,0.5000000000000001,0.0,ESTADOS UNIDOS DE AMERICA,AÑEJO,2022-10-01
27236445.45,6383458.53,3073347.84,2022,10,6383458.53,21975006.79,12615652.89,-0.8660254037844386,0.5000000000000001,0.0,ESTADOS UNIDOS DE AMERICA,BLANCO,2022-10-01
27236445.45,6383458.53,180.0,2022,10,6383458.53,21975006.79,9499555.71,-0.8660254037844386,0.5000000000000001,0.0,ESTADOS UNIDOS DE AMERICA,EXTRA AÑEJO,2022-10-01
27236445.45,6383458.53,3282771.29,2022,10,6383458.53,7611039.07,6383458.53,-0.8660254037844386,0.5000000000000001,0.0,ESTADOS UNIDOS DE AMERICA,JOVEN,2022-10-01
27236445.45,6383458.53,22659.4,2022,10,6383458.53,7611039.07,6383458.53,-0.8660254037844386,0.5000000000000001,0.0,ESTADOS UNIDOS DE AMERICA,REPOSADO,2022-10-01
27236445.45,20852986.93,1676625.4,2022,10,6383458.53,7611039.07,10000840.63,-0.8660254037844386,0.5000000000000001,1.0,ESTADOS UNIDOS DE AMERICA,AÑEJO,2022-10-01
27236445.45,20852986.93,12679364.59,2022,10,20852986.93,7611039.07,13618222.73,-0.8660254037844386,0.5000000000000001,1.0,ESTADOS UNIDOS DE AMERICA,BLANCO,2022-10-01
27236445.45,20852986.93,145558.18,2022,10,20852986.93,18847847.25,17235604.83,-0.8660254037844386,0.5000000000000001,1.0,ESTADOS UNIDOS DE AMERICA,EXTRA AÑEJO,2022-10-01
27236445.45,20852986.93,189074.63,2022,10,20852986.93,18847847.25,20852986.93,-0.8660254037844386,0.5000000000000001,1.0,ESTADOS UNIDOS DE AMERICA,JOVEN,2022-10-01
27236445.45,20852986.93,6162364.13,2022,10,20852986.93,18847847.25,20852986.93,-0.8660254037844386,0.5000000000000001,1.0,ESTADOS UNIDOS DE AMERICA,REPOSADO,2022-10-01
28151456.6,7827366.73,4663997.04,2022,11,20852986.93,18847847.25,17596581.88,-0.5000000000000004,0.8660254037844384,0.0,ESTADOS UNIDOS DE AMERICA,BLANCO,2022-11-01
28151456.6,7827366.73,1422.0,2022,11,7827366.73,18847847.25,14340176.83,-0.5000000000000004,0.8660254037844384,0.0,ESTADOS UNIDOS DE AMERICA,EXTRA AÑEJO,2022-11-01
28151456.6,7827366.73,3106763.29,2022,11,7827366.73,6383458.53,11083771.780000001,-0.5000000000000004,0.8660254037844384,0.0,ESTADOS UNIDOS DE AMERICA,JOVEN,2022-11-01
28151456.6,7827366.73,55184.4,2022,11,7827366.73,6383458.53,7827366.73,-0.5000000000000004,0.8660254037844384,0.0,ESTADOS UNIDOS DE AMERICA,REPOSADO,2022-11-01
28151456.6,20324089.87,1934754.94,2022,11,7827366.73,6383458.53,10951547.515,-0.5000000000000004,0.8660254037844384,1.0,ESTADOS UNIDOS DE AMERICA,AÑEJO,2022-11-01
28151456.6,20324089.87,11829028.83,2022,11,20324089.87,6383458.53,14075728.3,-0.5000000000000004,0.8660254037844384,1.0,ESTADOS UNIDOS DE AMERICA,BLANCO,2022-11-01
28151456.6,20324089.87,115126.69,2022,11,20324089.87,6383458.53,17199909.085,-0.5000000000000004,0.8660254037844384,1.0,ESTADOS UNIDOS DE AMERICA,EXTRA AÑEJO,2022-11-01
28151456.6,20324089.87,31710.0,2022,11,20324089.87,20852986.93,20324089.87,-0.5000000000000004,0.8660254037844384,1.0,ESTADOS UNIDOS DE AMERICA,JOVEN,2022-11-01
28151456.6,20324089.87,6413469.41,2022,11,20324089.87,20852986.93,20324089.87,-0.5000000000000004,0.8660254037844384,1.0,ESTADOS UNIDOS DE AMERICA,REPOSADO,2022-11-01
24109111.35,6857314.9,117.0,2022,12,20324089.87,20852986.93,16957396.1275,-2.4492935982947064e-16,1.0,0.0,ESTADOS UNIDOS DE AMERICA,AÑEJO,2022-12-01
24109111.35,6857314.9,4046282.46,2022,12,6857314.9,20852986.93,13590702.385000002,-2.4492935982947064e-16,1.0,0.0,ESTADOS UNIDOS DE AMERICA,BLANCO,2022-12-01
24109111.35,6857314.9,2770886.64,2022,12,6857314.9,20852986.93,10224008.6425,-2.4492935982947064e-16,1.0,0.0,ESTADOS UNIDOS DE AMERICA,JOVEN,2022-12-01
24109111.35,6857314.9,40028.8,2022,12,6857314.9,7827366.73,6857314.9,-2.4492935982947064e-16,1.0,0.0,ESTADOS UNIDOS DE AMERICA,REPOSADO,2022-12-01
24109111.35,17251796.45,2341520.48,2022,12,6857314.9,7827366.73,9455935.287500001,-2.4492935982947064e-16,1.0,1.0,ESTADOS UNIDOS DE AMERICA,AÑEJO,2022-12-01
24109111.35,17251796.45,9390148.3,2022,12,17251796.45,7827366.73,12054555.675,-2.4492935982947064e-16,1.0,1.0,ESTADOS UNIDOS DE AMERICA,BLANCO,2022-12-01
24109111.35,17251796.45,131617.44,2022,12,17251796.45,7827366.73,14653176.0625,-2.4492935982947064e-16,1.0,1.0,ESTADOS UNIDOS DE AMERICA,EXTRA AÑEJO,2022-12-01
24109111.35,17251796.45,43953.0,2022,12,17251796.45,20324089.87,17251796.45,-2.4492935982947064e-16,1.0,1.0,ESTADOS UNIDOS DE AMERICA,JOVEN,2022-12-01
24109111.35,17251796.45,5344557.24,2022,12,17251796.45,20324089.87,17251796.45,-2.4492935982947064e-16,1.0,1.0,ESTADOS UNIDOS DE AMERICA,REPOSADO,2022-12-01
23319871.76,6304887.63,2607.46,2023,1,17251796.45,20324089.87,14515069.245,0.49999999999999994,0.8660254037844387,0.0,ESTADOS UNIDOS DE AMERICA,AÑEJO,2023-01-01
23319871.76,6304887.63,3961629.53,2023,1,6304887.63,20324089.87,11778342.04,0.49999999999999994,0.8660254037844387,0.0,ESTADOS UNIDOS DE AMERICA,BLANCO,2023-01-01
23319871.76,6304887.63,388.22,2023,1,6304887.63,20324089.87,9041614.834999999,0.49999999999999994,0.8660254037844387,0.0,ESTADOS UNIDOS DE AMERICA,EXTRA AÑEJO,2023-01-01
23319871.76,6304887.63,2253466.44,2023,1,6304887.63,6857314.9,6304887.63,0.49999999999999994,0.8660254037844387,0.0,ESTADOS UNIDOS DE AMERICA,JOVEN,2023-01-01
23319871.76,6304887.63,86795.99,2023,1,6304887.63,6857314.9,6304887.63,0.49999999999999994,0.8660254037844387,0.0,ESTADOS UNIDOS DE AMERICA,REPOSADO,2023-01-01
23319871.76,17014984.13,1700912.73,2023,1,6304887.63,6857314.9,8982411.754999999,0.49999999999999994,0.8660254037844387,1.0,ESTADOS UNIDOS DE AMERICA,AÑEJO,2023-01-01
23319871.76,17014984.13,9637781.39,2023,1,17014984.13,6857314.9,11659935.879999999,0.49999999999999994,0.8660254037844387,1.0,ESTADOS UNIDOS DE AMERICA,BLANCO,2023-01-01
23319871.76,17014984.13,54815.7,2023,1,17014984.13,17251796.45,14337460.004999999,0.49999999999999994,0.8660254037844387,1.0,ESTADOS UNIDOS DE AMERICA,EXTRA AÑEJO,2023-01-01
23319871.76,17014984.13,65730.0,2023,1,17014984.13,17251796.45,17014984.13,0.49999999999999994,0.8660254037844387,1.0,ESTADOS UNIDOS DE AMERICA,JOVEN,2023-01-01
23319871.76,17014984.13,5555744.31,2023,1,17014984.13,17251796.45,17014984.13,0.49999999999999994,0.8660254037844387,1.0,ESTADOS UNIDOS DE AMERICA,REPOSADO,2023-01-01
23931361.14,6301638.75,411.55,2023,2,17014984.13,17251796.45,14336647.785,0.8660254037844386,0.5000000000000001,0.0,ESTADOS UNIDOS DE AMERICA,AÑEJO,2023-02-01
23931361.14,6301638.75,3742326.44,2023,2,6301638.75,17251796.45,11658311.440000001,0.8660254037844386,0.5000000000000001,0.0,ESTADOS UNIDOS DE AMERICA,BLANCO,2023-02-01
23931361.14,6301638.75,270.0,2023,2,6301638.75,6304887.63,8979975.094999999,0.8660254037844386,0.5000000000000001,0.0,ESTADOS UNIDOS DE AMERICA,EXTRA AÑEJO,2023-02-01
23931361.14,6301638.75,2520900.81,2023,2,6301638.75,6304887.63,6301638.75,0.8660254037844386,0.5000000000000001,0.0,ESTADOS UNIDOS DE AMERICA,JOVEN,2023-02-01
23931361.14,6301638.75,37729.95,2023,2,6301638.75,6304887.63,6301638.75,0.8660254037844386,0.5000000000000001,0.0,ESTADOS UNIDOS DE AMERICA,REPOSADO,2023-02-01
23931361.14,17629722.39,1581563.69,2023,2,6301638.75,6304887.63,9133659.66,0.8660254037844386,0.5000000000000001,1.0,ESTADOS UNIDOS DE AMERICA,AÑEJO,2023-02-01
23931361.14,17629722.39,10335595.44,2023,2,17629722.39,6304887.63,11965680.57,0.8660254037844386,0.5000000000000001,1.0,ESTADOS UNIDOS DE AMERICA,BLANCO,2023-02-01
23931361.14,17629722.39,55551.19,2023,2,17629722.39,17014984.13,14797701.48,0.8660254037844386,0.5000000000000001,1.0,ESTADOS UNIDOS DE AMERICA,EXTRA AÑEJO,2023-02-01
23931361.14,17629722.39,78217.5,2023,2,17629722.39,17014984.13,17629722.39,0.8660254037844386,0.5000000000000001,1.0,ESTADOS UNIDOS DE AMERICA,JOVEN,2023-02-01
23931361.14,17629722.39,5578794.57,2023,2,17629722.39,17014984.13,17629722.39,0.8660254037844386,0.5000000000000001,1.0,ESTADOS UNIDOS DE AMERICA,REPOSADO,2023-02-01
29461737.33,7920755.8,4236179.87,2023,3,17629722.39,17014984.13,15202480.7425,1.0,6.123233995736766e-17,0.0,ESTADOS UNIDOS DE AMERICA,BLANCO,2023-03-01
29461737.33,7920755.8,541.13,2023,3,7920755.8,17014984.13,12775239.095,1.0,6.123233995736766e-17,0.0,ESTADOS UNIDOS DE AMERICA,EXTRA AÑEJO,2023-03-01
29461737.33,7920755.8,3659374.8,2023,3,7920755.8,6301638.75,10347997.4475,1.0,6.123233995736766e-17,0.0,ESTADOS UNIDOS DE AMERICA,JOVEN,2023-03-01
29461737.33,7920755.8,24660.0,2023,3,7920755.8,6301638.75,7920755.8,1.0,6.123233995736766e-17,0.0,ESTADOS UNIDOS DE AMERICA,REPOSADO,2023-03-01
29461737.33,21540981.53,1929041.95,2023,3,7920755.8,6301638.75,11325812.2325,1.0,6.123233995736766e-17,1.0,ESTADOS UNIDOS DE AMERICA,AÑEJO,2023-03-01
29461737.33,21540981.53,12183436.87,2023,3,21540981.53,6301638.75,14730868.665000001,1.0,6.123233995736766e-17,1.0,ESTADOS UNIDOS DE AMERICA,BLANCO,2023-03-01
29461737.33,21540981.53,70919.22,2023,3,21540981.53,6301638.75,18135925.0975,1.0,6.123233995736766e-17,1.0,ESTADOS UNIDOS DE AMERICA,EXTRA AÑEJO,2023-03-01
29461737.33,21540981.53,77959.8,2023,3,21540981.53,17629722.39,21540981.53,1.0,6.123233995736766e-17,1.0,ESTADOS UNIDOS DE AMERICA,JOVEN,2023-03-01
29461737.33,21540981.53,7279623.7,2023,3,21540981.53,17629722.39,21540981.53,1.0,6.123233995736766e-17,1.0,ESTADOS UNIDOS DE AMERICA,REPOSADO,2023-03-01
27139930.5,7823496.58,4456637.42,2023,4,21540981.53,17629722.39,18111610.2925,0.8660254037844387,-0.4999999999999998,0.0,ESTADOS UNIDOS DE AMERICA,BLANCO,2023-04-01
27139930.5,7823496.58,360.0,2023,4,7823496.58,17629722.39,14682239.055,0.8660254037844387,-0.4999999999999998,0.0,ESTADOS UNIDOS DE AMERICA,EXTRA AÑEJO,2023-04-01
27139930.5,7823496.58,3340984.16,2023,4,7823496.58,17629722.39,11252867.8175,0.8660254037844387,-0.4999999999999998,0.0,ESTADOS UNIDOS DE AMERICA,JOVEN,2023-04-01
27139930.5,7823496.58,25515.0,2023,4,7823496.58,7920755.8,7823496.58,0.8660254037844387,-0.4999999999999998,0.0,ESTADOS UNIDOS DE AMERICA,REPOSADO,2023-04-01
27139930.5,19316433.93,1671324.87,2023,4,7823496.58,7920755.8,10696730.9175,0.8660254037844387,-0.4999999999999998,1.0,ESTADOS UNIDOS DE AMERICA,AÑEJO,2023-04-01
27139930.5,19316433.93,10789272.26,2023,4,19316433.93,7920755.8,13569965.255,0.8660254037844387,-0.4999999999999998,1.0,ESTADOS UNIDOS DE AMERICA,BLANCO,2023-04-01
27139930.5,19316433.93,49084.95,2023,4,19316433.93,7920755.8,16443199.5925,0.8660254037844387,-0.4999999999999998,1.0,ESTADOS UNIDOS DE AMERICA,EXTRA AÑEJO,2023-04-01
27139930.5,19316433.93,21168.0,2023,4,19316433.93,21540981.53,19316433.93,0.8660254037844387,-0.4999999999999998,1.0,ESTADOS UNIDOS DE AMERICA,JOVEN,2023-04-01
27139930.5,19316433.93,6785583.84,2023,4,19316433.93,21540981.53,19316433.93,0.8660254037844387,-0.4999999999999998,1.0,ESTADOS UNIDOS DE AMERICA,REPOSADO,2023-04-01
32232378.82,8658406.27,3945.25,2023,5,19316433.93,21540981.53,16651927.015,0.49999999999999994,-0.8660254037844387,0.0,ESTADOS UNIDOS DE AMERICA,AÑEJO,2023-05-01
32232378.82,8658406.27,4913213.96,2023,5,8658406.27,21540981.53,13987420.1,0.49999999999999994,-0.8660254037844387,0.0,ESTADOS UNIDOS DE AMERICA,BLANCO,2023-05-01
32232378.82,8658406.27,720.0,2023,5,8658406.27,21540981.53,11322913.184999999,0.49999999999999994,-0.8660254037844387,0.0,ESTADOS UNIDOS DE AMERICA,EXTRA AÑEJO,2023-05-01
32232378.82,8658406.27,3700145.66,2023,5,8658406.27,7823496.58,8658406.27,0.49999999999999994,-0.8660254037844387,0.0,ESTADOS UNIDOS DE AMERICA,JOVEN,2023-05-01
32232378.82,8658406.27,40381.4,2023,5,8658406.27,7823496.58,8658406.27,0.49999999999999994,-0.8660254037844387,0.0,ESTADOS UNIDOS DE AMERICA,REPOSADO,2023-05-01
32232378.82,23573972.55,1626544.53,2023,5,8658406.27,7823496.58,12387297.84,0.49999999999999994,-0.8660254037844387,1.0,ESTADOS UNIDOS DE AMERICA,AÑEJO,2023-05-01
32232378.82,23573972.55,14013187.67,2023,5,23573972.55,7823496.58,16116189.41,0.49999999999999994,-0.8660254037844387,1.0,ESTADOS UNIDOS DE AMERICA,BLANCO,2023-05-01
32232378.82,23573972.55,84005.33,2023,5,23573972.55,19316433.93,19845080.98,0.49999999999999994,-0.8660254037844387,1.0,ESTADOS UNIDOS DE AMERICA,EXTRA AÑEJO,2023-05-01
32232378.82,23573972.55,62837.93,2023,5,23573972.55,19316433.93,23573972.55,0.49999999999999994,-0.8660254037844387,1.0,ESTADOS UNIDOS DE AMERICA,JOVEN,2023-05-01
32232378.82,23573972.55,7787397.11,2023,5,23573972.55,19316433.93,23573972.55,0.49999999999999994,-0.8660254037844387,1.0,ESTADOS UNIDOS DE AMERICA,REPOSADO,2023-05-01
29391856.67,9166480.63,4589557.77,2023,6,23573972.55,19316433.93,19972099.57,1.2246467991473532e-16,-1.0,0.0,ESTADOS UNIDOS DE AMERICA,BLANCO,2023-06-01
29391856.67,9166480.63,405.0,2023,6,9166480.63,19316433.93,16370226.59,1.2246467991473532e-16,-1.0,0.0,ESTADOS UNIDOS DE AMERICA,EXTRA AÑEJO,2023-06-01
29391856.67,9166480.63,4556081.86,2023,6,9166480.63,8658406.27,12768353.610000001,1.2246467991473532e-16,-1.0,0.0,ESTADOS UNIDOS DE AMERICA,JOVEN,2023-06-01
29391856.67,9166480.63,20436.0,2023,6,9166480.63,8658406.27,9166480.63,1.2246467991473532e-16,-1.0,0.0,ESTADOS UNIDOS DE AMERICA,REPOSADO,2023-06-01
29391856.67,20225376.04,1441422.78,2023,6,9166480.63,8658406.27,11931204.4825,1.2246467991473532e-16,-1.0,1.0,ESTADOS UNIDOS DE AMERICA,AÑEJO,2023-06-01
29391856.67,20225376.04,12293647.26,2023,6,20225376.04,8658406.27,14695928.334999999,1.2246467991473532e-16,-1.0,1.0,ESTADOS UNIDOS DE AMERICA,BLANCO,2023-06-01
29391856.67,20225376.04,98142.96,2023,6,20225376.04,8658406.27,17460652.1875,1.2246467991473532e-16,-1.0,1.0,ESTADOS UNIDOS DE AMERICA,EXTRA AÑEJO,2023-06-01
29391856.67,20225376.04,96989.0,2023,6,20225376.04,23573972.55,20225376.04,1.2246467991473532e-16,-1.0,1.0,ESTADOS UNIDOS DE AMERICA,JOVEN,2023-06-01
29391856.67,20225376.04,6295174.04,2023,6,20225376.04,23573972.55,20225376.04,1.2246467991473532e-16,-1.0,1.0,ESTADOS UNIDOS DE AMERICA,REPOSADO,2023-06-01
25738157.03,7260156.35,4320127.5,2023,7,20225376.04,23573972.55,16984071.1175,-0.4999999999999997,-0.8660254037844388,0.0,ESTADOS UNIDOS DE AMERICA,BLANCO,2023-07-01
25738157.03,7260156.35,720.0,2023,7,7260156.35,23573972.55,13742766.195,-0.4999999999999997,-0.8660254037844388,0.0,ESTADOS UNIDOS DE AMERICA,EXTRA AÑEJO,2023-07-01
25738157.03,7260156.35,2891229.34,2023,7,7260156.35,23573972.55,10501461.272499999,-0.4999999999999997,-0.8660254037844388,0.0,ESTADOS UNIDOS DE AMERICA,JOVEN,2023-07-01
25738157.03,7260156.35,48079.5,2023,7,7260156.35,9166480.63,7260156.35,-0.4999999999999997,-0.8660254037844388,0.0,ESTADOS UNIDOS DE AMERICA,REPOSADO,2023-07-01
25738157.03,18478000.68,1515872.77,2023,7,7260156.35,9166480.63,10064617.4325,-0.4999999999999997,-0.8660254037844388,1.0,ESTADOS UNIDOS DE AMERICA,AÑEJO,2023-07-01
25738157.03,18478000.68,11186688.25,2023,7,18478000.68,9166480.63,12869078.515,-0.4999999999999997,-0.8660254037844388,1.0,ESTADOS UNIDOS DE AMERICA,BLANCO,2023-07-01
25738157.03,18478000.68,76641.34,2023,7,18478000.68,9166480.63,15673539.5975,-0.4999999999999997,-0.8660254037844388,1.0,ESTADOS UNIDOS DE AMERICA,EXTRA AÑEJO,2023-07-01
25738157.03,18478000.68,80131.5,2023,7,18478000.68,20225376.04,18478000.68,-0.4999999999999997,-0.8660254037844388,1.0,ESTADOS UNIDOS DE AMERICA,JOVEN,2023-07-01
25738157.03,18478000.68,5618666.83,2023,7,18478000.68,20225376.04,18478000.68,-0.4999999999999997,-0.8660254037844388,1.0,ESTADOS UNIDOS DE AMERICA,REPOSADO,2023-07-01
27171438.26,5650580.11,3150767.89,2023,8,18478000.68,20225376.04,15271145.537500001,-0.8660254037844385,-0.5000000000000004,0.0,ESTADOS UNIDOS DE AMERICA,BLANCO,2023-08-01
27171438.26,5650580.11,765.0,2023,8,5650580.11,20225376.04,12064290.395,-0.8660254037844385,-0.5000000000000004,0.0,ESTADOS UNIDOS DE AMERICA,EXTRA AÑEJO,2023-08-01
27171438.26,5650580.11,2484088.22,2023,8,5650580.11,20225376.04,8857435.2525,-0.8660254037844385,-0.5000000000000004,0.0,ESTADOS UNIDOS DE AMERICA,JOVEN,2023-08-01
27171438.26,5650580.11,14959.0,2023,8,5650580.11,7260156.35,5650580.11,-0.8660254037844385,-0.5000000000000004,0.0,ESTADOS UNIDOS DE AMERICA,REPOSADO,2023-08-01
27171438.26,21520858.15,1260522.11,2023,8,5650580.11,7260156.35,9618149.620000001,-0.8660254037844385,-0.5000000000000004,1.0,ESTADOS UNIDOS DE AMERICA,AÑEJO,2023-08-01
27171438.26,21520858.15,12742442.7,2023,8,21520858.15,7260156.35,13585719.129999999,-0.8660254037844385,-0.5000000000000004,1.0,ESTADOS UNIDOS DE AMERICA,BLANCO,2023-08-01
27171438.26,21520858.15,84881.1,2023,8,21520858.15,7260156.35,17553288.64,-0.8660254037844385,-0.5000000000000004,1.0,ESTADOS UNIDOS DE AMERICA,EXTRA AÑEJO,2023-08-01
27171438.26,21520858.15,67596.0,2023,8,21520858.15,18478000.68,21520858.15,-0.8660254037844385,-0.5000000000000004,1.0,ESTADOS UNIDOS DE AMERICA,JOVEN,2023-08-01
27171438.26,21520858.15,7365416.24,2023,8,21520858.15,18478000.68,21520858.15,-0.8660254037844385,-0.5000000000000004,1.0,ESTADOS UNIDOS DE AMERICA,REPOSADO,2023-08-01
25033647.21,7320796.78,4098698.23,2023,9,21520858.15,18478000.68,17970842.8075,-1.0,-1.8369701987210297e-16,0.0,ESTADOS UNIDOS DE AMERICA,BLANCO,2023-09-01
25033647.21,7320796.78,360.0,2023,9,7320796.78,18478000.68,14420827.464999998,-1.0,-1.8369701987210297e-16,0.0,ESTADOS UNIDOS DE AMERICA,EXTRA AÑEJO,2023-09-01
25033647.21,7320796.78,3164369.55,2023,9,7320796.78,18478000.68,10870812.122499999,-1.0,-1.8369701987210297e-16,0.0,ESTADOS UNIDOS DE AMERICA,JOVEN,2023-09-01
25033647.21,7320796.78,57369.0,2023,9,7320796.78,5650580.11,7320796.78,-1.0,-1.8369701987210297e-16,0.0,ESTADOS UNIDOS DE AMERICA,REPOSADO,2023-09-01
25033647.21,17712850.43,1144659.26,2023,9,7320796.78,5650580.11,9918810.192499999,-1.0,-1.8369701987210297e-16,1.0,ESTADOS UNIDOS DE AMERICA,AÑEJO,2023-09-01
25033647.21,17712850.43,10169208.2,2023,9,17712850.43,5650580.11,12516823.605,-1.0,-1.8369701987210297e-16,1.0,ESTADOS UNIDOS DE AMERICA,BLANCO,2023-09-01
25033647.21,17712850.43,69326.67,2023,9,17712850.43,5650580.11,15114837.017499998,-1.0,-1.8369701987210297e-16,1.0,ESTADOS UNIDOS DE AMERICA,EXTRA AÑEJO,2023-09-01
25033647.21,17712850.43,34171.5,2023,9,17712850.43,21520858.15,17712850.43,-1.0,-1.8369701987210297e-16,1.0,ESTADOS UNIDOS DE AMERICA,JOVEN,2023-09-01
25033647.21,17712850.43,6295484.8,2023,9,17712850.43,21520858.15,17712850.43,-1.0,-1.8369701987210297e-16,1.0,ESTADOS UNIDOS DE AMERICA,REPOSADO,2023-09-01
29445517.44,7210276.13,4069910.1,2023,10,17712850.43,21520858.15,15087206.854999999,-0.8660254037844386,0.5000000000000001,0.0,ESTADOS UNIDOS DE AMERICA,BLANCO,2023-10-01
29445517.44,7210276.13,540.0,2023,10,7210276.13,21520858.15,12461563.28,-0.8660254037844386,0.5000000000000001,0.0,ESTADOS UNIDOS DE AMERICA,EXTRA AÑEJO,2023-10-01
29445517.44,7210276.13,3098819.02,2023,10,7210276.13,21520858.15,9835919.705,-0.8660254037844386,0.5000000000000001,0.0,ESTADOS UNIDOS DE AMERICA,JOVEN,2023-10-01
29445517.44,7210276.13,41007.0,2023,10,7210276.13,7320796.78,7210276.13,-0.8660254037844386,0.5000000000000001,0.0,ESTADOS UNIDOS DE AMERICA,REPOSADO,2023-10-01
29445517.44,22235241.32,1363623.81,2023,10,7210276.13,7320796.78,10966517.4275,-0.8660254037844386,0.5000000000000001,1.0,ESTADOS UNIDOS DE AMERICA,AÑEJO,2023-10-01
29445517.44,22235241.32,13282614.75,2023,10,22235241.32,7320796.78,14722758.725,-0.8660254037844386,0.5000000000000001,1.0,ESTADOS UNIDOS DE AMERICA,BLANCO,2023-10-01
29445517.44,22235241.32,50883.16,2023,10,22235241.32,7320796.78,18479000.0225,-0.8660254037844386,0.5000000000000001,1.0,ESTADOS UNIDOS DE AMERICA,EXTRA AÑEJO,2023-10-01
29445517.44,22235241.32,30267.0,2023,10,22235241.32,17712850.43,22235241.32,-0.8660254037844386,0.5000000000000001,1.0,ESTADOS UNIDOS DE AMERICA,JOVEN,2023-10-01
29445517.44,22235241.32,7507852.6,2023,10,22235241.32,17712850.43,22235241.32,-0.8660254037844386,0.5000000000000001,1.0,ESTADOS UNIDOS DE AMERICA,REPOSADO,2023-10-01
27040387.71,6369636.16,3749718.8,2023,11,22235241.32,17712850.43,18268840.03,-0.5000000000000004,0.8660254037844384,0.0,ESTADOS UNIDOS DE AMERICA,BLANCO,2023-11-01
27040387.71,6369636.16,568.8,2023,11,6369636.16,17712850.43,14302438.74,-0.5000000000000004,0.8660254037844384,0.0,ESTADOS UNIDOS DE AMERICA,EXTRA AÑEJO,2023-11-01
27040387.71,6369636.16,2586877.6,2023,11,6369636.16,17712850.43,10336037.45,-0.5000000000000004,0.8660254037844384,0.0,ESTADOS UNIDOS DE AMERICA,JOVEN,2023-11-01
27040387.71,6369636.16,32470.96,2023,11,6369636.16,7210276.13,6369636.16,-0.5000000000000004,0.8660254037844384,0.0,ESTADOS UNIDOS DE AMERICA,REPOSADO,2023-11-01
27040387.71,20670751.55,1309614.86,2023,11,6369636.16,7210276.13,9944915.0075,-0.5000000000000004,0.8660254037844384,1.0,ESTADOS UNIDOS DE AMERICA,AÑEJO,2023-11-01
27040387.71,20670751.55,12396058.25,2023,11,20670751.55,7210276.13,13520193.855,-0.5000000000000004,0.8660254037844384,1.0,ESTADOS UNIDOS DE AMERICA,BLANCO,2023-11-01
27040387.71,20670751.55,50146.5,2023,11,20670751.55,7210276.13,17095472.7025,-0.5000000000000004,0.8660254037844384,1.0,ESTADOS UNIDOS DE AMERICA,EXTRA AÑEJO,2023-11-01
27040387.71,20670751.55,62970.9,2023,11,20670751.55,22235241.32,20670751.55,-0.5000000000000004,0.8660254037844384,1.0,ESTADOS UNIDOS DE AMERICA,JOVEN,2023-11-01
27040387.71,20670751.55,6851961.04,2023,11,20670751.55,22235241.32,20670751.55,-0.5000000000000004,0.8660254037844384,1.0,ESTADOS UNIDOS DE AMERICA,REPOSADO,2023-11-01
21644681.19,7285464.53,4055906.86,2023,12,20670751.55,22235241.32,17324429.795,-2.4492935982947064e-16,1.0,0.0,ESTADOS UNIDOS DE AMERICA,BLANCO,2023-12-01
21644681.19,7285464.53,3208497.43,2023,12,7285464.53,22235241.32,13978108.040000001,-2.4492935982947064e-16,1.0,0.0,ESTADOS UNIDOS DE AMERICA,JOVEN,2023-12-01
21644681.19,7285464.53,21060.24,2023,12,7285464.53,22235241.32,10631786.285,-2.4492935982947064e-16,1.0,0.0,ESTADOS UNIDOS DE AMERICA,REPOSADO,2023-12-01
21644681.19,14359216.66,728062.82,2023,12,7285464.53,6369636.16,9053902.5625,-2.4492935982947064e-16,1.0,1.0,ESTADOS UNIDOS DE AMERICA,AÑEJO,2023-12-01
21644681.19,14359216.66,8750989.3,2023,12,14359216.66,6369636.16,10822340.594999999,-2.4492935982947064e-16,1.0,1.0,ESTADOS UNIDOS DE AMERICA,BLANCO,2023-12-01
21644681.19,14359216.66,39464.41,2023,12,14359216.66,6369636.16,12590778.6275,-2.4492935982947064e-16,1.0,1.0,ESTADOS UNIDOS DE AMERICA,EXTRA AÑEJO,2023-12-01
21644681.19,14359216.66,130841.3,2023,12,14359216.66,6369636.16,14359216.66,-2.4492935982947064e-16,1.0,1.0,ESTADOS UNIDOS DE AMERICA,JOVEN,2023-12-01
21644681.19,14359216.66,4709858.83,2023,12,14359216.66,20670751.55,14359216.66,-2.4492935982947064e-16,1.0,1.0,ESTADOS UNIDOS DE AMERICA,REPOSADO,2023-12-01
23773970.56,6928153.48,3923157.17,2024,1,14359216.66,20670751.55,12501450.865000002,0.49999999999999994,0.8660254037844387,0.0,ESTADOS UNIDOS DE AMERICA,BLANCO,2024-01-01
23773970.56,6928153.48,2982492.18,2024,1,6928153.48,20670751.55,10643685.07,0.49999999999999994,0.8660254037844387,0.0,ESTADOS UNIDOS DE AMERICA,JOVEN,2024-01-01
23773970.56,6928153.48,22504.13,2024,1,6928153.48,20670751.55,8785919.275,0.49999999999999994,0.8660254037844387,0.0,ESTADOS UNIDOS DE AMERICA,REPOSADO,2024-01-01
23773970.56,16845817.08,1102178.94,2024,1,6928153.48,20670751.55,9407569.379999999,0.49999999999999994,0.8660254037844387,1.0,ESTADOS UNIDOS DE AMERICA,AÑEJO,2024-01-01
23773970.56,16845817.08,9930623.79,2024,1,16845817.08,7285464.53,11886985.28,0.49999999999999994,0.8660254037844387,1.0,ESTADOS UNIDOS DE AMERICA,BLANCO,2024-01-01
23773970.56,16845817.08,52428.54,2024,1,16845817.08,7285464.53,14366401.18,0.49999999999999994,0.8660254037844387,1.0,ESTADOS UNIDOS DE AMERICA,EXTRA AÑEJO,2024-01-01
23773970.56,16845817.08,129810.0,2024,1,16845817.08,7285464.53,16845817.08,0.49999999999999994,0.8660254037844387,1.0,ESTADOS UNIDOS DE AMERICA,JOVEN,2024-01-01
23773970.56,16845817.08,5630775.82,2024,1,16845817.08,14359216.66,16845817.08,0.49999999999999994,0.8660254037844387,1.0,ESTADOS UNIDOS DE AMERICA,REPOSADO,2024-01-01
26097641.5,7114249.8,3447258.23,2024,2,16845817.08,14359216.66,14412925.259999998,0.8660254037844386,0.5000000000000001,0.0,ESTADOS UNIDOS DE AMERICA,BLANCO,2024-02-01
26097641.5,7114249.8,3626653.57,2024,2,7114249.8,14359216.66,11980033.44,0.8660254037844386,0.5000000000000001,0.0,ESTADOS UNIDOS DE AMERICA,JOVEN,2024-02-01
26097641.5,7114249.8,40338.0,2024,2,7114249.8,14359216.66,9547141.62,0.8660254037844386,0.5000000000000001,0.0,ESTADOS UNIDOS DE AMERICA,REPOSADO,2024-02-01
26097641.5,18983391.7,1646096.78,2024,2,7114249.8,14359216.66,10081535.274999999,0.8660254037844386,0.5000000000000001,1.0,ESTADOS UNIDOS DE AMERICA,AÑEJO,2024-02-01
26097641.5,18983391.7,10326290.56,2024,2,18983391.7,6928153.48,13048820.75,0.8660254037844386,0.5000000000000001,1.0,ESTADOS UNIDOS DE AMERICA,BLANCO,2024-02-01
26097641.5,18983391.7,73532.63,2024,2,18983391.7,6928153.48,16016106.225,0.8660254037844386,0.5000000000000001,1.0,ESTADOS UNIDOS DE AMERICA,EXTRA AÑEJO,2024-02-01
26097641.5,18983391.7,123572.5,2024,2,18983391.7,6928153.48,18983391.7,0.8660254037844386,0.5000000000000001,1.0,ESTADOS UNIDOS DE AMERICA,JOVEN,2024-02-01
26097641.5,18983391.7,6813899.24,2024,2,18983391.7,16845817.08,18983391.7,0.8660254037844386,0.5000000000000001,1.0,ESTADOS UNIDOS DE AMERICA,REPOSADO,2024-02-01
25814984.56,7992051.72,4040626.14,2024,3,18983391.7,16845817.08,16235556.704999998,1.0,6.123233995736766e-17,0.0,ESTADOS UNIDOS DE AMERICA,BLANCO,2024-03-01
25814984.56,7992051.72,3902643.16,2024,3,7992051.72,16845817.08,13487721.709999999,1.0,6.123233995736766e-17,0.0,ESTADOS UNIDOS DE AMERICA,JOVEN,2024-03-01
25814984.56,7992051.72,48782.42,2024,3,7992051.72,16845817.08,10739886.715,1.0,6.123233995736766e-17,0.0,ESTADOS UNIDOS DE AMERICA,REPOSADO,2024-03-01
25814984.56,17822932.84,1105512.19,2024,3,7992051.72,16845817.08,10449772.0,1.0,6.123233995736766e-17,1.0,ESTADOS UNIDOS DE AMERICA,AÑEJO,2024-03-01
25814984.56,17822932.84,9900022.67,2024,3,17822932.84,7114249.8,12907492.280000001,1.0,6.123233995736766e-17,1.0,ESTADOS UNIDOS DE AMERICA,BLANCO,2024-03-01
25814984.56,17822932.84,39277.46,2024,3,17822932.84,7114249.8,15365212.56,1.0,6.123233995736766e-17,1.0,ESTADOS UNIDOS DE AMERICA,EXTRA AÑEJO,2024-03-01
25814984.56,17822932.84,87612.25,2024,3,17822932.84,7114249.8,17822932.84,1.0,6.123233995736766e-17,1.0,ESTADOS UNIDOS DE AMERICA,JOVEN,2024-03-01
25814984.56,17822932.84,6690508.27,2024,3,17822932.84,18983391.7,17822932.84,1.0,6.123233995736766e-17,1.0,ESTADOS UNIDOS DE AMERICA,REPOSADO,2024-03-01
31826207.76,8935632.51,4518025.34,2024,4,17822932.84,18983391.7,15601107.757499998,0.8660254037844387,-0.4999999999999998,0.0,ESTADOS UNIDOS DE AMERICA,BLANCO,2024-04-01
31826207.76,8935632.51,4381746.15,2024,4,8935632.51,18983391.7,13379282.675,0.8660254037844387,-0.4999999999999998,0.0,ESTADOS UNIDOS DE AMERICA,JOVEN,2024-04-01
31826207.76,8935632.51,35861.02,2024,4,8935632.51,18983391.7,11157457.5925,0.8660254037844387,-0.4999999999999998,0.0,ESTADOS UNIDOS DE AMERICA,REPOSADO,2024-04-01
31826207.76,22890575.25,1571732.36,2024,4,8935632.51,18983391.7,12424368.195,0.8660254037844387,-0.4999999999999998,1.0,ESTADOS UNIDOS DE AMERICA,AÑEJO,2024-04-01
31826207.76,22890575.25,12918078.59,2024,4,22890575.25,7992051.72,15913103.88,0.8660254037844387,-0.4999999999999998,1.0,ESTADOS UNIDOS DE AMERICA,BLANCO,2024-04-01
31826207.76,22890575.25,67193.29,2024,4,22890575.25,7992051.72,19401839.565,0.8660254037844387,-0.4999999999999998,1.0,ESTADOS UNIDOS DE AMERICA,EXTRA AÑEJO,2024-04-01
31826207.76,22890575.25,66268.24,2024,4,22890575.25,7992051.72,22890575.25,0.8660254037844387,-0.4999999999999998,1.0,ESTADOS UNIDOS DE AMERICA,JOVEN,2024-04-01
31826207.76,22890575.25,8267302.78,2024,4,22890575.25,17822932.84,22890575.25,0.8660254037844387,-0.4999999999999998,1.0,ESTADOS UNIDOS DE AMERICA,REPOSADO,2024-04-01
30840957.66,7523732.97,4227527.52,2024,5,22890575.25,17822932.84,19048864.68,0.49999999999999994,-0.8660254037844387,0.0,ESTADOS UNIDOS DE AMERICA,BLANCO,2024-05-01
30840957.66,7523732.97,3236975.29,2024,5,7523732.97,17822932.84,15207154.11,0.49999999999999994,-0.8660254037844387,0.0,ESTADOS UNIDOS DE AMERICA,JOVEN,2024-05-01
30840957.66,7523732.97,59230.16,2024,5,7523732.97,17822932.84,11365443.54,0.49999999999999994,-0.8660254037844387,0.0,ESTADOS UNIDOS DE AMERICA,REPOSADO,2024-05-01
30840957.66,23317224.69,1741362.01,2024,5,7523732.97,17822932.84,11472105.9,0.49999999999999994,-0.8660254037844387,1.0,ESTADOS UNIDOS DE AMERICA,AÑEJO,2024-05-01
30840957.66,23317224.69,12711094.47,2024,5,23317224.69,8935632.51,15420478.830000002,0.49999999999999994,-0.8660254037844387,1.0,ESTADOS UNIDOS DE AMERICA,BLANCO,2024-05-01
30840957.66,23317224.69,68923.27,2024,5,23317224.69,8935632.51,19368851.76,0.49999999999999994,-0.8660254037844387,1.0,ESTADOS UNIDOS DE AMERICA,EXTRA AÑEJO,2024-05-01
30840957.66,23317224.69,78169.5,2024,5,23317224.69,8935632.51,23317224.69,0.49999999999999994,-0.8660254037844387,1.0,ESTADOS UNIDOS DE AMERICA,JOVEN,2024-05-01
30840957.66,23317224.69,8717675.44,2024,5,23317224.69,22890575.25,23317224.69,0.49999999999999994,-0.8660254037844387,1.0,ESTADOS UNIDOS DE AMERICA,REPOSADO,2024-05-01
25885223.73,7385131.01,5152614.06,2024,6,23317224.69,22890575.25,19334201.27,1.2246467991473532e-16,-1.0,0.0,ESTADOS UNIDOS DE AMERICA,BLANCO,2024-06-01
25885223.73,7385131.01,2195679.25,2024,6,7385131.01,22890575.25,15351177.850000001,1.2246467991473532e-16,-1.0,0.0,ESTADOS UNIDOS DE AMERICA,JOVEN,2024-06-01
25885223.73,7385131.01,36837.7,2024,6,7385131.01,22890575.25,11368154.430000002,1.2246467991473532e-16,-1.0,0.0,ESTADOS UNIDOS DE AMERICA,REPOSADO,2024-06-01
25885223.73,18500092.72,1405646.83,2024,6,7385131.01,22890575.25,10163871.4375,1.2246467991473532e-16,-1.0,1.0,ESTADOS UNIDOS DE AMERICA,AÑEJO,2024-06-01
25885223.73,18500092.72,9997068.31,2024,6,18500092.72,7523732.97,12942611.865,1.2246467991473532e-16,-1.0,1.0,ESTADOS UNIDOS DE AMERICA,BLANCO,2024-06-01
25885223.73,18500092.72,46887.36,2024,6,18500092.72,7523732.97,15721352.2925,1.2246467991473532e-16,-1.0,1.0,ESTADOS UNIDOS DE AMERICA,EXTRA AÑEJO,2024-06-01
25885223.73,18500092.72,74517.75,2024,6,18500092.72,7523732.97,18500092.72,1.2246467991473532e-16,-1.0,1.0,ESTADOS UNIDOS DE AMERICA,JOVEN,2024-06-01
25885223.73,18500092.72,6975972.48,2024,6,18500092.72,23317224.69,18500092.72,1.2246467991473532e-16,-1.0,1.0,ESTADOS UNIDOS DE AMERICA,REPOSADO,2024-06-01
30990405.05,8353476.48,1012.5,2024,7,18500092.72,23317224.69,15963438.66,-0.4999999999999997,-0.8660254037844388,0.0,ESTADOS UNIDOS DE AMERICA,AÑEJO,2024-07-01
30990405.05,8353476.48,4850691.98,2024,7,8353476.48,23317224.69,13426784.6,-0.4999999999999997,-0.8660254037844388,0.0,ESTADOS UNIDOS DE AMERICA,BLANCO,2024-07-01
30990405.05,8353476.48,3465897.26,2024,7,8353476.48,23317224.69,10890130.54,-0.4999999999999997,-0.8660254037844388,0.0,ESTADOS UNIDOS DE AMERICA,JOVEN,2024-07-01
30990405.05,8353476.48,35874.75,2024,7,8353476.48,23317224.69,8353476.48,-0.4999999999999997,-0.8660254037844388,0.0,ESTADOS UNIDOS DE AMERICA,REPOSADO,2024-07-01
30990405.05,22636928.57,1767211.27,2024,7,8353476.48,7385131.01,11924339.502500001,-0.4999999999999997,-0.8660254037844388,1.0,ESTADOS UNIDOS DE AMERICA,AÑEJO,2024-07-01
30990405.05,22636928.57,12341299.16,2024,7,22636928.57,7385131.01,15495202.524999999,-0.4999999999999997,-0.8660254037844388,1.0,ESTADOS UNIDOS DE AMERICA,BLANCO,2024-07-01
30990405.05,22636928.57,35323.55,2024,7,22636928.57,7385131.01,19066065.5475,-0.4999999999999997,-0.8660254037844388,1.0,ESTADOS UNIDOS DE AMERICA,EXTRA AÑEJO,2024-07-01
30990405.05,22636928.57,79304.25,2024,7,22636928.57,18500092.72,22636928.57,-0.4999999999999997,-0.8660254037844388,1.0,ESTADOS UNIDOS DE AMERICA,JOVEN,2024-07-01
30990405.05,22636928.57,8413790.35,2024,7,22636928.57,18500092.72,22636928.57,-0.4999999999999997,-0.8660254037844388,1.0,ESTADOS UNIDOS DE AMERICA,REPOSADO,2024-07-01
28858133.21,7530989.18,4291026.33,2024,8,22636928.57,18500092.72,18860443.7225,-0.8660254037844385,-0.5000000000000004,0.0,ESTADOS UNIDOS DE AMERICA,BLANCO,2024-08-01
28858133.21,7530989.18,3205600.71,2024,8,7530989.18,18500092.72,15083958.875,-0.8660254037844385,-0.5000000000000004,0.0,ESTADOS UNIDOS DE AMERICA,JOVEN,2024-08-01
28858133.21,7530989.18,34362.14,2024,8,7530989.18,18500092.72,11307474.0275,-0.8660254037844385,-0.5000000000000004,0.0,ESTADOS UNIDOS DE AMERICA,REPOSADO,2024-08-01
28858133.21,21327144.04,1429064.74,2024,8,7530989.18,8353476.48,10980027.895,-0.8660254037844385,-0.5000000000000004,1.0,ESTADOS UNIDOS DE AMERICA,AÑEJO,2024-08-01
28858133.21,21327144.04,11083002.77,2024,8,21327144.04,8353476.48,14429066.61,-0.8660254037844385,-0.5000000000000004,1.0,ESTADOS UNIDOS DE AMERICA,BLANCO,2024-08-01
28858133.21,21327144.04,43725.73,2024,8,21327144.04,8353476.48,17878105.325,-0.8660254037844385,-0.5000000000000004,1.0,ESTADOS UNIDOS DE AMERICA,EXTRA AÑEJO,2024-08-01
28858133.21,21327144.04,64295.06,2024,8,21327144.04,8353476.48,21327144.04,-0.8660254037844385,-0.5000000000000004,1.0,ESTADOS UNIDOS DE AMERICA,JOVEN,2024-08-01
28858133.21,21327144.04,8707055.74,2024,8,21327144.04,22636928.57,21327144.04,-0.8660254037844385,-0.5000000000000004,1.0,ESTADOS UNIDOS DE AMERICA,REPOSADO,2024-08-01
25454109.72,5303551.71,2729203.43,2024,9,21327144.04,22636928.57,17321245.9575,-1.0,-1.8369701987210297e-16,0.0,ESTADOS UNIDOS DE AMERICA,BLANCO,2024-09-01
25454109.72,5303551.71,2533020.28,2024,9,5303551.71,22636928.57,13315347.875,-1.0,-1.8369701987210297e-16,0.0,ESTADOS UNIDOS DE AMERICA,JOVEN,2024-09-01
25454109.72,5303551.71,41328.0,2024,9,5303551.71,22636928.57,9309449.7925,-1.0,-1.8369701987210297e-16,0.0,ESTADOS UNIDOS DE AMERICA,REPOSADO,2024-09-01
25454109.72,20150558.01,1702313.4,2024,9,5303551.71,22636928.57,9015303.285,-1.0,-1.8369701987210297e-16,1.0,ESTADOS UNIDOS DE AMERICA,AÑEJO,2024-09-01
25454109.72,20150558.01,10206190.27,2024,9,20150558.01,7530989.18,12727054.86,-1.0,-1.8369701987210297e-16,1.0,ESTADOS UNIDOS DE AMERICA,BLANCO,2024-09-01
25454109.72,20150558.01,58159.95,2024,9,20150558.01,7530989.18,16438806.435,-1.0,-1.8369701987210297e-16,1.0,ESTADOS UNIDOS DE AMERICA,EXTRA AÑEJO,2024-09-01
25454109.72,20150558.01,67791.0,2024,9,20150558.01,7530989.18,20150558.01,-1.0,-1.8369701987210297e-16,1.0,ESTADOS UNIDOS DE AMERICA,JOVEN,2024-09-01
25454109.72,20150558.01,8116103.39,2024,9,20150558.01,21327144.04,20150558.01,-1.0,-1.8369701987210297e-16,1.0,ESTADOS UNIDOS DE AMERICA,REPOSADO,2024-09-01
32278535.28,7693040.58,5137157.78,2024,10,20150558.01,21327144.04,17036178.6525,-0.8660254037844386,0.5000000000000001,0.0,ESTADOS UNIDOS DE AMERICA,BLANCO,2024-10-01
32278535.28,7693040.58,2487803.56,2024,10,7693040.58,21327144.04,13921799.295000002,-0.8660254037844386,0.5000000000000001,0.0,ESTADOS UNIDOS DE AMERICA,JOVEN,2024-10-01
32278535.28,7693040.58,68079.23,2024,10,7693040.58,21327144.04,10807419.9375,-0.8660254037844386,0.5000000000000001,0.0,ESTADOS UNIDOS DE AMERICA,REPOSADO,2024-10-01
32278535.28,24585494.7,2130984.9,2024,10,7693040.58,21327144.04,11916154.11,-0.8660254037844386,0.5000000000000001,1.0,ESTADOS UNIDOS DE AMERICA,AÑEJO,2024-10-01
32278535.28,24585494.7,12473108.24,2024,10,24585494.7,5303551.71,16139267.64,-0.8660254037844386,0.5000000000000001,1.0,ESTADOS UNIDOS DE AMERICA,BLANCO,2024-10-01
32278535.28,24585494.7,56706.04,2024,10,24585494.7,5303551.71,20362381.17,-0.8660254037844386,0.5000000000000001,1.0,ESTADOS UNIDOS DE AMERICA,EXTRA AÑEJO,2024-10-01
32278535.28,24585494.7,85771.39,2024,10,24585494.7,5303551.71,24585494.7,-0.8660254037844386,0.5000000000000001,1.0,ESTADOS UNIDOS DE AMERICA,JOVEN,2024-10-01
32278535.28,24585494.7,9838924.14,2024,10,24585494.7,20150558.01,24585494.7,-0.8660254037844386,0.5000000000000001,1.0,ESTADOS UNIDOS DE AMERICA,REPOSADO,2024-10-01
26751386.31,4780939.88,1800.0,2024,11,24585494.7,20150558.01,19634355.994999997,-0.5000000000000004,0.8660254037844384,0.0,ESTADOS UNIDOS DE AMERICA,AÑEJO,2024-11-01
26751386.31,4780939.88,2708968.6,2024,11,4780939.88,20150558.01,14683217.29,-0.5000000000000004,0.8660254037844384,0.0,ESTADOS UNIDOS DE AMERICA,BLANCO,2024-11-01
26751386.31,4780939.88,2053935.28,2024,11,4780939.88,20150558.01,9732078.584999999,-0.5000000000000004,0.8660254037844384,0.0,ESTADOS UNIDOS DE AMERICA,JOVEN,2024-11-01
26751386.31,4780939.88,16236.0,2024,11,4780939.88,20150558.01,4780939.88,-0.5000000000000004,0.8660254037844384,0.0,ESTADOS UNIDOS DE AMERICA,REPOSADO,2024-11-01
26751386.31,21970446.43,1689781.59,2024,11,4780939.88,7693040.58,9078316.5175,-0.5000000000000004,0.8660254037844384,1.0,ESTADOS UNIDOS DE AMERICA,AÑEJO,2024-11-01
26751386.31,21970446.43,11328300.68,2024,11,21970446.43,7693040.58,13375693.155,-0.5000000000000004,0.8660254037844384,1.0,ESTADOS UNIDOS DE AMERICA,BLANCO,2024-11-01
26751386.31,21970446.43,46024.09,2024,11,21970446.43,7693040.58,17673069.7925,-0.5000000000000004,0.8660254037844384,1.0,ESTADOS UNIDOS DE AMERICA,EXTRA AÑEJO,2024-11-01
26751386.31,21970446.43,44652.45,2024,11,21970446.43,24585494.7,21970446.43,-0.5000000000000004,0.8660254037844384,1.0,ESTADOS UNIDOS DE AMERICA,JOVEN,2024-11-01
26751386.31,21970446.43,8861687.62,2024,11,21970446.43,24585494.7,21970446.43,-0.5000000000000004,0.8660254037844384,1.0,ESTADOS UNIDOS DE AMERICA,REPOSADO,2024-11-01
25991585.97,6789662.05,3916329.39,2024,12,21970446.43,24585494.7,18175250.335,-2.4492935982947064e-16,1.0,0.0,ESTADOS UNIDOS DE AMERICA,BLANCO,2024-12-01
25991585.97,6789662.05,2858252.04,2024,12,6789662.05,24585494.7,14380054.24,-2.4492935982947064e-16,1.0,0.0,ESTADOS UNIDOS DE AMERICA,JOVEN,2024-12-01
25991585.97,6789662.05,15080.63,2024,12,6789662.05,24585494.7,10584858.145,-2.4492935982947064e-16,1.0,0.0,ESTADOS UNIDOS DE AMERICA,REPOSADO,2024-12-01
25991585.97,19201923.92,1754832.08,2024,12,6789662.05,4780939.88,9892727.5175,-2.4492935982947064e-16,1.0,1.0,ESTADOS UNIDOS DE AMERICA,AÑEJO,2024-12-01
25991585.97,19201923.92,10603133.08,2024,12,19201923.92,4780939.88,12995792.985,-2.4492935982947064e-16,1.0,1.0,ESTADOS UNIDOS DE AMERICA,BLANCO,2024-12-01
25991585.97,19201923.92,52628.55,2024,12,19201923.92,4780939.88,16098858.4525,-2.4492935982947064e-16,1.0,1.0,ESTADOS UNIDOS DE AMERICA,EXTRA AÑEJO,2024-12-01
25991585.97,19201923.92,66777.0,2024,12,19201923.92,4780939.88,19201923.92,-2.4492935982947064e-16,1.0,1.0,ESTADOS UNIDOS DE AMERICA,JOVEN,2024-12-01
25991585.97,19201923.92,6724553.21,2024,12,19201923.92,21970446.43,19201923.92,-2.4492935982947064e-16,1.0,1.0,ESTADOS UNIDOS DE AMERICA,REPOSADO,2024-12-01
31990477.81,6444358.59,3721038.04,2025,1,19201923.92,21970446.43,16012532.5875,0.49999999999999994,0.8660254037844387,0.0,ESTADOS UNIDOS DE AMERICA,BLANCO,2025-01-01
31990477.81,6444358.59,2638690.34,2025,1,6444358.59,21970446.43,12823141.255000003,0.49999999999999994,0.8660254037844387,0.0,ESTADOS UNIDOS DE AMERICA,JOVEN,2025-01-01
31990477.81,6444358.59,84630.22,2025,1,6444358.59,21970446.43,9633749.9225,0.49999999999999994,0.8660254037844387,0.0,ESTADOS UNIDOS DE AMERICA,REPOSADO,2025-01-01
31990477.81,25546119.21,1616194.01,2025,1,6444358.59,21970446.43,11219798.745000001,0.49999999999999994,0.8660254037844387,1.0,ESTADOS UNIDOS DE AMERICA,AÑEJO,2025-01-01
31990477.81,25546119.21,13991377.59,2025,1,25546119.21,6789662.05,15995238.899999999,0.49999999999999994,0.8660254037844387,1.0,ESTADOS UNIDOS DE AMERICA,BLANCO,2025-01-01
31990477.81,25546119.21,60062.65,2025,1,25546119.21,6789662.05,20770679.055,0.49999999999999994,0.8660254037844387,1.0,ESTADOS UNIDOS DE AMERICA,EXTRA AÑEJO,2025-01-01
31990477.81,25546119.21,55911.0,2025,1,25546119.21,6789662.05,25546119.21,0.49999999999999994,0.8660254037844387,1.0,ESTADOS UNIDOS DE AMERICA,JOVEN,2025-01-01
31990477.81,25546119.21,9822573.96,2025,1,25546119.21,19201923.92,25546119.21,0.49999999999999994,0.8660254037844387,1.0,ESTADOS UNIDOS DE AMERICA,REPOSADO,2025-01-01
5819205.22,4990450.92,14284.19,2025,2,25546119.21,19201923.92,20407202.1375,0.8660254037844386,0.5000000000000001,0.0,ESTADOS UNIDOS DE AMERICA,AÑEJO,2025-02-01
5819205.22,4990450.92,73280.86,2025,2,4990450.92,19201923.92,15268285.065000001,0.8660254037844386,0.5000000000000001,0.0,ESTADOS UNIDOS DE AMERICA,BLANCO,2025-02-01
5819205.22,4990450.92,3545299.13,2025,2,4990450.92,19201923.92,10129367.9925,0.8660254037844386,0.5000000000000001,0.0,ESTADOS UNIDOS DE AMERICA,JOVEN,2025-02-01
5819205.22,4990450.92,51209.27,2025,2,4990450.92,19201923.92,4990450.92,0.8660254037844386,0.5000000000000001,0.0,ESTADOS UNIDOS DE AMERICA,REPOSADO,2025-02-01
5819205.22,828754.3,6030.0,2025,2,4990450.92,6444358.59,3950026.765,0.8660254037844386,0.5000000000000001,1.0,ESTADOS UNIDOS DE AMERICA,AÑEJO,2025-02-01
5819205.22,828754.3,138133.16,2025,2,828754.3,6444358.59,2909602.61,0.8660254037844386,0.5000000000000001,1.0,ESTADOS UNIDOS DE AMERICA,BLANCO,2025-02-01
5819205.22,828754.3,33579.0,2025,2,828754.3,6444358.59,1869178.455,0.8660254037844386,0.5000000000000001,1.0,ESTADOS UNIDOS DE AMERICA,REPOSADO,2025-02-01
2979555.14,1671244.26,54963.0,2025,3,828754.3,25546119.21,1039376.79,1.0,6.123233995736766e-17,0.0,ESTADOS UNIDOS DE AMERICA,AÑEJO,2025-03-01
2979555.14,1671244.26,504782.89,2025,3,1671244.26,25546119.21,1249999.28,1.0,6.123233995736766e-17,0.0,ESTADOS UNIDOS DE AMERICA,BLANCO,2025-03-01
2979555.14,1671244.26,919055.89,2025,3,1671244.26,25546119.21,1460621.77,1.0,6.123233995736766e-17,0.0,ESTADOS UNIDOS DE AMERICA,JOVEN,2025-03-01
2979555.14,1671244.26,192442.49,2025,3,1671244.26,25546119.21,1671244.26,1.0,6.123233995736766e-17,0.0,ESTADOS UNIDOS DE AMERICA,REPOSADO,2025-03-01
2979555.14,1308310.88,102318.04,2025,3,1671244.26,25546119.21,1580510.9149999998,1.0,6.123233995736766e-17,1.0,ESTADOS UNIDOS DE AMERICA,AÑEJO,2025-03-01
2979555.14,1308310.88,579971.28,2025,3,1308310.88,4990450.92,1489777.5699999998,1.0,6.123233995736766e-17,1.0,ESTADOS UNIDOS DE AMERICA,BLANCO,2025-03-01
2979555.14,1308310.88,626021.56,2025,3,1308310.88,4990450.92,1399044.2249999999,1.0,6.123233995736766e-17,1.0,ESTADOS UNIDOS DE AMERICA,REPOSADO,2025-03-01
