Year,Pred,Real,AbsPct
2020,112590.42863719157,109120.63,3.179782445529834
2015,163203.77096156386,,
2010,99113.2869922114,102225.78,3.044724146676694
