Year,Pred,Real,AbsPct
2020,85985.45593360931,129486.73,33.59515995684708
2015,54771.78099537156,55725.33,1.7111590090690167
2010,39240.112370602445,27686.85,41.72833807602687
