Year,Pred,Real,AbsPct
2020,71859.04298398452,114053.88,36.99552967072711
2015,61934.409117034644,81525.78,24.030890453259516
2010,24501.078860719706,30559.2,19.824213785963945
