Year,Pred,Real,AbsPct
2020,187123.02167964276,214432.6,12.7357399576171
2015,67185.16462303574,62503.38,7.49045031330425
2010,82615.77489693364,72780.03,13.514345757941623
