Year,Pred,Real,AbsPct
2020,11.91187321428571,15.579166666666666,23.539727963932314
2015,10.098268470418464,9.512500000000001,6.157881423584369
2010,10.6072923964924,10.729166666666666,1.135915527837812
