Year,Pred,Real,AbsPct
2020,14182333.455072414,16067747.1,11.734150613607714
2015,11543716.561522169,10847756.39,6.4157061285386074
2010,8558282.749568056,7938994.59,7.80058674366796
