Year,Pred,Real,AbsPct
2020,109600.77977227628,110703.19,0.9958251679321302
2015,86821.90171640148,81793.99,6.147042975164159
2010,70188.17463781207,58923.19,19.11808345375067
