Year,Pred,Real,AbsPct
2020,26.934897889610387,58.62916666666666,54.05887645862772
2015,23.49338962842713,32.86666666666667,28.519098493629418
2010,24.49465267510266,42.291666666666664,42.0816094381809
