Year,Pred,Real,AbsPct
2020,14.808005537518035,11.954166666666666,23.873172847832997
2015,7.953191015701926,7.625,4.304144468221985
2010,6.397285651494769,6.358333333333334,0.6126183721326616
