Year,Pred,Real,AbsPct
2020,123736.15337056991,168176.33,26.424751110593313
2015,58114.82073943001,71482.67,18.70082533370674
2010,91421.28971083986,90871.52,0.6049967149662039
