Year,Pred,Real,AbsPct
2020,87.44335492979239,91.06666666666666,3.978746416772626
2015,43.94169921883677,43.23333333333334,1.6384715933001366
2010,61.884422925685406,60.48333333333334,2.3164887170328985
