Year,Pred,Real,AbsPct
2020,385222.1835263257,352912.26,9.155228420323416
2015,232787.34150486116,221905.82,4.903666566681828
2010,265735.3658697313,275045.93,3.385094311436893
