Year,Pred,Real,AbsPct
2020,9.885556800144304,11.9375,17.189052983084366
2015,9.151051096126094,7.620833333333333,20.079402026804967
2010,9.54086751443002,6.350000000000001,50.24988211700817
