Year,Pred,Real,AbsPct
2020,18.773173741536237,19.025000000000002,1.323659702831881
2015,9.55534740259739,9.1,5.003817610960328
2010,12.819062716450217,12.483333333333333,2.6894209595478076
