Year,Pred,Real,AbsPct
2020,395312.93269049743,414686.04,4.671752950618389
2015,194603.47675202563,197789.23,1.6106808484842083
2010,635096.396004607,696525.65,8.819381453560691
