Year,Pred,Real,AbsPct
2020,7.627311507936501,7.654545454545455,0.35578790106710306
2015,6.799999999999975,6.966666666666668,2.392344497608029
2010,6.995269047619047,7.008333333333333,0.18641073551894374
