Year,Pred,Real,AbsPct
2020,45276.67052516234,41167.14,9.98255046418659
2015,101025.46543720602,103719.2,2.5971416698103917
2010,116428.8474353626,113037.46,3.0002332283143898
