Valor,SubCategoria_Tequila 100%,Mes_Aug,Mes_Dec,Mes_Feb,Mes_Jan,Mes_Jul,Mes_Jun,Mes_Mar,Mes_May,Mes_Nov,Mes_Oct,Mes_Sep,Fecha,Decada_2000s,Decada_2010s,Decada_2020s,Decada_2030s,Moving_Average,Previous_Data,FA1,FA2,FA3
0.19485294117647062,0.0,0.0,0.0,0.0,1.0,0.0,0.0,0.0,0.0,0.0,0.0,0.0,1995-01-01,0.0,0.0,0.0,0.0,0.04960224613944783,0.0,-1.3038868771196723,-0.3727331423560499,0.3481314125543514
0.0,1.0,0.0,0.0,1.0,0.0,0.0,0.0,0.0,0.0,0.0,0.0,0.0,1995-02-01,0.0,0.0,0.0,0.0,0.0,0.19485294117647062,-0.8002442245733621,3.145470764512783,-1.232870789754365
0.15808823529411767,0.0,0.0,0.0,1.0,0.0,0.0,0.0,0.0,0.0,0.0,0.0,0.0,1995-02-01,0.0,0.0,0.0,0.0,0.035563874590547495,0.0,-1.3845554658780392,3.083851740491672,0.4636593339497116
0.0,1.0,0.0,0.0,0.0,0.0,0.0,0.0,1.0,0.0,0.0,0.0,0.0,1995-03-01,0.0,0.0,0.0,0.0,0.035563874590547495,0.15808823529411767,-0.7987111113943604,-0.3217421603571102,-0.9726041160701877
0.25000000000000006,0.0,0.0,0.0,0.0,0.0,0.0,0.0,1.0,0.0,0.0,0.0,0.0,1995-03-01,0.0,0.0,0.0,0.0,0.056621431913897985,0.0,-1.2867384771702,-0.37191955699128254,0.39548596869646474
0.0,1.0,0.0,0.0,0.0,0.0,0.0,0.0,0.0,0.0,0.0,0.0,0.0,1995-04-01,0.0,0.0,0.0,0.0,0.056621431913897985,0.25000000000000006,-0.46512875196138487,-0.2728274524841957,-1.455676937344836
0.15073529411764708,0.0,0.0,0.0,0.0,0.0,0.0,0.0,0.0,0.0,0.0,0.0,0.0,1995-04-01,0.0,0.0,0.0,0.0,0.05381375760411794,0.0,-1.2907212082138049,-0.3498706959196821,0.38632420684922586
0.0,1.0,0.0,0.0,0.0,0.0,0.0,0.0,0.0,1.0,0.0,0.0,0.0,1995-05-01,0.0,0.0,0.0,0.0,0.05381375760411794,0.15073529411764708,-0.790536177587641,-0.32399614725422843,-0.8129705061215404
0.21691176470588236,0.0,0.0,0.0,0.0,0.0,0.0,0.0,0.0,1.0,0.0,0.0,0.0,1995-05-01,0.0,0.0,0.0,0.0,0.04117922321010761,0.0,-1.3089027638130846,-0.37099514070187023,0.3116491685628201
0.0,1.0,0.0,0.0,0.0,0.0,0.0,1.0,0.0,0.0,0.0,0.0,0.0,1995-06-01,0.0,0.0,0.0,0.0,0.04117922321010764,0.21691176470588236,-0.5951531493168836,-0.30379503655967055,-1.3151542577855517
0.18014705882352944,0.0,0.0,0.0,0.0,0.0,0.0,1.0,0.0,0.0,0.0,0.0,0.0,1995-06-01,0.0,0.0,0.0,0.0,0.052409920449227876,0.0,-1.29044865645876,-0.37132402962289096,0.38768855794338974
0.0,1.0,0.0,0.0,0.0,0.0,1.0,0.0,0.0,0.0,0.0,0.0,0.0,1995-07-01,0.0,0.0,0.0,0.0,0.052409920449227876,0.18014705882352944,-0.6967686259652097,-0.3151326790763353,-1.0088256398936664
0.2058823529411765,0.0,0.0,0.0,0.0,0.0,1.0,0.0,0.0,0.0,0.0,0.0,0.0,1995-07-01,0.0,0.0,0.0,0.0,0.04819840898455777,0.0,-1.2972877346468008,-0.3711929907189051,0.36017341646335843
0.0,1.0,1.0,0.0,0.0,0.0,0.0,0.0,0.0,0.0,0.0,0.0,0.0,1995-08-01,0.0,0.0,0.0,0.0,0.048198408984557795,0.2058823529411765,-0.619555110050135,-0.30723390653629995,-1.2095770794120226
0.25000000000000006,0.0,1.0,0.0,0.0,0.0,0.0,0.0,0.0,0.0,0.0,0.0,0.0,1995-08-01,0.0,0.0,0.0,0.0,0.07487131492746843,0.0,-1.2540823145334787,-0.37190260419645943,0.5090224118252106
0.0,1.0,0.0,0.0,0.0,0.0,0.0,0.0,0.0,0.0,0.0,0.0,1.0,1995-09-01,0.0,0.0,0.0,0.0,0.07487131492746843,0.25000000000000006,-0.43408182980180376,-0.2949510567682969,-1.3461452270294147
0.23897058823529413,0.0,0.0,0.0,0.0,0.0,0.0,0.0,0.0,0.0,0.0,0.0,1.0,1995-09-01,0.0,0.0,0.0,0.0,0.0875058493214787,0.0,-1.2348009144231105,-0.3724406917600404,0.5850173043337755
0.0036764705882352945,1.0,0.0,0.0,0.0,0.0,0.0,0.0,0.0,0.0,0.0,1.0,0.0,1995-10-01,0.0,0.0,0.0,0.0,0.08890968647636871,0.23897058823529413,-0.44766948682039953,-0.2986977797796847,-1.1940656599959734
0.16544117647058823,0.0,0.0,0.0,0.0,0.0,0.0,0.0,0.0,0.0,0.0,1.0,0.0,1995-10-01,0.0,0.0,0.0,0.0,0.056621431913897985,0.0036764705882352945,-1.272887562695658,-0.37047990520746826,0.37984534163045597
0.0,1.0,0.0,0.0,0.0,0.0,0.0,0.0,0.0,0.0,1.0,0.0,0.0,1995-11-01,0.0,0.0,0.0,0.0,0.056621431913897985,0.16544117647058823,-0.7387717109462275,-0.31974385364954183,-0.8982959362392133
0.15808823529411767,0.0,0.0,0.0,0.0,0.0,0.0,0.0,0.0,0.0,1.0,0.0,0.0,1995-11-01,0.0,0.0,0.0,0.0,0.025737014506317296,0.0,-1.3343940080450005,-0.37062420938554647,0.2188241388536565
0.0,1.0,0.0,1.0,0.0,0.0,0.0,0.0,0.0,0.0,0.0,0.0,0.0,1995-12-01,0.0,0.0,0.0,0.0,0.02433317735142726,0.15808823529411767,-0.8197335664594284,-0.3219007238998275,-1.0275138057288709
0.11764705882352941,0.0,0.0,1.0,0.0,0.0,0.0,0.0,0.0,0.0,0.0,0.0,0.0,1995-12-01,0.0,0.0,0.0,0.0,0.006083294337856829,0.0,-1.3710749691144655,-0.37094185111807276,0.1136200207890914
0.0,1.0,0.0,0.0,0.0,1.0,0.0,0.0,0.0,0.0,0.0,0.0,0.0,1996-01-01,0.0,0.0,0.0,0.0,0.006083294337856829,0.11764705882352941,-0.9836537080896272,-0.3340309677636092,-0.8804973532170561
0.23897058823529413,0.0,0.0,0.0,0.0,1.0,0.0,0.0,0.0,0.0,0.0,0.0,0.0,1996-01-01,0.0,0.0,0.0,0.0,0.03696771174543753,0.0,-1.3242378175451286,-0.3723679129009304,0.2751811866887016
0.0036764705882352945,1.0,0.0,0.0,1.0,0.0,0.0,0.0,0.0,0.0,0.0,0.0,0.0,1996-02-01,0.0,0.0,0.0,0.0,0.03837154890032757,0.23897058823529413,-0.5948579406530387,3.1575882969678397,-1.304937098583514
0.18382352941176472,0.0,0.0,0.0,1.0,0.0,0.0,0.0,0.0,0.0,0.0,0.0,0.0,1996-02-01,0.0,0.0,0.0,0.0,0.06364061768834817,0.0036764705882352945,-1.32736617681233,3.0841423484667354,0.601302709764211
0.0,1.0,0.0,0.0,0.0,0.0,0.0,0.0,1.0,0.0,0.0,0.0,0.0,1996-03-01,0.0,0.0,0.0,0.0,0.06364061768834817,0.18382352941176472,-0.6697319602738118,-0.3148381784634111,-0.981770163577361
0.21691176470588236,0.0,0.0,0.0,0.0,0.0,0.0,0.0,1.0,0.0,0.0,0.0,0.0,1996-03-01,0.0,0.0,0.0,0.0,0.05521759475900795,0.0,-1.2889996927730283,-0.3718789759407138,0.38738038804472574
0.0,1.0,0.0,0.0,0.0,0.0,0.0,0.0,0.0,0.0,0.0,0.0,0.0,1996-04-01,0.0,0.0,0.0,0.0,0.05381375760411794,0.21691176470588236,-0.5773359762493007,-0.2826663512610123,-1.2516739636658043
0.20955882352941177,0.0,0.0,0.0,0.0,0.0,0.0,0.0,0.0,0.0,0.0,0.0,0.0,1996-04-01,0.0,0.0,0.0,0.0,0.06364061768834817,0.0,-1.2748926989940057,-0.35015476327366396,0.44306327141139834
0.0036764705882352945,1.0,0.0,0.0,0.0,0.0,0.0,0.0,0.0,1.0,0.0,0.0,0.0,1996-05-01,0.0,0.0,0.0,0.0,0.06504445484323818,0.20955882352941177,-0.5810068206187756,-0.30668513187574925,-1.1396176564320903
0.23897058823529413,0.0,0.0,0.0,0.0,0.0,0.0,0.0,0.0,1.0,0.0,0.0,0.0,1996-05-01,0.0,0.0,0.0,0.0,0.07346747777257837,0.0036764705882352945,-1.2449298279388894,-0.37082627587851397,0.47360928633253635
0.0,1.0,0.0,0.0,0.0,0.0,0.0,1.0,0.0,0.0,0.0,0.0,0.0,1996-06-01,0.0,0.0,0.0,0.0,0.07346747777257837,0.23897058823529413,-0.4713553283969894,-0.29811502680411744,-1.2755353261172295
0.2058823529411765,0.0,0.0,0.0,0.0,0.0,0.0,1.0,0.0,0.0,0.0,0.0,0.0,1996-06-01,0.0,0.0,0.0,0.0,0.07206364061768833,0.0,-1.2587916380191613,-0.3718921643308546,0.5011666870677346
0.0036764705882352945,1.0,0.0,0.0,0.0,0.0,1.0,0.0,0.0,0.0,0.0,0.0,0.0,1996-07-01,0.0,0.0,0.0,0.0,0.07206364061768833,0.2058823529411765,-0.5813567684616319,-0.30798521087922337,-1.0666251713112738
0.22058823529411767,0.0,0.0,0.0,0.0,0.0,1.0,0.0,0.0,0.0,0.0,0.0,0.0,1996-07-01,0.0,0.0,0.0,0.0,0.06504445484323818,0.0036764705882352945,-1.2581881704037194,-0.3705777343392917,0.43297214706394677
0.0036764705882352945,1.0,1.0,0.0,0.0,0.0,0.0,0.0,0.0,0.0,0.0,0.0,0.0,1996-08-01,0.0,0.0,0.0,0.0,0.06644829199812821,0.22058823529411767,-0.5422993991768055,-0.3033525442479373,-1.2020774798205318
0.2977941176470588,0.0,1.0,0.0,0.0,0.0,0.0,0.0,0.0,0.0,0.0,0.0,0.0,1996-08-01,0.0,0.0,0.0,0.0,0.10154422087037901,0.0036764705882352945,-1.1991542410705978,-0.37157141517082776,0.638560206987971
0.0,1.0,0.0,0.0,0.0,0.0,0.0,0.0,0.0,0.0,0.0,0.0,1.0,1996-09-01,0.0,0.0,0.0,0.0,0.100140383715489,0.2977941176470588,-0.23783524783207308,-0.28135253885482414,-1.518331859161739
0.2573529411764706,0.0,0.0,0.0,0.0,0.0,0.0,0.0,0.0,0.0,0.0,0.0,1.0,1996-09-01,0.0,0.0,0.0,0.0,0.11417875526438931,0.0,-1.1918378179693696,-0.37321173172084815,0.7390233367168149
0.0036764705882352945,1.0,0.0,0.0,0.0,0.0,0.0,0.0,0.0,0.0,0.0,1.0,0.0,1996-10-01,0.0,0.0,0.0,0.0,0.11417875526438928,0.2573529411764706,-0.34714272092378756,-0.2939170937577267,-1.1705063943660672
0.22794117647058826,0.0,0.0,0.0,0.0,0.0,0.0,0.0,0.0,0.0,0.0,1.0,0.0,1996-10-01,0.0,0.0,0.0,0.0,0.0875058493214787,0.0036764705882352945,-1.2231408194334314,-0.3713726883199825,0.5581681159687121
0.0036764705882352945,1.0,0.0,0.0,0.0,0.0,0.0,0.0,0.0,0.0,1.0,0.0,0.0,1996-11-01,0.0,0.0,0.0,0.0,0.08890968647636871,0.22794117647058826,-0.4833591429257949,-0.3019393250431557,-1.127827613993959
0.1985294117647059,0.0,0.0,0.0,0.0,0.0,0.0,0.0,0.0,0.0,1.0,0.0,0.0,1996-11-01,0.0,0.0,0.0,0.0,0.06644829199812821,0.0036764705882352945,-1.2568537785538345,-0.37069883086560307,0.42941774053380616
0.0036764705882352945,1.0,0.0,1.0,0.0,0.0,0.0,0.0,0.0,0.0,0.0,0.0,0.0,1996-12-01,0.0,0.0,0.0,0.0,0.06644829199812824,0.1985294117647059,-0.6202823512740355,-0.3109936365660593,-1.0534969955997706
0.15808823529411767,0.0,0.0,1.0,0.0,0.0,0.0,0.0,0.0,0.0,0.0,0.0,0.0,1996-12-01,0.0,0.0,0.0,0.0,0.039775386055217604,0.0036764705882352945,-1.3048408176374418,-0.37081356734528526,0.28368571921054675
0.007352941176470588,1.0,0.0,0.0,0.0,1.0,0.0,0.0,0.0,0.0,0.0,0.0,0.0,1997-01-01,0.0,0.0,0.0,0.0,0.04117922321010767,0.15808823529411767,-0.7955085709183766,-0.32292097517699686,-0.9470084463466502
0.24632352941176472,0.0,0.0,0.0,0.0,1.0,0.0,0.0,0.0,0.0,0.0,0.0,0.0,1997-01-01,0.0,0.0,0.0,0.0,0.05942910622367806,0.007352941176470588,-1.2641284138815936,-0.3708127517371529,0.35593400267596614
0.007352941176470588,1.0,0.0,0.0,1.0,0.0,0.0,0.0,0.0,0.0,0.0,0.0,0.0,1997-02-01,0.0,0.0,0.0,0.0,0.060832943378568094,0.24632352941176472,-0.5347485369895033,3.159143458131618,-1.224184282596249
0.23897058823529413,0.0,0.0,0.0,1.0,0.0,0.0,0.0,0.0,0.0,0.0,0.0,0.0,1997-02-01,0.0,0.0,0.0,0.0,0.09171736078614881,0.007352941176470588,-1.2701768877466202,3.084432956441798,0.7389460855787107
0.0,1.0,0.0,0.0,0.0,0.0,0.0,0.0,1.0,0.0,0.0,0.0,0.0,1997-03-01,0.0,0.0,0.0,0.0,0.08890968647636871,0.23897058823529413,-0.4495554242858012,-0.2990352025770596,-1.2028932701502433
0.23529411764705885,0.0,0.0,0.0,0.0,0.0,0.0,0.0,1.0,0.0,0.0,0.0,0.0,1997-03-01,0.0,0.0,0.0,0.0,0.08469817501169863,0.0,-1.24151416511363,-0.3727311780026591,0.5575975817312431
0.0036764705882352945,1.0,0.0,0.0,0.0,0.0,0.0,0.0,0.0,0.0,0.0,0.0,0.0,1997-04-01,0.0,0.0,0.0,0.0,0.08329433785680859,0.23529411764705885,-0.47002556354420316,-0.2780074083907608,-1.2037979560806813
0.2573529411764706,0.0,0.0,0.0,0.0,0.0,0.0,0.0,0.0,0.0,0.0,0.0,0.0,1997-04-01,0.0,0.0,0.0,0.0,0.09031352363125875,0.0036764705882352945,-1.2199646255311245,-0.34982357424803223,0.5726010665741588
0.007352941176470588,1.0,0.0,0.0,0.0,0.0,0.0,0.0,0.0,1.0,0.0,0.0,0.0,1997-05-01,0.0,0.0,0.0,0.0,0.09312119794103882,0.2573529411764706,-0.38023780744338787,-0.293167776063414,-1.2955931272609371
0.24264705882352944,0.0,0.0,0.0,0.0,0.0,0.0,0.0,0.0,1.0,0.0,0.0,0.0,1997-05-01,0.0,0.0,0.0,0.0,0.09592887225081892,0.007352941176470588,-1.1967854012844938,-0.3703733437011758,0.5788303395400803
0.007352941176470588,1.0,0.0,0.0,0.0,0.0,0.0,1.0,0.0,0.0,0.0,0.0,0.0,1997-06-01,0.0,0.0,0.0,0.0,0.09733270940570893,0.24264705882352944,-0.42094968613976536,-0.29770267567734804,-1.1622086922579469
0.23897058823529413,0.0,0.0,0.0,0.0,0.0,0.0,1.0,0.0,0.0,0.0,0.0,0.0,1997-06-01,0.0,0.0,0.0,0.0,0.09031352363125875,0.007352941176470588,-1.2054658811641115,-0.37021526001537053,0.5576027610997827
0.0036764705882352945,1.0,0.0,0.0,0.0,0.0,1.0,0.0,0.0,0.0,0.0,0.0,0.0,1997-07-01,0.0,0.0,0.0,0.0,0.08890968647636871,0.23897058823529413,-0.44653738814543154,-0.298552122608095,-1.1895723384729164
0.28308823529411764,0.0,0.0,0.0,0.0,0.0,1.0,0.0,0.0,0.0,0.0,0.0,0.0,1997-07-01,0.0,0.0,0.0,0.0,0.10435189518015908,0.0036764705882352945,-1.1948741335245219,-0.37171400375521874,0.6599284053126362
0.007352941176470588,1.0,1.0,0.0,0.0,0.0,0.0,0.0,0.0,0.0,0.0,0.0,0.0,1997-08-01,0.0,0.0,0.0,0.0,0.10435189518015908,0.28308823529411764,-0.27784196874505884,-0.2857103398438264,-1.3991868349683214
0.3125,0.0,1.0,0.0,0.0,0.0,0.0,0.0,0.0,0.0,0.0,0.0,0.0,1997-08-01,0.0,0.0,0.0,0.0,0.13242863827795973,0.007352941176470588,-1.1374425207992311,-0.3713619692969025,0.7924147441059485
0.007352941176470588,1.0,0.0,0.0,0.0,0.0,0.0,0.0,0.0,0.0,0.0,0.0,1.0,1997-09-01,0.0,0.0,0.0,0.0,0.1338324754328498,0.3125,-0.13570616532763005,-0.27791756812271845,-1.4216708724011204
0.27941176470588236,0.0,0.0,0.0,0.0,0.0,0.0,0.0,0.0,0.0,0.0,0.0,1.0,1997-09-01,0.0,0.0,0.0,0.0,0.13242863827795973,0.007352941176470588,-1.1385120611143196,-0.3715348274053641,0.7954594107488631
0.014705882352941176,1.0,0.0,0.0,0.0,0.0,0.0,0.0,0.0,0.0,0.0,1.0,0.0,1997-10-01,0.0,0.0,0.0,0.0,0.13523631258773983,0.27941176470588236,-0.24143462482652103,-0.287912435597623,-1.1957321079116563
0.23529411764705885,0.0,0.0,0.0,0.0,0.0,0.0,0.0,0.0,0.0,0.0,1.0,0.0,1997-10-01,0.0,0.0,0.0,0.0,0.10575573233504912,0.014705882352941176,-1.1578500855692417,-0.3685935550180591,0.5901359527804814
0.007352941176470588,1.0,0.0,0.0,0.0,0.0,0.0,0.0,0.0,0.0,1.0,0.0,0.0,1997-11-01,0.0,0.0,0.0,0.0,0.10575573233504912,0.23529411764705885,-0.4322946016735734,-0.3002218396771028,-1.0794971206136497
0.20220588235294118,0.0,0.0,0.0,0.0,0.0,0.0,0.0,0.0,0.0,1.0,0.0,0.0,1997-11-01,0.0,0.0,0.0,0.0,0.07627515208235844,0.007352941176470588,-1.2290602923248952,-0.36988066923314544,0.4616885678756998
0.0036764705882352945,1.0,0.0,1.0,0.0,0.0,0.0,0.0,0.0,0.0,0.0,0.0,0.0,1997-12-01,0.0,0.0,0.0,0.0,0.07206364061768833,0.20220588235294118,-0.5992725118535818,-0.3100537317818952,-1.045542910213094
0.16544117647058823,0.0,0.0,1.0,0.0,0.0,0.0,0.0,0.0,0.0,0.0,0.0,0.0,1997-12-01,0.0,0.0,0.0,0.0,0.04539073467477772,0.0036764705882352945,-1.295795955226128,-0.37097589154756055,0.31610804181750224
0.011029411764705883,1.0,0.0,0.0,0.0,1.0,0.0,0.0,0.0,0.0,0.0,0.0,0.0,1998-01-01,0.0,0.0,0.0,0.0,0.04679457182966776,0.16544117647058823,-0.7625337544887832,-0.32087884140639344,-0.9635225981802524
0.18382352941176472,0.0,0.0,0.0,0.0,1.0,0.0,0.0,0.0,0.0,0.0,0.0,0.0,1998-01-01,0.0,0.0,0.0,0.0,0.039775386055217604,0.011029411764705883,-1.2838204553120522,-0.3691423880427499,0.21798763633134277
0.007352941176470588,1.0,0.0,0.0,1.0,0.0,0.0,0.0,0.0,0.0,0.0,0.0,0.0,1998-02-01,0.0,0.0,0.0,0.0,0.04117922321010764,0.18382352941176472,-0.7698101645844797,3.1409737000701123,-0.9217023789758536
0.22794117647058826,0.0,0.0,0.0,1.0,0.0,0.0,0.0,0.0,0.0,0.0,0.0,0.0,1998-02-01,0.0,0.0,0.0,0.0,0.06504445484323818,0.007352941176470588,-1.3131399842003615,3.0852039964026052,0.5849400531956713
0.01838235294117647,1.0,0.0,0.0,0.0,0.0,0.0,0.0,1.0,0.0,0.0,0.0,0.0,1998-03-01,0.0,0.0,0.0,0.0,0.06785212915301825,0.22794117647058826,-0.519368589355648,-0.30173317377784525,-1.2510722682654905
0.24264705882352944,0.0,0.0,0.0,0.0,0.0,0.0,0.0,1.0,0.0,0.0,0.0,0.0,1998-03-01,0.0,0.0,0.0,0.0,0.09031352363125875,0.01838235294117647,-1.1726444176566169,-0.3673823572727376,0.46767871823680446
0.011029411764705883,1.0,0.0,0.0,0.0,0.0,0.0,0.0,0.0,0.0,0.0,0.0,0.0,1998-04-01,0.0,0.0,0.0,0.0,0.09171736078614878,0.24264705882352944,-0.4325283159089525,-0.2760464367212951,-1.2041009466108055
0.23161764705882357,0.0,0.0,0.0,0.0,0.0,0.0,0.0,0.0,0.0,0.0,0.0,0.0,1998-04-01,0.0,0.0,0.0,0.0,0.09312119794103885,0.011029411764705883,-1.1915122403071878,-0.34770027837629114,0.5398757534370792
0.011029411764705883,1.0,0.0,0.0,0.0,0.0,0.0,0.0,0.0,1.0,0.0,0.0,0.0,1998-05-01,0.0,0.0,0.0,0.0,0.09031352363125877,0.23161764705882357,-0.46851507771302375,-0.30080221686735187,-1.1405266280224633
0.2683823529411765,0.0,0.0,0.0,0.0,0.0,0.0,0.0,0.0,1.0,0.0,0.0,0.0,1998-05-01,0.0,0.0,0.0,0.0,0.10014038371548903,0.011029411764705883,-1.1780367774668683,-0.3693928578664429,0.5786788442750184
0.011029411764705883,1.0,0.0,0.0,0.0,0.0,0.0,1.0,0.0,0.0,0.0,0.0,0.0,1998-06-01,0.0,0.0,0.0,0.0,0.10014038371548903,0.2683823529411765,-0.3326724158701293,-0.2900682348734102,-1.3172751914964211
0.33455882352941174,0.0,0.0,0.0,0.0,0.0,0.0,1.0,0.0,0.0,0.0,0.0,0.0,1998-06-01,0.0,0.0,0.0,0.0,0.13944782405240988,0.011029411764705883,-1.1143583580559748,-0.3705333677988401,0.816829846690366
0.011029411764705883,1.0,0.0,0.0,0.0,0.0,1.0,0.0,0.0,0.0,0.0,0.0,0.0,1998-07-01,0.0,0.0,0.0,0.0,0.13944782405240994,0.33455882352941174,-0.0540442242059699,-0.27135508678114934,-1.5339456027375649
0.25000000000000006,0.0,0.0,0.0,0.0,0.0,1.0,0.0,0.0,0.0,0.0,0.0,0.0,1998-07-01,0.0,0.0,0.0,0.0,0.13242863827795973,0.011029411764705883,-1.1257198674496722,-0.3703211667937165,0.7731035439068569
0.014705882352941176,1.0,1.0,0.0,0.0,0.0,0.0,0.0,0.0,0.0,0.0,0.0,0.0,1998-08-01,0.0,0.0,0.0,0.0,0.1338324754328498,0.25000000000000006,-0.33804123416791937,-0.29648260278372607,-1.0087555062992948
0.24632352941176472,0.0,1.0,0.0,0.0,0.0,0.0,0.0,0.0,0.0,0.0,0.0,0.0,1998-08-01,0.0,0.0,0.0,0.0,0.10014038371548903,0.014705882352941176,-1.1655205256460066,-0.3682241471609409,0.5570499146753957
0.014705882352941176,1.0,0.0,0.0,0.0,0.0,0.0,0.0,0.0,0.0,0.0,0.0,1.0,1998-09-01,0.0,0.0,0.0,0.0,0.10154422087037901,0.24632352941176472,-0.4030837103572026,-0.29682432571554396,-1.1676709574260966
0.25000000000000006,0.0,0.0,0.0,0.0,0.0,0.0,0.0,0.0,0.0,0.0,0.0,1.0,1998-09-01,0.0,0.0,0.0,0.0,0.10154422087037901,0.014705882352941176,-1.1643288503582663,-0.36843758631997126,0.5682001619700491
0.011029411764705883,1.0,0.0,0.0,0.0,0.0,0.0,0.0,0.0,0.0,0.0,1.0,0.0,1998-10-01,0.0,0.0,0.0,0.0,0.100140383715489,0.25000000000000006,-0.39368483097035195,-0.29571574122491723,-1.2026257264428986
0.2683823529411765,0.0,0.0,0.0,0.0,0.0,0.0,0.0,0.0,0.0,0.0,1.0,0.0,1998-10-01,0.0,0.0,0.0,0.0,0.10856340664482922,0.011029411764705883,-1.1652926313727243,-0.36977694610563616,0.6308153513042382
0.01838235294117647,1.0,0.0,0.0,0.0,0.0,0.0,0.0,0.0,0.0,1.0,0.0,0.0,1998-11-01,0.0,0.0,0.0,0.0,0.10996724379971923,0.2683823529411765,-0.31782616178282913,-0.2904235219508551,-1.2753945136409424
0.25000000000000006,0.0,0.0,0.0,0.0,0.0,0.0,0.0,0.0,0.0,1.0,0.0,0.0,1998-11-01,0.0,0.0,0.0,0.0,0.10996724379971923,0.01838235294117647,-1.1388961868295924,-0.36754792748747916,0.5828177918565974
0.007352941176470588,1.0,0.0,1.0,0.0,0.0,0.0,0.0,0.0,0.0,0.0,0.0,0.0,1998-12-01,0.0,0.0,0.0,0.0,0.10856340664482922,0.25000000000000006,-0.3849362050612231,-0.29677986227297304,-1.1528848971315073
0.1985294117647059,0.0,0.0,1.0,0.0,0.0,0.0,0.0,0.0,0.0,0.0,0.0,0.0,1998-12-01,0.0,0.0,0.0,0.0,0.08189050070191858,0.007352941176470588,-1.2250393725434476,-0.37092876987591067,0.5023849015424353
0.007352941176470588,1.0,0.0,0.0,0.0,1.0,0.0,0.0,0.0,0.0,0.0,0.0,0.0,1999-01-01,0.0,0.0,0.0,0.0,0.07767898923724847,0.1985294117647059,-0.6051022181442978,-0.31185156364095334,-1.005413958824506
0.25000000000000006,0.0,0.0,0.0,0.0,1.0,0.0,0.0,0.0,0.0,0.0,0.0,0.0,1999-01-01,0.0,0.0,0.0,0.0,0.07767898923724847,0.007352941176470588,-1.234732611044823,-0.37134030539454765,0.4613065511485722
0.011029411764705883,1.0,0.0,0.0,1.0,0.0,0.0,0.0,0.0,0.0,0.0,0.0,0.0,1999-02-01,0.0,0.0,0.0,0.0,0.07908282639213851,0.25000000000000006,-0.4933877571435932,3.159718133460662,-1.143279971343922
0.16544117647058823,0.0,0.0,0.0,1.0,0.0,0.0,0.0,0.0,0.0,0.0,0.0,0.0,1999-02-01,0.0,0.0,0.0,0.0,0.06644829199812821,0.011029411764705883,-1.298913791588393,3.086265644338476,0.5685773966271309
0.014705882352941176,1.0,0.0,0.0,0.0,0.0,0.0,0.0,1.0,0.0,0.0,0.0,0.0,1999-03-01,0.0,0.0,0.0,0.0,0.06925596630790826,0.16544117647058823,-0.7205119829081972,-0.3205116475978833,-0.8270066548690111
0.27941176470588236,0.0,0.0,0.0,0.0,0.0,0.0,0.0,1.0,0.0,0.0,0.0,0.0,1999-03-01,0.0,0.0,0.0,0.0,0.08048666354702852,0.014705882352941176,-1.200437903885556,-0.3682005189051951,0.43540789089491083
0.01838235294117647,1.0,0.0,0.0,0.0,0.0,0.0,0.0,0.0,0.0,0.0,0.0,0.0,1999-04-01,0.0,0.0,0.0,0.0,0.08329433785680862,0.27941176470588236,-0.3264458394345248,-0.2647806605534885,-1.4974168027240276
0.22794117647058826,0.0,0.0,0.0,0.0,0.0,0.0,0.0,0.0,0.0,0.0,0.0,0.0,1999-04-01,0.0,0.0,0.0,0.0,0.10715956948993915,0.01838235294117647,-1.1449701302606232,-0.3459016309091007,0.5719950855139107
0.014705882352941176,1.0,0.0,0.0,0.0,0.0,0.0,0.0,0.0,1.0,0.0,0.0,0.0,1999-05-01,0.0,0.0,0.0,0.0,0.10715956948993915,0.22794117647058826,-0.45334546748822196,-0.3023914184606172,-1.018791422981317
0.3088235294117647,0.0,0.0,0.0,0.0,0.0,0.0,0.0,0.0,1.0,0.0,0.0,0.0,1999-05-01,0.0,0.0,0.0,0.0,0.11839026672905939,0.014705882352941176,-1.1366759976209584,-0.3688181825373983,0.6595831555273451
0.01838235294117647,1.0,0.0,0.0,0.0,0.0,0.0,1.0,0.0,0.0,0.0,0.0,0.0,1999-06-01,0.0,0.0,0.0,0.0,0.11839026672905939,0.3088235294117647,-0.17166186593282073,-0.2784712696799718,-1.4810532524468825
0.33088235294117646,0.0,0.0,0.0,0.0,0.0,0.0,1.0,0.0,0.0,0.0,0.0,0.0,1999-06-01,0.0,0.0,0.0,0.0,0.1576977070659803,0.01838235294117647,-1.061032601200925,-0.3688564634833561,0.8732659207224142
0.01838235294117647,1.0,0.0,0.0,0.0,0.0,1.0,0.0,0.0,0.0,0.0,0.0,0.0,1999-07-01,0.0,0.0,0.0,0.0,0.1591015442208703,0.33088235294117646,-0.03435218277551112,-0.2730254504755522,-1.3959992363929414
0.29044117647058826,0.0,0.0,0.0,0.0,0.0,1.0,0.0,0.0,0.0,0.0,0.0,0.0,1999-07-01,0.0,0.0,0.0,0.0,0.15208235844642015,0.01838235294117647,-1.070132894991794,-0.36868484352880143,0.837645198590644
0.01838235294117647,1.0,1.0,0.0,0.0,0.0,0.0,0.0,0.0,0.0,0.0,0.0,0.0,1999-08-01,0.0,0.0,0.0,0.0,0.15208235844642015,0.29044117647058826,-0.1770306842306108,-0.2848856375902878,-1.172533567249756
0.30147058823529416,0.0,1.0,0.0,0.0,0.0,0.0,0.0,0.0,0.0,0.0,0.0,0.0,1999-08-01,0.0,0.0,0.0,0.0,0.14085166120729994,0.01838235294117647,-1.0879802961548408,-0.3682987686409974,0.7676435163555456
0.022058823529411763,1.0,0.0,0.0,0.0,0.0,0.0,0.0,0.0,0.0,0.0,0.0,1.0,1999-09-01,0.0,0.0,0.0,0.0,0.14225549836218995,0.30147058823529416,-0.15803380273807865,-0.28146774138544955,-1.2996326768298507
0.3235294117647059,0.0,0.0,0.0,0.0,0.0,0.0,0.0,0.0,0.0,0.0,0.0,1.0,1999-09-01,0.0,0.0,0.0,0.0,0.15489003275620028,0.022058823529411763,-1.054472703432504,-0.36777520826870796,0.8272757522955702
0.02573529411764706,1.0,0.0,0.0,0.0,0.0,0.0,0.0,0.0,0.0,0.0,1.0,0.0,1999-10-01,0.0,0.0,0.0,0.0,0.1576977070659803,0.3235294117647059,-0.06167545107158721,-0.27533498456945177,-1.3596616641271804
0.29044117647058826,0.0,0.0,0.0,0.0,0.0,0.0,0.0,0.0,0.0,0.0,1.0,0.0,1999-10-01,0.0,0.0,0.0,0.0,0.15348619560131022,0.02573529411764706,-1.0450738240456539,-0.3666666237780811,0.792320983278768
0.022058823529411763,1.0,0.0,0.0,0.0,0.0,0.0,0.0,0.0,0.0,1.0,0.0,0.0,1999-11-01,0.0,0.0,0.0,0.0,0.15348619560131022,0.29044117647058826,-0.17593861604030722,-0.2850681605998525,-1.170930936758709
0.28308823529411764,0.0,0.0,0.0,0.0,0.0,0.0,0.0,0.0,0.0,1.0,0.0,0.0,1999-11-01,0.0,0.0,0.0,0.0,0.13804398689751984,0.022058823529411763,-1.0817068977638828,-0.36725731951241636,0.7204611676710965
0.02573529411764706,1.0,0.0,1.0,0.0,0.0,0.0,0.0,0.0,0.0,0.0,0.0,0.0,1999-12-01,0.0,0.0,0.0,0.0,0.13804398689751984,0.28308823529411764,-0.2297658843195664,-0.28771200345696407,-1.2028818384274997
0.22058823529411767,0.0,0.0,1.0,0.0,0.0,0.0,0.0,0.0,0.0,0.0,0.0,0.0,1999-12-01,0.0,0.0,0.0,0.0,0.11137108095460924,0.02573529411764706,-1.1177289598383504,-0.36626982700565924,0.5502609091275583
0.014705882352941176,1.0,0.0,0.0,0.0,1.0,0.0,0.0,0.0,0.0,0.0,0.0,0.0,2000-01-01,1.0,0.0,0.0,0.0,0.10856340664482919,0.22058823529411767,-0.48356561282723204,-0.30613097283483137,-0.9739006078079225
0.2720588235294118,0.0,0.0,0.0,0.0,1.0,0.0,0.0,0.0,0.0,0.0,0.0,0.0,2000-01-01,1.0,0.0,0.0,0.0,0.10435189518015908,0.014705882352941176,-1.1678395605728022,-0.36990688738247657,0.5663761090910538
0.014705882352941176,1.0,0.0,0.0,1.0,0.0,0.0,0.0,0.0,0.0,0.0,0.0,0.0,2000-02-01,1.0,0.0,0.0,0.0,0.10014038371548897,0.2720588235294118,-0.3876796610463269,3.1657227916207664,-1.1685056848895112
0.2683823529411765,0.0,0.0,0.0,1.0,0.0,0.0,0.0,0.0,0.0,0.0,0.0,0.0,2000-02-01,1.0,0.0,0.0,0.0,0.11839026672905942,0.014705882352941176,-1.2032838372745993,3.0858663744538686,0.8440156435211923
0.02573529411764706,1.0,0.0,0.0,0.0,0.0,0.0,0.0,1.0,0.0,0.0,0.0,0.0,2000-03-01,1.0,0.0,0.0,0.0,0.1226017781937295,0.2683823529411765,-0.2995664337447987,-0.2911913158991965,-1.2041052322707402
0.2977941176470588,0.0,0.0,0.0,0.0,0.0,0.0,0.0,1.0,0.0,0.0,0.0,0.0,2000-03-01,1.0,0.0,0.0,0.0,0.13242863827795973,0.02573529411764706,-1.0808779955534829,-0.3663953308169236,0.6619096633484143
0.02573529411764706,1.0,0.0,0.0,0.0,0.0,0.0,0.0,0.0,0.0,0.0,0.0,0.0,2000-04-01,1.0,0.0,0.0,0.0,0.13664014974262984,0.2977941176470588,-0.18069476148134345,-0.26081159554290706,-1.3117459240593423
0.25000000000000006,0.0,0.0,0.0,0.0,0.0,0.0,0.0,0.0,0.0,0.0,0.0,0.0,2000-04-01,1.0,0.0,0.0,0.0,0.12962096396817968,0.02573529411764706,-1.0848607265970878,-0.3443464697453232,0.6527479015011753
0.02573529411764706,1.0,0.0,0.0,0.0,0.0,0.0,0.0,0.0,1.0,0.0,0.0,0.0,2000-05-01,1.0,0.0,0.0,0.0,0.12962096396817968,0.25000000000000006,-0.345376155788127,-0.29642734135108223,-1.035911555875168
0.3125,0.0,0.0,0.0,0.0,0.0,0.0,0.0,0.0,1.0,0.0,0.0,0.0,2000-05-01,1.0,0.0,0.0,0.0,0.13523631258773983,0.02573529411764706,-1.073646479359597,-0.3659984681849061,0.6834454116873759
0.01838235294117647,1.0,0.0,0.0,0.0,0.0,0.0,1.0,0.0,0.0,0.0,0.0,0.0,2000-06-01,1.0,0.0,0.0,0.0,0.13242863827795973,0.3125,-0.1370847328953961,-0.2777748511992208,-1.4244656831497717
0.2720588235294118,0.0,0.0,0.0,0.0,0.0,0.0,1.0,0.0,0.0,0.0,0.0,0.0,2000-06-01,1.0,0.0,0.0,0.0,0.14085166120729994,0.01838235294117647,-1.0881671884348665,-0.3683694908765302,0.7759989529015474
0.01838235294117647,1.0,0.0,0.0,0.0,0.0,1.0,0.0,0.0,0.0,0.0,0.0,0.0,2000-07-01,1.0,0.0,0.0,0.0,0.1380439868975199,0.2720588235294118,-0.25971004896417593,-0.29005239850004966,-1.1260911506445637
0.21691176470588236,0.0,0.0,0.0,0.0,0.0,1.0,0.0,0.0,0.0,0.0,0.0,0.0,2000-07-01,1.0,0.0,0.0,0.0,0.10154422087037901,0.01838235294117647,-1.1515366566936194,-0.36722392570832363,0.545844295128043
0.01838235294117647,1.0,1.0,0.0,0.0,0.0,0.0,0.0,0.0,0.0,0.0,0.0,0.0,2000-08-01,1.0,0.0,0.0,0.0,0.10154422087037901,0.21691176470588236,-0.49773398611523323,-0.3054692994985973,-0.9749697263067802
0.33455882352941174,0.0,1.0,0.0,0.0,0.0,0.0,0.0,0.0,0.0,0.0,0.0,0.0,2000-08-01,1.0,0.0,0.0,0.0,0.12540945250350957,0.01838235294117647,-1.1128536677859542,-0.3678523770847404,0.6784821291864173
0.029411764705882353,1.0,0.0,0.0,0.0,0.0,0.0,0.0,0.0,0.0,0.0,0.0,1.0,2000-09-01,1.0,0.0,0.0,0.0,0.12962096396817968,0.33455882352941174,-0.07069995008127641,-0.2711824510523758,-1.5927970376780103
0.25000000000000006,0.0,0.0,0.0,0.0,0.0,0.0,0.0,0.0,0.0,0.0,0.0,1.0,2000-09-01,1.0,0.0,0.0,0.0,0.14225549836219,0.029411764705882353,-1.0508936898396808,-0.36520552084070973,0.7053890519893625
0.022058823529411763,1.0,0.0,0.0,0.0,0.0,0.0,0.0,0.0,0.0,0.0,1.0,0.0,2000-10-01,1.0,0.0,0.0,0.0,0.14365933551708,0.25000000000000006,-0.3235871472826691,-0.2969737537925508,-0.9513527262389923
0.29411764705882354,0.0,0.0,0.0,0.0,0.0,0.0,0.0,0.0,0.0,0.0,1.0,0.0,2000-10-01,1.0,0.0,0.0,0.0,0.12821712681328967,0.022058823529411763,-1.0977406819057063,-0.36703839385428166,0.6708887687677465
0.022058823529411763,1.0,0.0,0.0,0.0,0.0,0.0,0.0,0.0,0.0,1.0,0.0,0.0,2000-11-01,1.0,0.0,0.0,0.0,0.12540945250350957,0.29411764705882354,-0.20919795108773703,-0.28315431060203666,-1.3575107870137664
0.3198529411764706,0.0,0.0,0.0,0.0,0.0,0.0,0.0,0.0,0.0,1.0,0.0,0.0,2000-11-01,1.0,0.0,0.0,0.0,0.15208235844642015,0.022058823529411763,-1.059094741735598,-0.3676631300181046,0.8015169741884857
0.022058823529411763,1.0,0.0,1.0,0.0,0.0,0.0,0.0,0.0,0.0,0.0,0.0,0.0,2000-12-01,1.0,0.0,0.0,0.0,0.1520823584464202,0.3198529411764706,-0.08750395819988281,-0.27709552409825877,-1.366508404112899
0.20220588235294118,0.0,0.0,1.0,0.0,0.0,0.0,0.0,0.0,0.0,0.0,0.0,0.0,2000-12-01,1.0,0.0,0.0,0.0,0.11698642957416941,0.022058823529411763,-1.1206490744361763,-0.3675343801943739,0.6071514689547929
0.011029411764705883,1.0,0.0,0.0,0.0,1.0,0.0,0.0,0.0,0.0,0.0,0.0,0.0,2001-01-01,1.0,0.0,0.0,0.0,0.1127749181094993,0.20220588235294118,-0.5366068510644458,-0.31176386091873465,-0.8272426797513116
0.17279411764705885,0.0,0.0,0.0,0.0,1.0,0.0,0.0,0.0,0.0,0.0,0.0,0.0,2001-01-01,1.0,0.0,0.0,0.0,0.056621431913897985,0.011029411764705883,-1.2566858680781106,-0.36962936064957586,0.31525460415220957
0.022058823529411763,1.0,0.0,0.0,1.0,0.0,0.0,0.0,0.0,0.0,0.0,0.0,0.0,2001-02-01,1.0,0.0,0.0,0.0,0.056621431913897985,0.17279411764705885,-0.780831723980786,3.1372206215545377,-0.7591362801458886
0.16544117647058823,0.0,0.0,0.0,1.0,0.0,0.0,0.0,0.0,0.0,0.0,0.0,0.0,2001-02-01,1.0,0.0,0.0,0.0,0.04258306036499768,0.022058823529411763,-1.3014595258090575,3.090262209157464,0.35737781388673273
0.01838235294117647,1.0,0.0,0.0,0.0,0.0,0.0,0.0,1.0,0.0,0.0,0.0,0.0,2001-03-01,1.0,0.0,0.0,0.0,0.04539073467477772,0.16544117647058823,-0.7589526481562815,-0.31982176973821325,-0.9648015259485727
0.27941176470588236,0.0,0.0,0.0,0.0,0.0,0.0,0.0,1.0,0.0,0.0,0.0,0.0,2001-03-01,1.0,0.0,0.0,0.0,0.08610201216658867,0.01838235294117647,-1.1794280644651023,-0.3672606141210311,0.443361976281588
0.011029411764705883,1.0,0.0,0.0,0.0,0.0,0.0,0.0,0.0,0.0,0.0,0.0,0.0,2001-04-01,1.0,0.0,0.0,0.0,0.08189050070191858,0.27941176470588236,-0.32870705503735337,-0.26474007950291967,-1.5055223833757663
0.2683823529411765,0.0,0.0,0.0,0.0,0.0,0.0,0.0,0.0,0.0,0.0,0.0,0.0,2001-04-01,1.0,0.0,0.0,0.0,0.12119794103883952,0.011029411764705883,-1.1462879282506182,-0.34851189938766763,0.7019873664718576
0.022058823529411763,1.0,0.0,0.0,0.0,0.0,0.0,0.0,0.0,1.0,0.0,0.0,0.0,2001-05-01,1.0,0.0,0.0,0.0,0.1226017781937295,0.2683823529411765,-0.2968573487565701,-0.2907132911660413,-1.1987806452352565
0.17279411764705885,0.0,0.0,0.0,0.0,0.0,0.0,0.0,0.0,1.0,0.0,0.0,0.0,2001-05-01,1.0,0.0,0.0,0.0,0.08189050070191858,0.022058823529411763,-1.171537649276219,-0.36555861724973016,0.3999015841415756
0.01838235294117647,1.0,0.0,0.0,0.0,0.0,0.0,1.0,0.0,0.0,0.0,0.0,0.0,2001-06-01,1.0,0.0,0.0,0.0,0.08469817501169863,0.17279411764705885,-0.668635189738879,-0.3182797969645765,-0.7702624109382988
0.16544117647058823,0.0,0.0,0.0,0.0,0.0,0.0,1.0,0.0,0.0,0.0,0.0,0.0,2001-06-01,1.0,0.0,0.0,0.0,0.04539073467477772,0.01838235294117647,-1.2419298494272033,-0.36560997943785006,0.22481946858330085
0.01838235294117647,1.0,0.0,0.0,0.0,0.0,1.0,0.0,0.0,0.0,0.0,0.0,0.0,2001-07-01,1.0,0.0,0.0,0.0,0.043986897519887685,0.16544117647058823,-0.7581958276187402,-0.31929810871867986,-0.9595861749229844
0.25367647058823534,0.0,0.0,0.0,0.0,0.0,1.0,0.0,0.0,0.0,0.0,0.0,0.0,2001-07-01,1.0,0.0,0.0,0.0,0.0748713149274684,0.01838235294117647,-1.1944997531473607,-0.366452885747516,0.39183826274500355
0.01838235294117647,1.0,1.0,0.0,0.0,0.0,0.0,0.0,0.0,0.0,0.0,0.0,0.0,2001-08-01,1.0,0.0,0.0,0.0,0.0748713149274684,0.25367647058823534,-0.42104731247757576,-0.29367596967339593,-1.3736581308926081
0.18014705882352944,0.0,1.0,0.0,0.0,0.0,0.0,0.0,0.0,0.0,0.0,0.0,0.0,2001-08-01,1.0,0.0,0.0,0.0,0.08048666354702852,0.01838235294117647,-1.1852125670764655,-0.3665537834665379,0.4191035483307721
0.014705882352941176,1.0,0.0,0.0,0.0,0.0,0.0,0.0,0.0,0.0,0.0,0.0,1.0,2001-09-01,1.0,0.0,0.0,0.0,0.07908282639213851,0.18014705882352944,-0.6546327461669756,-0.31601515066235125,-0.8569319778888995
0.18750000000000003,0.0,0.0,0.0,0.0,0.0,0.0,0.0,0.0,0.0,0.0,0.0,1.0,2001-09-01,1.0,0.0,0.0,0.0,0.05381375760411794,0.014705882352941176,-1.2412101808544347,-0.3670578306006312,0.29261041981092595
0.022058823529411763,1.0,0.0,0.0,0.0,0.0,0.0,0.0,0.0,0.0,0.0,1.0,0.0,2001-10-01,1.0,0.0,0.0,0.0,0.055217594759007976,0.18750000000000003,-0.669448339416241,-0.3131550403761839,-1.0460442745538034
0.25000000000000006,0.0,0.0,0.0,0.0,0.0,0.0,0.0,0.0,0.0,0.0,1.0,0.0,2001-10-01,1.0,0.0,0.0,0.0,0.08189050070191858,0.022058823529411763,-1.1723607967990461,-0.36569921918551046,0.40340460726036204
0.02573529411764706,1.0,0.0,0.0,0.0,0.0,0.0,0.0,0.0,0.0,1.0,0.0,0.0,2001-11-01,1.0,0.0,0.0,0.0,0.08610201216658869,0.25000000000000006,-0.4160917120766126,-0.29524478902338186,-1.2908481986191096
0.21323529411764708,0.0,0.0,0.0,0.0,0.0,0.0,0.0,0.0,0.0,1.0,0.0,0.0,2001-11-01,1.0,0.0,0.0,0.0,0.09592887225081892,0.02573529411764706,-1.1375783888395974,-0.36493765900891223,0.4528255108986506
0.011029411764705883,1.0,0.0,1.0,0.0,0.0,0.0,0.0,0.0,0.0,0.0,0.0,0.0,2001-12-01,1.0,0.0,0.0,0.0,0.09171736078614881,0.21323529411764708,-0.5317205623865633,-0.3073151795305406,-1.0054694927495857
0.17279411764705885,0.0,0.0,1.0,0.0,0.0,0.0,0.0,0.0,0.0,0.0,0.0,0.0,2001-12-01,1.0,0.0,0.0,0.0,0.06223678053345813,0.011029411764705883,-1.2447314139739065,-0.36925840618150774,0.3644385351978115
0.014705882352941176,1.0,0.0,0.0,0.0,1.0,0.0,0.0,0.0,0.0,0.0,0.0,0.0,2002-01-01,1.0,0.0,0.0,0.0,0.05802526906878802,0.17279411764705885,-0.7205140756478754,-0.31899903183806533,-0.9476144274068985
0.2058823529411765,0.0,0.0,0.0,0.0,1.0,0.0,0.0,0.0,0.0,0.0,0.0,0.0,2002-01-01,1.0,0.0,0.0,0.0,0.055217594759007976,0.014705882352941176,-1.2469821066717988,-0.36848655061256774,0.28268078628019183
0.022058823529411763,1.0,0.0,0.0,1.0,0.0,0.0,0.0,0.0,0.0,0.0,0.0,0.0,2002-02-01,1.0,0.0,0.0,0.0,0.05942910622367806,0.2058823529411765,-0.6686244996928703,3.147059520331353,-0.9631392538249207
0.18750000000000003,0.0,0.0,0.0,1.0,0.0,0.0,0.0,0.0,0.0,0.0,0.0,0.0,2002-02-01,1.0,0.0,0.0,0.0,0.0650444548432382,0.022058823529411763,-1.265280076163802,3.0896129123483633,0.48706710431455585
0.01838235294117647,1.0,0.0,0.0,0.0,0.0,0.0,0.0,1.0,0.0,0.0,0.0,0.0,2002-03-01,1.0,0.0,0.0,0.0,0.06644829199812824,0.18750000000000003,-0.6532445520590149,-0.3138171115781094,-0.9900272394941617
0.21691176470588236,0.0,0.0,0.0,0.0,0.0,0.0,0.0,1.0,0.0,0.0,0.0,0.0,2002-03-01,1.0,0.0,0.0,0.0,0.07065980346279832,0.01838235294117647,-1.2043014360962156,-0.36681422256477403,0.35420058911245966
0.022058823529411763,1.0,0.0,0.0,0.0,0.0,0.0,0.0,0.0,0.0,0.0,0.0,0.0,2002-04-01,1.0,0.0,0.0,0.0,0.07065980346279832,0.21691176470588236,-0.5502013890153586,-0.28315332386783826,-1.1544069958449372
0.25367647058823534,0.0,0.0,0.0,0.0,0.0,0.0,0.0,0.0,0.0,0.0,0.0,0.0,2002-04-01,1.0,0.0,0.0,0.0,0.09592887225081892,0.022058823529411763,-1.151094878074111,-0.34447475351811074,0.48268220307972026
0.011029411764705883,1.0,0.0,0.0,0.0,0.0,0.0,0.0,0.0,1.0,0.0,0.0,0.0,2002-05-01,1.0,0.0,0.0,0.0,0.09312119794103882,0.25367647058823534,-0.39220278445252776,-0.2942700050498534,-1.2711248900406587
0.3235294117647059,0.0,0.0,0.0,0.0,0.0,0.0,0.0,0.0,1.0,0.0,0.0,0.0,2002-05-01,1.0,0.0,0.0,0.0,0.1338324754328498,0.011029411764705883,-1.123767602998985,-0.3703668030800947,0.7732127799167521
0.011029411764705883,1.0,0.0,0.0,0.0,0.0,0.0,1.0,0.0,0.0,0.0,0.0,0.0,2002-06-01,1.0,0.0,0.0,0.0,0.12962096396817968,0.3235294117647059,-0.10571223307363338,-0.2743870021387651,-1.5140815561140866
0.24264705882352944,0.0,0.0,0.0,0.0,0.0,0.0,1.0,0.0,0.0,0.0,0.0,0.0,2002-06-01,1.0,0.0,0.0,0.0,0.12540945250350963,0.011029411764705883,-1.1369705140842594,-0.37012755729315183,0.735774040172977
0.02573529411764706,1.0,0.0,0.0,0.0,0.0,1.0,0.0,0.0,0.0,0.0,0.0,0.0,2002-07-01,1.0,0.0,0.0,0.0,0.13102480112306972,0.24264705882352944,-0.3667359430514372,-0.29866732513872046,-0.9708731561410275
0.33455882352941174,0.0,0.0,0.0,0.0,0.0,1.0,0.0,0.0,0.0,0.0,0.0,0.0,2002-07-01,1.0,0.0,0.0,0.0,0.13523631258773983,0.02573529411764706,-1.073337528207456,-0.36599341294909676,0.6914417563292194
0.02573529411764706,1.0,1.0,0.0,0.0,0.0,0.0,0.0,0.0,0.0,0.0,0.0,0.0,2002-08-01,1.0,0.0,0.0,0.0,0.14085166120729994,0.33455882352941174,-0.05154068494356035,-0.2713342413484648,-1.5309970591070132
0.25000000000000006,0.0,1.0,0.0,0.0,0.0,0.0,0.0,0.0,0.0,0.0,0.0,0.0,2002-08-01,1.0,0.0,0.0,0.0,0.14365933551708,0.02573529411764706,-1.0595279109309041,-0.3661754727692563,0.7349182032184656
0.022058823529411763,1.0,0.0,0.0,0.0,0.0,0.0,0.0,0.0,0.0,0.0,0.0,1.0,2002-09-01,1.0,0.0,0.0,0.0,0.14225549836218995,0.25000000000000006,-0.3255434808660367,-0.29689894719560056,-0.9570773557459468
0.25367647058823534,0.0,0.0,0.0,0.0,0.0,0.0,0.0,0.0,0.0,0.0,0.0,1.0,2002-09-01,1.0,0.0,0.0,0.0,0.11137108095460926,0.022058823529411763,-1.1245703871201873,-0.3665171957010743,0.576002752091664
0.03308823529411765,1.0,0.0,0.0,0.0,0.0,0.0,0.0,0.0,0.0,0.0,1.0,0.0,2002-10-01,1.0,0.0,0.0,0.0,0.11417875526438931,0.25367647058823534,-0.3591076979329273,-0.2950193227441661,-1.1460381571457883
0.2683823529411765,0.0,0.0,0.0,0.0,0.0,0.0,0.0,0.0,0.0,0.0,1.0,0.0,2002-10-01,1.0,0.0,0.0,0.0,0.12119794103883952,0.03308823529411765,-1.073151828892429,-0.36352880164211937,0.5569561538482154
0.02573529411764706,1.0,0.0,0.0,0.0,0.0,0.0,0.0,0.0,0.0,1.0,0.0,0.0,2002-11-01,1.0,0.0,0.0,0.0,0.1226017781937295,0.2683823529411765,-0.29747522135737287,-0.29078875140597454,-1.2024442877752923
0.22058823529411767,0.0,0.0,0.0,0.0,0.0,0.0,0.0,0.0,0.0,1.0,0.0,0.0,2002-11-01,1.0,0.0,0.0,0.0,0.10996724379971923,0.02573529411764706,-1.1149662328113126,-0.3653434695146004,0.5338813174160396
0.014705882352941176,1.0,0.0,1.0,0.0,0.0,0.0,0.0,0.0,0.0,0.0,0.0,0.0,2002-12-01,1.0,0.0,0.0,0.0,0.10294805802526907,0.22058823529411767,-0.489700883545656,-0.3054353699622126,-0.989561321976232
0.13970588235294118,0.0,0.0,1.0,0.0,0.0,0.0,0.0,0.0,0.0,0.0,0.0,0.0,2002-12-01,1.0,0.0,0.0,0.0,0.05381375760411791,0.014705882352941176,-1.2463337305817375,-0.3679126908916554,0.291336814067099
0.02573529411764706,1.0,0.0,0.0,0.0,1.0,0.0,0.0,0.0,0.0,0.0,0.0,0.0,2003-01-01,1.0,0.0,0.0,0.0,0.05381375760411791,0.13970588235294118,-0.8349825155386198,-0.328797349564313,-0.7517170343796061
0.2757352941176471,0.0,0.0,0.0,0.0,1.0,0.0,0.0,0.0,0.0,0.0,0.0,0.0,2003-01-01,1.0,0.0,0.0,0.0,0.07487131492746843,0.02573529411764706,-1.1794301572047807,-0.36574799836121313,0.32275420374370034
0.03308823529411765,1.0,0.0,0.0,1.0,0.0,0.0,0.0,0.0,0.0,0.0,0.0,0.0,2003-02-01,1.0,0.0,0.0,0.0,0.08189050070191858,0.2757352941176471,-0.4051104868739573,3.1673525742646,-1.2983464705823957
0.25367647058823534,0.0,0.0,0.0,1.0,0.0,0.0,0.0,0.0,0.0,0.0,0.0,0.0,2003-02-01,1.0,0.0,0.0,0.0,0.12540945250350957,0.03308823529411765,-1.1321528742147577,3.0911746141332213,0.7622023606784925
0.04411764705882353,1.0,0.0,0.0,0.0,0.0,0.0,0.0,1.0,0.0,0.0,0.0,0.0,2003-03-01,1.0,0.0,0.0,0.0,0.13242863827795978,0.25367647058823534,-0.3315978325615587,-0.29588429919893566,-1.0494932188274522
0.286764705882353,0.0,0.0,0.0,0.0,0.0,0.0,0.0,1.0,0.0,0.0,0.0,0.0,2003-03-01,1.0,0.0,0.0,0.0,0.13664014974262984,0.04411764705882353,-1.014269463699298,-0.3610059290364333,0.563885219202237
0.03308823529411765,1.0,0.0,0.0,0.0,0.0,0.0,0.0,0.0,0.0,0.0,0.0,0.0,2003-04-01,1.0,0.0,0.0,0.0,0.13664014974262984,0.286764705882353,-0.21658969250876287,-0.26411828250222513,-1.2383412123985065
0.2977941176470588,0.0,0.0,0.0,0.0,0.0,0.0,0.0,0.0,0.0,0.0,0.0,0.0,2003-04-01,1.0,0.0,0.0,0.0,0.15348619560131022,0.03308823529411765,-1.022490107330724,-0.3428318896321145,0.7416062981401792
0.022058823529411763,1.0,0.0,0.0,0.0,0.0,0.0,0.0,0.0,1.0,0.0,0.0,0.0,2003-05-01,1.0,0.0,0.0,0.0,0.14506317267197,0.2977941176470588,-0.16495808303819576,-0.28254475608362756,-1.2648372525696647
0.2977941176470588,0.0,0.0,0.0,0.0,0.0,0.0,0.0,0.0,1.0,0.0,0.0,0.0,2003-05-01,1.0,0.0,0.0,0.0,0.14927468413664013,0.022058823529411763,-1.0629993003404523,-0.3675065076770337,0.7889694554250435
0.02573529411764706,1.0,0.0,0.0,0.0,0.0,0.0,1.0,0.0,0.0,0.0,0.0,0.0,2003-06-01,1.0,0.0,0.0,0.0,0.14646700982686006,0.2977941176470588,-0.16233248490367078,-0.28258957765066656,-1.2455369277512673
0.3161764705882353,0.0,0.0,0.0,0.0,0.0,0.0,1.0,0.0,0.0,0.0,0.0,0.0,2003-06-01,1.0,0.0,0.0,0.0,0.15348619560131022,0.02573529411764706,-1.0438862939911306,-0.3665302623587709,0.8000127043266398
0.029411764705882353,1.0,0.0,0.0,0.0,0.0,1.0,0.0,0.0,0.0,0.0,0.0,0.0,2003-07-01,1.0,0.0,0.0,0.0,0.1562938699110903,0.3161764705882353,-0.08673452201772751,-0.27735320432017213,-1.314337448815304
0.2977941176470588,0.0,0.0,0.0,0.0,0.0,1.0,0.0,0.0,0.0,0.0,0.0,0.0,2003-07-01,1.0,0.0,0.0,0.0,0.15629386991109034,0.029411764705882353,-1.0274543171558885,-0.3654998997211898,0.7885572288850242
0.03308823529411765,1.0,1.0,0.0,0.0,0.0,0.0,0.0,0.0,0.0,0.0,0.0,0.0,2003-08-01,1.0,0.0,0.0,0.0,0.1591015442208703,0.2977941176470588,-0.1417946521981888,-0.2828840848702532,-1.1809421384316192
0.22426470588235298,0.0,1.0,0.0,0.0,0.0,0.0,0.0,0.0,0.0,0.0,0.0,0.0,2003-08-01,1.0,0.0,0.0,0.0,0.12400561534861956,0.03308823529411765,-1.067254975352223,-0.36340288008841404,0.5725035996535631
0.04411764705882353,1.0,0.0,0.0,0.0,0.0,0.0,0.0,0.0,0.0,0.0,0.0,1.0,2003-09-01,1.0,0.0,0.0,0.0,0.12962096396817968,0.22426470588235298,-0.429649260355472,-0.30424932064555665,-0.858749921069645
0.2610294117647059,0.0,0.0,0.0,0.0,0.0,0.0,0.0,0.0,0.0,0.0,0.0,1.0,2003-09-01,1.0,0.0,0.0,0.0,0.11558259241927935,0.04411764705882353,-1.045996878256863,-0.3600255649341446,0.4535100707252077
0.04044117647058824,1.0,0.0,0.0,0.0,0.0,0.0,0.0,0.0,0.0,0.0,1.0,0.0,2003-10-01,1.0,0.0,0.0,0.0,0.11839026672905942,0.2610294117647059,-0.3283940971061622,-0.29293660792299375,-1.170657889631129
0.3235294117647059,0.0,0.0,0.0,0.0,0.0,0.0,0.0,0.0,0.0,0.0,1.0,0.0,2003-10-01,1.0,0.0,0.0,0.0,0.15629386991109034,0.04044117647058824,-0.992691484803437,-0.36233886993346137,0.7106591957011307
0.029411764705882353,1.0,0.0,0.0,0.0,0.0,0.0,0.0,0.0,0.0,1.0,0.0,0.0,2003-11-01,1.0,0.0,0.0,0.0,0.15067852129153014,0.3235294117647059,-0.07277625416370538,-0.2750669376207606,-1.407356233044697
0.23897058823529413,0.0,0.0,0.0,0.0,0.0,0.0,0.0,0.0,0.0,1.0,0.0,0.0,2003-11-01,1.0,0.0,0.0,0.0,0.14225549836219,0.029411764705882353,-1.0509932969371174,-0.3651746046912441,0.6958414351857559
0.029411764705882353,1.0,0.0,1.0,0.0,0.0,0.0,0.0,0.0,0.0,0.0,0.0,0.0,2003-12-01,1.0,0.0,0.0,0.0,0.1380439868975199,0.23897058823529413,-0.3733456084292447,-0.3009387512942365,-0.9092629917841535
0.18750000000000003,0.0,0.0,1.0,0.0,0.0,0.0,0.0,0.0,0.0,0.0,0.0,0.0,2003-12-01,1.0,0.0,0.0,0.0,0.08610201216658869,0.029411764705882353,-1.1464658636801228,-0.36443713910898096,0.379892220175979
0.029411764705882353,1.0,0.0,0.0,0.0,1.0,0.0,0.0,0.0,0.0,0.0,0.0,0.0,2004-01-01,1.0,0.0,0.0,0.0,0.08610201216658867,0.18750000000000003,-0.6274298555547464,-0.3154017369036844,-0.8833757632532356
0.24632352941176472,0.0,0.0,0.0,0.0,1.0,0.0,0.0,0.0,0.0,0.0,0.0,0.0,2004-01-01,1.0,0.0,0.0,0.0,0.08890968647636874,0.029411764705882353,-1.144853024167356,-0.36505157988046205,0.3793417730408104
0.03308823529411765,1.0,0.0,0.0,1.0,0.0,0.0,0.0,0.0,0.0,0.0,0.0,0.0,2004-02-01,1.0,0.0,0.0,0.0,0.09031352363125877,0.24632352941176472,-0.4872630093301052,3.1582912560696728,-1.0539670889097317
0.23161764705882357,0.0,0.0,0.0,1.0,0.0,0.0,0.0,0.0,0.0,0.0,0.0,0.0,2004-02-01,1.0,0.0,0.0,0.0,0.10715956948993915,0.03308823529411765,-1.1615486770515278,3.0917021677906162,0.6568298122058867
0.04044117647058824,1.0,0.0,0.0,0.0,0.0,0.0,0.0,1.0,0.0,0.0,0.0,0.0,2004-03-01,1.0,0.0,0.0,0.0,0.11137108095460926,0.23161764705882357,-0.43730592865882506,-0.3018889573590395,-1.0242675052818628
0.29411764705882354,0.0,0.0,0.0,0.0,0.0,0.0,0.0,1.0,0.0,0.0,0.0,0.0,2004-03-01,1.0,0.0,0.0,0.0,0.12962096396817968,0.04044117647058824,-1.0375405187225804,-0.3619052527700285,0.5478255531638209
0.05514705882352942,1.0,0.0,0.0,0.0,0.0,0.0,0.0,0.0,0.0,0.0,0.0,0.0,2004-04-01,1.0,0.0,0.0,0.0,0.1380439868975199,0.29411764705882354,-0.19039852288765471,-0.2619544055799153,-1.279172106187325
0.30514705882352944,0.0,0.0,0.0,0.0,0.0,0.0,0.0,0.0,0.0,0.0,0.0,0.0,2004-04-01,1.0,0.0,0.0,0.0,0.16612072999532052,0.05514705882352942,-0.9303493048504287,-0.33658374516859774,0.6677471006841562
0.04411764705882353,1.0,0.0,0.0,0.0,0.0,0.0,0.0,0.0,1.0,0.0,0.0,0.0,2004-05-01,1.0,0.0,0.0,0.0,0.16752456715021052,0.30514705882352944,-0.10484867937466016,-0.2809895949198501,-1.1840844365823997
0.3088235294117647,0.0,0.0,0.0,0.0,0.0,0.0,0.0,0.0,1.0,0.0,0.0,0.0,2004-05-01,1.0,0.0,0.0,0.0,0.17313991576977072,0.04411764705882353,-0.9527687730375288,-0.36158301161806766,0.7799549031829324
0.04411764705882353,1.0,0.0,0.0,0.0,0.0,0.0,1.0,0.0,0.0,0.0,0.0,0.0,2004-06-01,1.0,0.0,0.0,0.0,0.1689284043051006,0.3088235294117647,-0.0902581042309954,-0.2799321875004496,-1.1892523489842814
0.3419117647058824,0.0,0.0,0.0,0.0,0.0,0.0,1.0,0.0,0.0,0.0,0.0,0.0,2004-06-01,1.0,0.0,0.0,0.0,0.1829667758540009,0.04411764705882353,-0.9365758812860331,-0.36187131948851947,0.847888711911763
0.051470588235294115,1.0,0.0,0.0,0.0,0.0,1.0,0.0,0.0,0.0,0.0,0.0,0.0,2004-07-01,1.0,0.0,0.0,0.0,0.18577445016378102,0.3419117647058824,0.04450584470564984,-0.2704898034770419,-1.3153979156707383
0.2647058823529412,0.0,0.0,0.0,0.0,0.0,1.0,0.0,0.0,0.0,0.0,0.0,0.0,2004-07-01,1.0,0.0,0.0,0.0,0.1689284043051006,0.051470588235294115,-0.9353135146755935,-0.35925175525767306,0.7146980314290015
0.04411764705882353,1.0,1.0,0.0,0.0,0.0,0.0,0.0,0.0,0.0,0.0,0.0,0.0,2004-08-01,1.0,0.0,0.0,0.0,0.1689284043051006,0.2647058823529412,-0.23365093606064796,-0.29308821310218924,-0.903988938886937
0.2610294117647059,0.0,1.0,0.0,0.0,0.0,0.0,0.0,0.0,0.0,0.0,0.0,0.0,2004-08-01,1.0,0.0,0.0,0.0,0.1380439868975199,0.04411764705882353,-1.0087478882965186,-0.36050200363478424,0.5801546945101158
0.058823529411764705,1.0,0.0,0.0,0.0,0.0,0.0,0.0,0.0,0.0,0.0,0.0,1.0,2004-09-01,1.0,0.0,0.0,0.0,0.14085166120729994,0.2610294117647059,-0.2919097654414456,-0.2935516791857136,-1.0385876480585219
0.3088235294117647,0.0,0.0,0.0,0.0,0.0,0.0,0.0,0.0,0.0,0.0,0.0,1.0,2004-09-01,1.0,0.0,0.0,0.0,0.1576977070659803,0.058823529411764705,-0.9303005021354487,-0.3568340805054519,0.5988045413962598
0.04411764705882353,1.0,0.0,0.0,0.0,0.0,0.0,0.0,0.0,0.0,0.0,1.0,0.0,2004-10-01,1.0,0.0,0.0,0.0,0.1576977070659803,0.3088235294117647,-0.1095353591081466,-0.2797439005152092,-1.2617887152460643
0.2647058823529412,0.0,0.0,0.0,0.0,0.0,0.0,0.0,0.0,0.0,0.0,1.0,0.0,2004-10-01,1.0,0.0,0.0,0.0,0.1591015442208703,0.04411764705882353,-0.9762040765886407,-0.36131780304815964,0.7024021197843294
0.051470588235294115,1.0,0.0,0.0,0.0,0.0,0.0,0.0,0.0,0.0,1.0,0.0,0.0,2004-11-01,1.0,0.0,0.0,0.0,0.15629386991109034,0.2647058823529412,-0.2551710238986292,-0.29286492560606575,-0.9834421149132792
0.349264705882353,0.0,0.0,0.0,0.0,0.0,0.0,0.0,0.0,0.0,1.0,0.0,0.0,2004-11-01,1.0,0.0,0.0,0.0,0.17173607861488066,0.051470588235294115,-0.9317179072228806,-0.35941343283455324,0.7192492055506
0.03676470588235294,1.0,0.0,1.0,0.0,0.0,0.0,0.0,0.0,0.0,0.0,0.0,0.0,2004-12-01,1.0,0.0,0.0,0.0,0.1689284043051006,0.349264705882353,0.03535044510717767,-0.26876466481356975,-1.4649873340542625
0.22058823529411767,0.0,0.0,1.0,0.0,0.0,0.0,0.0,0.0,0.0,0.0,0.0,0.0,2004-12-01,1.0,0.0,0.0,0.0,0.15208235844642015,0.03676470588235294,-1.0162587763289048,-0.3641399905128371,0.71191803636715
0.04411764705882353,1.0,0.0,0.0,0.0,1.0,0.0,0.0,0.0,0.0,0.0,0.0,0.0,2005-01-01,1.0,0.0,0.0,0.0,0.14927468413664013,0.22058823529411767,-0.4179903603452062,-0.3073078233013273,-0.7388387689074942
0.2573529411764706,0.0,0.0,0.0,0.0,1.0,0.0,0.0,0.0,0.0,0.0,0.0,0.0,2005-01-01,1.0,0.0,0.0,0.0,0.11417875526438928,0.04411764705882353,-1.056291235279884,-0.3613731228449435,0.4273692758909957
0.06985294117647059,1.0,0.0,0.0,1.0,0.0,0.0,0.0,0.0,0.0,0.0,0.0,0.0,2005-02-01,1.0,0.0,0.0,0.0,0.1268132896583996,0.2573529411764706,-0.3925764726291452,3.160542835714201,-0.9166267036253564
0.25367647058823534,0.0,0.0,0.0,1.0,0.0,0.0,0.0,0.0,0.0,0.0,0.0,0.0,2005-02-01,1.0,0.0,0.0,0.0,0.13944782405240988,0.06985294117647059,-0.9898909480950742,3.101791093491927,0.5985757949930932
0.058823529411764705,1.0,0.0,0.0,0.0,0.0,0.0,0.0,1.0,0.0,0.0,0.0,0.0,2005-03-01,1.0,0.0,0.0,0.0,0.14506317267197,0.25367647058823534,-0.3112468921361025,-0.2962495286540551,-0.9765429929618024
0.30147058823529416,0.0,0.0,0.0,0.0,0.0,0.0,0.0,1.0,0.0,0.0,0.0,0.0,2005-03-01,1.0,0.0,0.0,0.0,0.16190921853065043,0.058823529411764705,-0.9257076748118259,-0.35732747200091464,0.6119127220524221
0.058823529411764705,1.0,0.0,0.0,0.0,0.0,0.0,0.0,0.0,0.0,0.0,0.0,0.0,2005-04-01,1.0,0.0,0.0,0.0,0.15769770706598035,0.30147058823529416,-0.1348115504297761,-0.26031808231500003,-1.2146304515035378
0.3125,0.0,0.0,0.0,0.0,0.0,0.0,0.0,0.0,0.0,0.0,0.0,0.0,2005-04-01,1.0,0.0,0.0,0.0,0.18015910154422088,0.058823529411764705,-0.8957721718130038,-0.33588732668784665,0.7243346699812669
0.051470588235294115,1.0,0.0,0.0,0.0,0.0,0.0,0.0,0.0,1.0,0.0,0.0,0.0,2005-05-01,1.0,0.0,0.0,0.0,0.1773514272344408,0.3125,-0.06509021613658111,-0.2790692043009532,-1.1762818464607847
0.33455882352941174,0.0,0.0,0.0,0.0,0.0,0.0,0.0,0.0,1.0,0.0,0.0,0.0,2005-05-01,1.0,0.0,0.0,0.0,0.1899859616284511,0.051470588235294115,-0.9017042317853073,-0.35986552625201473,0.8282853965632416
0.07720588235294118,1.0,0.0,0.0,0.0,0.0,0.0,1.0,0.0,0.0,0.0,0.0,0.0,2005-06-01,1.0,0.0,0.0,0.0,0.19700514740290126,0.33455882352941174,0.03872104688955318,-0.2730282056067506,-1.1984183964914548
0.36764705882352944,0.0,0.0,0.0,0.0,0.0,0.0,1.0,0.0,0.0,0.0,0.0,0.0,2005-06-01,1.0,0.0,0.0,0.0,0.21806270472625172,0.07720588235294118,-0.7723606981330623,-0.3529657848747858,0.8303140932227262
0.0661764705882353,1.0,0.0,0.0,0.0,0.0,1.0,0.0,0.0,0.0,0.0,0.0,0.0,2005-07-01,1.0,0.0,0.0,0.0,0.22367805334581187,0.36764705882352944,0.18931350504599767,-0.26386988893732466,-1.2678248986157397
0.3419117647058824,0.0,0.0,0.0,0.0,0.0,1.0,0.0,0.0,0.0,0.0,0.0,0.0,2005-07-01,1.0,0.0,0.0,0.0,0.22648572765559194,0.0661764705882353,-0.7947437669230664,-0.3565066623852375,0.9491538892691821
0.051470588235294115,1.0,1.0,0.0,0.0,0.0,0.0,0.0,0.0,0.0,0.0,0.0,0.0,2005-08-01,1.0,0.0,0.0,0.0,0.21665886757136166,0.3419117647058824,0.09449491162745743,-0.27132116010630275,-1.1422321783536697
0.28308823529411764,0.0,1.0,0.0,0.0,0.0,0.0,0.0,0.0,0.0,0.0,0.0,0.0,2005-08-01,1.0,0.0,0.0,0.0,0.1843706130088909,0.051470588235294115,-0.9101978193848991,-0.35963672033067673,0.7987023815769422
0.07352941176470588,1.0,0.0,0.0,0.0,0.0,0.0,0.0,0.0,0.0,0.0,0.0,1.0,2005-09-01,1.0,0.0,0.0,0.0,0.18717828731867103,0.28308823529411764,-0.14549978849326659,-0.28827747993584873,-0.9179129098728107
0.286764705882353,0.0,0.0,0.0,0.0,0.0,0.0,0.0,0.0,0.0,0.0,0.0,1.0,2005-09-01,1.0,0.0,0.0,0.0,0.16612072999532052,0.07352941176470588,-0.8688733004819185,-0.3526686508631075,0.5495650764255776
0.07352941176470588,1.0,0.0,0.0,0.0,0.0,0.0,0.0,0.0,0.0,0.0,1.0,0.0,2005-10-01,1.0,0.0,0.0,0.0,0.17454375292466068,0.286764705882353,-0.15419063392904392,-0.28684424704067135,-1.0177123241035246
0.2720588235294118,0.0,0.0,0.0,0.0,0.0,0.0,0.0,0.0,0.0,0.0,1.0,0.0,2005-10-01,1.0,0.0,0.0,0.0,0.1703322414599906,0.07352941176470588,-0.8623945356928939,-0.3528246195611954,0.5715008672360098
0.06985294117647059,1.0,0.0,0.0,0.0,0.0,0.0,0.0,0.0,0.0,1.0,0.0,0.0,2005-11-01,1.0,0.0,0.0,0.0,0.1689284043051006,0.2720588235294118,-0.2108901294548932,-0.2910256970883064,-0.9594283634881866
0.33088235294117646,0.0,0.0,0.0,0.0,0.0,0.0,0.0,0.0,0.0,1.0,0.0,0.0,2005-11-01,1.0,0.0,0.0,0.0,0.1857744501637809,0.06985294117647059,-0.8492808661488964,-0.3543080984080447,0.6779638259665947
0.04779411764705882,1.0,0.0,1.0,0.0,0.0,0.0,0.0,0.0,0.0,0.0,0.0,0.0,2005-12-01,1.0,0.0,0.0,0.0,0.1759475900795507,0.33088235294117646,-0.013168361924379297,-0.27447871499861065,-1.3021182446941741
0.1360294117647059,0.0,0.0,1.0,0.0,0.0,0.0,0.0,0.0,0.0,0.0,0.0,0.0,2005-12-01,1.0,0.0,0.0,0.0,0.12400561534861951,0.04779411764705882,-1.0255881573580548,-0.36002168254214245,0.47640171167153555
0.08088235294117646,1.0,0.0,0.0,0.0,1.0,0.0,0.0,0.0,0.0,0.0,0.0,0.0,2006-01-01,1.0,0.0,0.0,0.0,0.12821712681328962,0.1360294117647059,-0.7271030655978502,-0.33205037423090017,-0.2976530226171645
0.33455882352941174,0.0,0.0,0.0,0.0,1.0,0.0,0.0,0.0,0.0,0.0,0.0,0.0,2006-01-01,1.0,0.0,0.0,0.0,0.12962096396817963,0.08088235294117646,-0.9117680935573723,-0.35079722453680695,0.2718482908573351
0.08088235294117646,1.0,0.0,0.0,1.0,0.0,0.0,0.0,0.0,0.0,0.0,0.0,0.0,2006-02-01,1.0,0.0,0.0,0.0,0.14225549836218995,0.33455882352941174,-0.11643858380609494,3.183243252873171,-1.3412982980820842
0.3161764705882353,0.0,0.0,0.0,1.0,0.0,0.0,0.0,0.0,0.0,0.0,0.0,0.0,2006-02-01,1.0,0.0,0.0,0.0,0.21104351895180157,0.08088235294117646,-0.8386740213234021,3.1030281468722345,0.9385556965709416
0.09558823529411765,1.0,0.0,0.0,0.0,0.0,0.0,0.0,1.0,0.0,0.0,0.0,0.0,2006-03-01,1.0,0.0,0.0,0.0,0.21665886757136166,0.3161764705882353,0.007479712763527512,-0.2795812694635961,-0.9791184124678575
0.3272058823529412,0.0,0.0,0.0,0.0,0.0,0.0,0.0,1.0,0.0,0.0,0.0,0.0,2006-03-01,1.0,0.0,0.0,0.0,0.21385119326158164,0.09558823529411765,-0.7223929274157735,-0.3478066810075676,0.6671368339639734
0.07352941176470588,1.0,0.0,0.0,0.0,0.0,0.0,0.0,0.0,0.0,0.0,0.0,0.0,2006-04-01,1.0,0.0,0.0,0.0,0.21104351895180157,0.3272058823529412,0.03486948154168505,-0.25414455933153984,-1.0778960472794108
0.3602941176470589,0.0,0.0,0.0,0.0,0.0,0.0,0.0,0.0,0.0,0.0,0.0,0.0,2006-04-01,1.0,0.0,0.0,0.0,0.22788956481048195,0.07352941176470588,-0.771030933280276,-0.33285816646142924,0.9020514632592745
0.09191176470588236,1.0,0.0,0.0,0.0,0.0,0.0,0.0,0.0,1.0,0.0,0.0,0.0,2006-05-01,1.0,0.0,0.0,0.0,0.22648572765559194,0.3602941176470589,0.169597031081234,-0.26616056424715034,-1.2106736075135478
0.3860294117647059,0.0,0.0,0.0,0.0,0.0,0.0,0.0,0.0,1.0,0.0,0.0,0.0,2006-05-01,1.0,0.0,0.0,0.0,0.2489471221338324,0.09191176470588236,-0.6751184293659728,-0.34944541152507247,0.8995691745132084
0.08088235294117646,1.0,0.0,0.0,0.0,0.0,0.0,1.0,0.0,0.0,0.0,0.0,0.0,2006-06-01,1.0,0.0,0.0,0.0,0.2517547964436125,0.3860294117647059,0.2944181335278219,-0.2591796607687837,-1.224856072157541
0.2647058823529412,0.0,0.0,0.0,0.0,0.0,0.0,1.0,0.0,0.0,0.0,0.0,0.0,2006-06-01,1.0,0.0,0.0,0.0,0.21525503041647165,0.08088235294117646,-0.7649181523295795,-0.3517823937872087,0.7896346946989694
0.08088235294117646,1.0,0.0,0.0,0.0,0.0,1.0,0.0,0.0,0.0,0.0,0.0,0.0,2006-07-01,1.0,0.0,0.0,0.0,0.2110435189518015,0.2647058823529412,-0.1660567916353747,-0.29436707110250737,-0.6556644823135824
0.3602941176470589,0.0,0.0,0.0,0.0,0.0,1.0,0.0,0.0,0.0,0.0,0.0,0.0,2006-07-01,1.0,0.0,0.0,0.0,0.20121665886757134,0.08088235294117646,-0.7875857397374196,-0.3513672875292412,0.705380488656766
0.09191176470588236,1.0,1.0,0.0,0.0,0.0,0.0,0.0,0.0,0.0,0.0,0.0,0.0,2006-08-01,1.0,0.0,0.0,0.0,0.20542817033224148,0.3602941176470589,0.13623007185052896,-0.2654853667695553,-1.3294180096689754
0.4007352941176471,0.0,1.0,0.0,0.0,0.0,0.0,0.0,0.0,0.0,0.0,0.0,0.0,2006-08-01,1.0,0.0,0.0,0.0,0.25737014506317263,0.09191176470588236,-0.6609998609372796,-0.3496224161094228,0.9510419660442986
0.06985294117647059,1.0,0.0,0.0,0.0,0.0,0.0,0.0,0.0,0.0,0.0,0.0,1.0,2006-09-01,1.0,0.0,0.0,0.0,0.25315863359850255,0.4007352941176471,0.3436566091321475,-0.2549134617465239,-1.3199342102900045
0.33455882352941174,0.0,0.0,0.0,0.0,0.0,0.0,0.0,0.0,0.0,0.0,0.0,1.0,2006-09-01,1.0,0.0,0.0,0.0,0.24333177351427232,0.06985294117647059,-0.7564714193354918,-0.3560028376308323,1.019840249491497
0.07352941176470588,1.0,0.0,0.0,0.0,0.0,0.0,0.0,0.0,0.0,0.0,1.0,0.0,2006-10-01,1.0,0.0,0.0,0.0,0.23631258773982217,0.33455882352941174,0.10084755371422731,-0.274300836441988,-0.9791538592906368
0.44117647058823534,0.0,0.0,0.0,0.0,0.0,0.0,0.0,0.0,0.0,0.0,1.0,0.0,2006-10-01,1.0,0.0,0.0,0.0,0.2517547964436125,0.07352941176470588,-0.731244030728842,-0.35517832049418724,1.041624545036867
0.07720588235294118,1.0,0.0,0.0,0.0,0.0,0.0,0.0,0.0,0.0,1.0,0.0,0.0,2006-11-01,1.0,0.0,0.0,0.0,0.2545624707533926,0.44117647058823534,0.4774329647380776,-0.2427986077967941,-1.5905268558649395
0.33823529411764713,0.0,0.0,0.0,0.0,0.0,0.0,0.0,0.0,0.0,1.0,0.0,0.0,2006-11-01,1.0,0.0,0.0,0.0,0.2559663079082827,0.07720588235294118,-0.7122901319891924,-0.3541326929636072,1.0343063841129834
0.05514705882352942,1.0,0.0,1.0,0.0,0.0,0.0,0.0,0.0,0.0,0.0,0.0,0.0,2006-12-01,1.0,0.0,0.0,0.0,0.24894712213383247,0.33823529411764713,0.12834480344098168,-0.2743844716553108,-0.9295645252443077
0.25000000000000006,0.0,0.0,1.0,0.0,0.0,0.0,0.0,0.0,0.0,0.0,0.0,0.0,2006-12-01,1.0,0.0,0.0,0.0,0.1759475900795508,0.05514705882352942,-0.917993226035121,-0.35931872344031024,0.7273717213453179
0.10661764705882353,1.0,0.0,0.0,0.0,1.0,0.0,0.0,0.0,0.0,0.0,0.0,0.0,2007-01-01,1.0,0.0,0.0,0.0,0.1871782873186711,0.25000000000000006,-0.26121772299571805,-0.2995856797751707,-0.715733989072774
0.33088235294117646,0.0,0.0,0.0,0.0,1.0,0.0,0.0,0.0,0.0,0.0,0.0,0.0,2007-01-01,1.0,0.0,0.0,0.0,0.18437061300889096,0.10661764705882353,-0.7398258459830823,-0.3446642826039156,0.41668827573320116
0.08088235294117646,1.0,0.0,0.0,1.0,0.0,0.0,0.0,0.0,0.0,0.0,0.0,0.0,2007-02-01,1.0,0.0,0.0,0.0,0.1941974730931212,0.33088235294117646,-0.04473858351058092,3.180639525015685,-1.0169235767474651
0.3161764705882353,0.0,0.0,0.0,1.0,0.0,0.0,0.0,0.0,0.0,0.0,0.0,0.0,2007-02-01,1.0,0.0,0.0,0.0,0.21946654188114179,0.08088235294117646,-0.8251067277064312,3.1027846605688216,0.9871891804813753
0.09558823529411765,1.0,0.0,0.0,0.0,0.0,0.0,0.0,1.0,0.0,0.0,0.0,0.0,2007-03-01,1.0,0.0,0.0,0.0,0.2152550304164717,0.3161764705882353,0.005218497160699075,-0.27954068841302726,-0.9872239931195963
0.3455882352941177,0.0,0.0,0.0,0.0,0.0,0.0,0.0,1.0,0.0,0.0,0.0,0.0,2007-03-01,1.0,0.0,0.0,0.0,0.22087037903603185,0.09558823529411765,-0.711086849401631,-0.3480095862604118,0.7076647372226682
0.07352941176470588,1.0,0.0,0.0,0.0,0.0,0.0,0.0,0.0,0.0,0.0,0.0,0.0,2007-04-01,1.0,0.0,0.0,0.0,0.21806270472625172,0.3455882352941177,0.10600044460152674,-0.24883631965218725,-1.1597093301221106
0.2573529411764706,0.0,0.0,0.0,0.0,0.0,0.0,0.0,0.0,0.0,0.0,0.0,0.0,2007-04-01,1.0,0.0,0.0,0.0,0.1956013102480112,0.07352941176470588,-0.823038892145331,-0.3319248022983463,0.7156231082692793
0.10294117647058823,1.0,0.0,0.0,0.0,0.0,0.0,0.0,0.0,1.0,0.0,0.0,0.0,2007-05-01,1.0,0.0,0.0,0.0,0.19840898455779132,0.2573529411764706,-0.2106466372312518,-0.29621135485607597,-0.6876745783805182
0.29411764705882354,0.0,0.0,0.0,0.0,0.0,0.0,0.0,0.0,1.0,0.0,0.0,0.0,2007-05-01,1.0,0.0,0.0,0.0,0.17875526438933087,0.10294117647058823,-0.7522842784799771,-0.34410967203731313,0.42088543026542663
0.1360294117647059,1.0,0.0,0.0,0.0,0.0,0.0,1.0,0.0,0.0,0.0,0.0,0.0,2007-06-01,1.0,0.0,0.0,0.0,0.20262049602246135,0.29411764705882354,-0.08384883779967132,-0.2853150486598589,-0.896845464461432
0.2610294117647059,0.0,0.0,0.0,0.0,0.0,0.0,1.0,0.0,0.0,0.0,0.0,0.0,2007-06-01,1.0,0.0,0.0,0.0,0.2040243331773514,0.1360294117647059,-0.6035332220151095,-0.33492431058606775,0.35776649118087556
0.09191176470588236,1.0,0.0,0.0,0.0,0.0,1.0,0.0,0.0,0.0,0.0,0.0,0.0,2007-07-01,1.0,0.0,0.0,0.0,0.19981282171268133,0.2610294117647059,-0.19611149346714224,-0.2951446516843961,-0.6960408903072145
0.4264705882352941,0.0,0.0,0.0,0.0,0.0,1.0,0.0,0.0,0.0,0.0,0.0,0.0,2007-07-01,1.0,0.0,0.0,0.0,0.2503509592887225,0.09191176470588236,-0.6725482626110031,-0.34948093733983193,0.9156710998067913
0.09558823529411765,1.0,1.0,0.0,0.0,0.0,0.0,0.0,0.0,0.0,0.0,0.0,0.0,2007-08-01,1.0,0.0,0.0,0.0,0.2349087505849321,0.4264705882352941,0.39908518567444423,-0.24649744707559212,-1.599629085947477
0.4007352941176471,0.0,1.0,0.0,0.0,0.0,0.0,0.0,0.0,0.0,0.0,0.0,0.0,2007-08-01,1.0,0.0,0.0,0.0,0.2882545624707534,0.09558823529411765,-0.5992881406659132,-0.34941297023549756,1.104896503162276
0.11029411764705883,1.0,0.0,0.0,0.0,0.0,0.0,0.0,0.0,0.0,0.0,0.0,1.0,2007-09-01,1.0,0.0,0.0,0.0,0.2952737482452035,0.4007352941176471,0.41149307721700185,-0.2561308932635887,-1.076766790737837
0.25367647058823534,0.0,0.0,0.0,0.0,0.0,0.0,0.0,0.0,0.0,0.0,0.0,1.0,2007-09-01,1.0,0.0,0.0,0.0,0.22929340196537207,0.11029411764705883,-0.6474688282632381,-0.343472508274311,0.6696338335510408
0.11397058823529413,1.0,0.0,0.0,0.0,0.0,0.0,0.0,0.0,0.0,0.0,1.0,0.0,2007-10-01,1.0,0.0,0.0,0.0,0.23631258773982217,0.25367647058823534,-0.16238194048684945,-0.29854987414365397,-0.4408526404445023
0.3198529411764706,0.0,0.0,0.0,0.0,0.0,0.0,0.0,0.0,0.0,0.0,1.0,0.0,2007-10-01,1.0,0.0,0.0,0.0,0.20542817033224148,0.11397058823529413,-0.6742493985216435,-0.341714626974583,0.5049897741064158
0.12500000000000003,1.0,0.0,0.0,0.0,0.0,0.0,0.0,0.0,0.0,1.0,0.0,0.0,2007-11-01,1.0,0.0,0.0,0.0,0.21104351895180157,0.3198529411764706,0.012491039748779522,-0.2779141517816595,-1.0343480277996444
0.28308823529411764,0.0,0.0,0.0,0.0,0.0,0.0,0.0,0.0,0.0,1.0,0.0,0.0,2007-11-01,1.0,0.0,0.0,0.0,0.22227421619092186,0.12500000000000003,-0.6110146053382578,-0.3388297709262437,0.521685364607624
0.07352941176470588,1.0,0.0,1.0,0.0,0.0,0.0,0.0,0.0,0.0,0.0,0.0,0.0,2007-12-01,1.0,0.0,0.0,0.0,0.2068320074871315,0.28308823529411764,-0.1189663197809707,-0.28970047493483647,-0.8057083864922924
0.18014705882352944,0.0,0.0,1.0,0.0,0.0,0.0,0.0,0.0,0.0,0.0,0.0,0.0,2007-12-01,1.0,0.0,0.0,0.0,0.15348619560131027,0.07352941176470588,-0.8943477906346775,-0.3531582816990122,0.475341244816101
0.10294117647058823,1.0,0.0,0.0,0.0,1.0,0.0,0.0,0.0,0.0,0.0,0.0,0.0,2008-01-01,1.0,0.0,0.0,0.0,0.14506317267197005,0.18014705882352944,-0.55638875425423,-0.3193105990004538,-0.49400490143964343
0.30147058823529416,0.0,0.0,0.0,0.0,1.0,0.0,0.0,0.0,0.0,0.0,0.0,0.0,2008-01-01,1.0,0.0,0.0,0.0,0.15208235844642026,0.10294117647058823,-0.8037987818572774,-0.34483314742727195,0.25472815796348525
0.08088235294117646,1.0,0.0,0.0,1.0,0.0,0.0,0.0,0.0,0.0,0.0,0.0,0.0,2008-02-01,1.0,0.0,0.0,0.0,0.15489003275620034,0.30147058823529416,-0.20377243646289703,3.1729579625400968,-1.0481339372339238
0.33455882352941174,0.0,0.0,0.0,1.0,0.0,0.0,0.0,0.0,0.0,0.0,0.0,0.0,2008-02-01,1.0,0.0,0.0,0.0,0.2138511932615817,0.08088235294117646,-0.8341515901177452,3.102946984771097,0.9547668578744198
0.08455882352941177,1.0,0.0,0.0,0.0,0.0,0.0,0.0,1.0,0.0,0.0,0.0,0.0,2008-03-01,1.0,0.0,0.0,0.0,0.2068320074871315,0.33455882352941174,0.051476088589427545,-0.2737860571774175,-1.1581986631314238
0.286764705882353,0.0,0.0,0.0,0.0,0.0,0.0,0.0,1.0,0.0,0.0,0.0,0.0,2008-03-01,1.0,0.0,0.0,0.0,0.20121665886757134,0.08455882352941177,-0.7786387988686495,-0.3507481385117663,0.6675913197591599
0.09558823529411765,1.0,0.0,0.0,0.0,0.0,0.0,0.0,0.0,0.0,0.0,0.0,0.0,2008-04-01,1.0,0.0,0.0,0.0,0.2068320074871315,0.286764705882353,-0.10352891236733881,-0.2661473350306664,-0.8330621798115605
0.349264705882353,0.0,0.0,0.0,0.0,0.0,0.0,0.0,0.0,0.0,0.0,0.0,0.0,2008-04-01,1.0,0.0,0.0,0.0,0.21244735610669163,0.09558823529411765,-0.7241144428565502,-0.32579840098653606,0.6660806527684736
0.13235294117647062,1.0,0.0,0.0,0.0,0.0,0.0,0.0,0.0,1.0,0.0,0.0,0.0,2008-05-01,1.0,0.0,0.0,0.0,0.23069723912026208,0.349264705882353,0.14048574686229978,-0.2695889943581749,-1.1129521538974942
0.3198529411764706,0.0,0.0,0.0,0.0,0.0,0.0,0.0,0.0,1.0,0.0,0.0,0.0,2008-05-01,1.0,0.0,0.0,0.0,0.24333177351427232,0.13235294117647062,-0.5525485446767482,-0.3371585684719642,0.5979962424831858
0.13235294117647062,1.0,0.0,0.0,0.0,0.0,0.0,1.0,0.0,0.0,0.0,0.0,0.0,2008-06-01,1.0,0.0,0.0,0.0,0.25737014506317263,0.3198529411764706,0.0880934097746186,-0.27918210672696764,-0.7520054795855662
0.33455882352941174,0.0,0.0,0.0,0.0,0.0,0.0,1.0,0.0,0.0,0.0,0.0,0.0,2008-06-01,1.0,0.0,0.0,0.0,0.2517547964436125,0.13235294117647062,-0.538616868528081,-0.3374062952918472,0.6578244705602774
0.10661764705882353,1.0,0.0,0.0,0.0,0.0,1.0,0.0,0.0,0.0,0.0,0.0,0.0,2008-07-01,1.0,0.0,0.0,0.0,0.24192793635938226,0.33455882352941174,0.11102451480050918,-0.27431750347267364,-0.9422382151606239
0.3161764705882353,0.0,0.0,0.0,0.0,0.0,1.0,0.0,0.0,0.0,0.0,0.0,0.0,2008-07-01,1.0,0.0,0.0,0.0,0.24052409920449225,0.10661764705882353,-0.6405168637942431,-0.34478795404009277,0.7610590863635032
0.11029411764705883,1.0,1.0,0.0,0.0,0.0,0.0,0.0,0.0,0.0,0.0,0.0,0.0,2008-08-01,1.0,0.0,0.0,0.0,0.23210107627515209,0.3161764705882353,0.03561344419459162,-0.27948315456763534,-0.8817931306425895
0.3088235294117647,0.0,1.0,0.0,0.0,0.0,0.0,0.0,0.0,0.0,0.0,0.0,0.0,2008-08-01,1.0,0.0,0.0,0.0,0.2222742161909218,0.11029411764705883,-0.6577053659622925,-0.3430967449130053,0.6260612636494312
0.12500000000000003,1.0,0.0,0.0,0.0,0.0,0.0,0.0,0.0,0.0,0.0,0.0,1.0,2008-09-01,1.0,0.0,0.0,0.0,0.22929340196537196,0.3088235294117647,0.006091518655566793,-0.28177930854783795,-0.8460231508625954
0.29044117647058826,0.0,0.0,0.0,0.0,0.0,0.0,0.0,0.0,0.0,0.0,0.0,1.0,2008-09-01,1.0,0.0,0.0,0.0,0.21946654188114179,0.12500000000000003,-0.6154374294464782,-0.3387795249745717,0.515021820107753
0.11397058823529413,1.0,0.0,0.0,0.0,0.0,0.0,0.0,0.0,0.0,0.0,1.0,0.0,2008-10-01,1.0,0.0,0.0,0.0,0.2208703790360318,0.29044117647058826,-0.06760554202656423,-0.2870811927230032,-0.7746963998164188
0.37500000000000006,0.0,0.0,0.0,0.0,0.0,0.0,0.0,0.0,0.0,0.0,1.0,0.0,2008-10-01,1.0,0.0,0.0,0.0,0.2461394478240524,0.11397058823529413,-0.6086741460396173,-0.3428914774410789,0.7400516130068442
0.10294117647058823,1.0,0.0,0.0,0.0,0.0,0.0,0.0,0.0,0.0,1.0,0.0,0.0,2008-11-01,1.0,0.0,0.0,0.0,0.23771642489471223,0.37500000000000006,0.23492879133961858,-0.2621517569458767,-1.2473655537207875
0.2977941176470588,0.0,0.0,0.0,0.0,0.0,0.0,0.0,0.0,0.0,1.0,0.0,0.0,2008-11-01,1.0,0.0,0.0,0.0,0.24052409920449225,0.10294117647058823,-0.653408664556327,-0.34597069850227463,0.7738673364019034
0.08455882352941177,1.0,0.0,1.0,0.0,0.0,0.0,0.0,0.0,0.0,0.0,0.0,0.0,2008-12-01,1.0,0.0,0.0,0.0,0.229293401965372,0.2977941176470588,-0.03492696209915572,-0.28594085579818035,-0.7738920449455851
0.18382352941176472,0.0,0.0,1.0,0.0,0.0,0.0,0.0,0.0,0.0,0.0,0.0,0.0,2008-12-01,1.0,0.0,0.0,0.0,0.15629386991109034,0.08455882352941177,-0.8539304284016013,-0.34993275684083186,0.41814769445874234
0.08455882352941177,1.0,0.0,0.0,0.0,1.0,0.0,0.0,0.0,0.0,0.0,0.0,0.0,2009-01-01,1.0,0.0,0.0,0.0,0.14927468413664013,0.18382352941176472,-0.5376401304366046,-0.31833011316572085,-0.4941563967047054
0.2757352941176471,0.0,0.0,0.0,0.0,1.0,0.0,0.0,0.0,0.0,0.0,0.0,0.0,2009-01-01,1.0,0.0,0.0,0.0,0.14085166120729994,0.08455882352941177,-0.8817133917256045,-0.35001964395491814,0.312224698850968
0.08455882352941177,1.0,0.0,0.0,1.0,0.0,0.0,0.0,0.0,0.0,0.0,0.0,0.0,2009-02-01,1.0,0.0,0.0,0.0,0.14085166120729994,0.2757352941176471,-0.31013943155516105,3.1656481701407095,-0.9579120832093613
0.24632352941176472,0.0,0.0,0.0,1.0,0.0,0.0,0.0,0.0,0.0,0.0,0.0,0.0,2009-02-01,1.0,0.0,0.0,0.0,0.16471689284043056,0.08455882352941177,-0.9013291592076021,3.1054695505274457,0.6466032978432787
0.10661764705882353,1.0,0.0,0.0,0.0,0.0,0.0,0.0,1.0,0.0,0.0,0.0,0.0,2009-03-01,1.0,0.0,0.0,0.0,0.17313991576977072,0.24632352941176472,-0.28995253409781246,-0.29926560763831045,-0.7654949054864655
0.3125,0.0,0.0,0.0,0.0,0.0,0.0,0.0,1.0,0.0,0.0,0.0,0.0,2009-03-01,1.0,0.0,0.0,0.0,0.18717828731867103,0.10661764705882353,-0.7294610928420951,-0.34372895408744186,0.43972608992009743
0.1286764705882353,1.0,0.0,0.0,0.0,0.0,0.0,0.0,0.0,0.0,0.0,0.0,0.0,2009-04-01,1.0,0.0,0.0,0.0,0.20402433317735147,0.3125,-0.02429650450901676,-0.2583505700244532,-1.0205510016569896
0.3602941176470589,0.0,0.0,0.0,0.0,0.0,0.0,0.0,0.0,0.0,0.0,0.0,0.0,2009-04-01,1.0,0.0,0.0,0.0,0.24754328497894246,0.1286764705882353,-0.5598992597035796,-0.3168928663728024,0.6485060340794367
0.10294117647058823,1.0,0.0,0.0,0.0,0.0,0.0,0.0,0.0,1.0,0.0,0.0,0.0,2009-05-01,1.0,0.0,0.0,0.0,0.2461394478240524,0.3602941176470589,0.20125404952083267,-0.26672869895511386,-1.0971954783892033
0.29044117647058826,0.0,0.0,0.0,0.0,0.0,0.0,0.0,0.0,1.0,0.0,0.0,0.0,2009-05-01,1.0,0.0,0.0,0.0,0.23771642489471217,0.10294117647058823,-0.6573132231611811,-0.34581407616120374,0.7613198176384609
0.11764705882352941,1.0,0.0,0.0,0.0,0.0,0.0,1.0,0.0,0.0,0.0,0.0,0.0,2009-06-01,1.0,0.0,0.0,0.0,0.2335049134300421,0.29044117647058826,-0.0460670715465845,-0.28731006075881244,-0.6940544529028966
0.3566176470588236,0.0,0.0,0.0,0.0,0.0,0.0,1.0,0.0,0.0,0.0,0.0,0.0,2009-06-01,1.0,0.0,0.0,0.0,0.23210107627515209,0.11764705882352941,-0.6181337950042392,-0.3412470765296411,0.6422192903170482
0.13235294117647062,1.0,0.0,0.0,0.0,0.0,1.0,0.0,0.0,0.0,0.0,0.0,0.0,2009-07-01,1.0,0.0,0.0,0.0,0.24333177351427238,0.3566176470588236,0.1850755924581771,-0.26774471060460625,-1.0809420578305582
0.3198529411764706,0.0,0.0,0.0,0.0,0.0,1.0,0.0,0.0,0.0,0.0,0.0,0.0,2009-07-01,1.0,0.0,0.0,0.0,0.25456247075339267,0.13235294117647062,-0.5341498687019793,-0.3374781616407054,0.6708372323389411
0.11029411764705883,1.0,1.0,0.0,0.0,0.0,0.0,0.0,0.0,0.0,0.0,0.0,0.0,2009-08-01,1.0,0.0,0.0,0.0,0.2517547964436126,0.3198529411764706,0.0792354396433305,-0.27894906028915956,-0.7927832387385234
0.30514705882352944,0.0,1.0,0.0,0.0,0.0,0.0,0.0,0.0,0.0,0.0,0.0,0.0,2009-08-01,1.0,0.0,0.0,0.0,0.23210107627515209,0.11029411764705883,-0.6418768567424928,-0.3433808122669871,0.6828003282116041
0.15808823529411767,1.0,0.0,0.0,0.0,0.0,0.0,0.0,0.0,0.0,0.0,0.0,1.0,2009-09-01,1.0,0.0,0.0,0.0,0.2419279363593823,0.30514705882352944,0.014477482071883421,-0.28324676698939677,-0.7486046877766659
0.3161764705882353,0.0,0.0,0.0,0.0,0.0,0.0,0.0,0.0,0.0,0.0,0.0,1.0,2009-09-01,1.0,0.0,0.0,0.0,0.24052409920449225,0.15808823529411767,-0.47383440232179214,-0.32946817985514987,0.416391394901327
0.12500000000000003,1.0,0.0,0.0,0.0,0.0,0.0,0.0,0.0,0.0,0.0,1.0,0.0,2009-10-01,1.0,0.0,0.0,0.0,0.2461394478240524,0.3161764705882353,0.05685117788832737,-0.2800960487281665,-0.8000736086270701
0.29411764705882354,0.0,0.0,0.0,0.0,0.0,0.0,0.0,0.0,0.0,0.0,1.0,0.0,2009-10-01,1.0,0.0,0.0,0.0,0.2419279363593823,0.12500000000000003,-0.5795628618206833,-0.33946304733005433,0.6423301593907913
0.10661764705882353,1.0,0.0,0.0,0.0,0.0,0.0,0.0,0.0,0.0,1.0,0.0,0.0,2009-11-01,1.0,0.0,0.0,0.0,0.2222742161909219,0.29411764705882354,-0.053174074492571666,-0.2859544030912856,-0.7982257220437806
0.2720588235294118,0.0,0.0,0.0,0.0,0.0,0.0,0.0,0.0,0.0,1.0,0.0,0.0,2009-11-01,1.0,0.0,0.0,0.0,0.20542817033224148,0.10661764705882353,-0.6979740776178989,-0.3438539432516146,0.5467595828881514
0.07352941176470588,1.0,0.0,1.0,0.0,0.0,0.0,0.0,0.0,0.0,0.0,0.0,0.0,2009-12-01,1.0,0.0,0.0,0.0,0.18577445016378102,0.2720588235294118,-0.18877948485081744,-0.2923984461356222,-0.8538873846075395
0.24264705882352944,0.0,0.0,1.0,0.0,0.0,0.0,0.0,0.0,0.0,0.0,0.0,0.0,2009-12-01,1.0,0.0,0.0,0.0,0.16612072999532057,0.07352941176470588,-0.873996850209221,-0.3535235111541317,0.5482914706817513
0.1213235294117647,1.0,0.0,0.0,0.0,1.0,0.0,0.0,0.0,0.0,0.0,0.0,0.0,2010-01-01,0.0,1.0,0.0,0.0,0.17173607861488072,0.24264705882352944,-0.3100210486451111,-0.3013437461917923,-0.7559589018013444
0.24632352941176472,0.0,0.0,0.0,0.0,1.0,0.0,0.0,0.0,0.0,0.0,0.0,0.0,2010-01-01,0.0,1.0,0.0,0.0,0.1619092185306505,0.1213235294117647,-0.7281453875917786,-0.33960606984905695,0.18912603642426357
0.11029411764705883,1.0,0.0,0.0,1.0,0.0,0.0,0.0,0.0,0.0,0.0,0.0,0.0,2010-02-01,0.0,1.0,0.0,0.0,0.1759475900795508,0.24632352941176472,-0.34932885755756776,3.155815811984974,-0.5595266691536573
0.2647058823529412,0.0,0.0,0.0,1.0,0.0,0.0,0.0,0.0,0.0,0.0,0.0,0.0,2010-02-01,0.0,1.0,0.0,0.0,0.18437061300889096,0.11029411764705883,-0.7859173017040243,3.112617018724557,0.5888037664256713
0.1360294117647059,1.0,0.0,0.0,0.0,0.0,0.0,0.0,1.0,0.0,0.0,0.0,0.0,2010-03-01,0.0,1.0,0.0,0.0,0.1899859616284511,0.2647058823529412,-0.20299306181817148,-0.2942414353129395,-0.7905691237669927
0.3272058823529412,0.0,0.0,0.0,0.0,0.0,0.0,0.0,1.0,0.0,0.0,0.0,0.0,2010-03-01,0.0,1.0,0.0,0.0,0.22087037903603185,0.1360294117647059,-0.5794721023010927,-0.3358850674095788,0.438514127799601
0.1433823529411765,1.0,0.0,0.0,0.0,0.0,0.0,0.0,0.0,0.0,0.0,0.0,0.0,2010-04-01,0.0,1.0,0.0,0.0,0.2335049134300421,0.3272058823529412,0.07104893118694079,-0.2547938561406411,-0.9482067568515881
0.3897058823529412,0.0,0.0,0.0,0.0,0.0,0.0,0.0,0.0,0.0,0.0,0.0,0.0,2010-04-01,0.0,1.0,0.0,0.0,0.2812353766963032,0.1433823529411765,-0.4577701771991365,-0.31345789564069676,0.7451670208400557
0.1433823529411765,1.0,0.0,0.0,0.0,0.0,0.0,0.0,0.0,1.0,0.0,0.0,0.0,2010-05-01,0.0,1.0,0.0,0.0,0.2840430510060833,0.3897058823529412,0.3580266868703205,-0.25900655542895734,-1.0740906985544827
0.29044117647058826,0.0,0.0,0.0,0.0,0.0,0.0,0.0,0.0,1.0,0.0,0.0,0.0,2010-05-01,0.0,1.0,0.0,0.0,0.270004679457183,0.1433823529411765,-0.4736905171955875,-0.3346229214734538,0.6785975632053888
0.15073529411764708,1.0,0.0,0.0,0.0,0.0,0.0,1.0,0.0,0.0,0.0,0.0,0.0,2010-06-01,0.0,1.0,0.0,0.0,0.27281235376696306,0.29044117647058826,0.017246965332612982,-0.2884463301747396,-0.46709819465420704
0.41911764705882354,0.0,0.0,0.0,0.0,0.0,0.0,1.0,0.0,0.0,0.0,0.0,0.0,2010-06-01,0.0,1.0,0.0,0.0,0.2840430510060833,0.15073529411764708,-0.4267840246173265,-0.33282851452273343,0.7219116394488786
0.15808823529411767,1.0,0.0,0.0,0.0,0.0,1.0,0.0,0.0,0.0,0.0,0.0,0.0,2010-07-01,0.0,1.0,0.0,0.0,0.28965839962564344,0.41911764705882354,0.4631003165068944,-0.2503459925039084,-1.2294179290679144
0.2757352941176471,0.0,0.0,0.0,0.0,0.0,1.0,0.0,0.0,0.0,0.0,0.0,0.0,2010-07-01,0.0,1.0,0.0,0.0,0.2840430510060833,0.15808823529411767,-0.40290950197860204,-0.33061476079757524,0.6697767654835063
0.15441176470588236,1.0,1.0,0.0,0.0,0.0,0.0,0.0,0.0,0.0,0.0,0.0,0.0,2010-08-01,0.0,1.0,0.0,0.0,0.28544688816097336,0.2757352941176471,-0.010075109998464393,-0.29314975334008364,-0.30463045645344305
0.30147058823529416,0.0,1.0,0.0,0.0,0.0,0.0,0.0,0.0,0.0,0.0,0.0,0.0,2010-08-01,0.0,1.0,0.0,0.0,0.2405240992044923,0.15441176470588236,-0.4847298390158437,-0.33039755073312765,0.4378149654786917
0.15441176470588236,1.0,0.0,0.0,0.0,0.0,0.0,0.0,0.0,0.0,0.0,0.0,1.0,2010-09-01,0.0,1.0,0.0,0.0,0.2391202620496023,0.30147058823529416,-0.0020099261429133135,-0.2842678338746985,-0.740347611859865
0.40808823529411764,0.0,0.0,0.0,0.0,0.0,0.0,0.0,0.0,0.0,0.0,0.0,1.0,2010-09-01,0.0,1.0,0.0,0.0,0.28965839962564344,0.15441176470588236,-0.40665683323193513,-0.3319907456114981,0.7245549549324684
0.15808823529411767,1.0,0.0,0.0,0.0,0.0,0.0,0.0,0.0,0.0,0.0,1.0,0.0,2010-10-01,0.0,1.0,0.0,0.0,0.29106223678053345,0.40808823529411764,0.42833450240733517,-0.2538389176853849,-1.1524009582783956
0.3235294117647059,0.0,0.0,0.0,0.0,0.0,0.0,0.0,0.0,0.0,0.0,1.0,0.0,2010-10-01,0.0,1.0,0.0,0.0,0.29948525970987366,0.15808823529411767,-0.3791682290224567,-0.3312068095254219,0.7544448311295772
0.17279411764705885,1.0,0.0,0.0,0.0,0.0,0.0,0.0,0.0,0.0,1.0,0.0,0.0,2010-11-01,0.0,1.0,0.0,0.0,0.3065044454843238,0.3235294117647059,0.17821867775025615,-0.2795714342339003,-0.5076367807016765
0.3566176470588236,0.0,0.0,0.0,0.0,0.0,0.0,0.0,0.0,0.0,1.0,0.0,0.0,2010-11-01,0.0,1.0,0.0,0.0,0.2868507253158634,0.17279411764705885,-0.3514539864893296,-0.32636752242869804,0.5764549907239899
0.11397058823529413,1.0,0.0,1.0,0.0,0.0,0.0,0.0,0.0,0.0,0.0,0.0,0.0,2010-12-01,0.0,1.0,0.0,0.0,0.27000467945718304,0.3566176470588236,0.2220879225291083,-0.2694820424816464,-0.9303220015696179
0.19485294117647062,0.0,0.0,1.0,0.0,0.0,0.0,0.0,0.0,0.0,0.0,0.0,0.0,2010-12-01,0.0,1.0,0.0,0.0,0.2208703790360319,0.11397058823529413,-0.6541946945983719,-0.34298165327548286,0.595258506676502
0.1433823529411765,1.0,0.0,0.0,0.0,1.0,0.0,0.0,0.0,0.0,0.0,0.0,0.0,2011-01-01,0.0,1.0,0.0,0.0,0.20963968179691161,0.19485294117647062,-0.4045129284875602,-0.31676841138086237,-0.21902114034076833
0.29411764705882354,0.0,0.0,0.0,0.0,1.0,0.0,0.0,0.0,0.0,0.0,0.0,0.0,2011-01-01,0.0,1.0,0.0,0.0,0.18577445016378102,0.1433823529411765,-0.6179148602888551,-0.3336825737900908,0.18011148418215178
0.13970588235294118,1.0,0.0,0.0,1.0,0.0,0.0,0.0,0.0,0.0,0.0,0.0,0.0,2011-02-01,0.0,1.0,0.0,0.0,0.19560131024801125,0.29411764705882354,-0.16212713799915093,3.1695766541007226,-0.7641356238929375
0.29411764705882354,0.0,0.0,0.0,1.0,0.0,0.0,0.0,0.0,0.0,0.0,0.0,0.0,2011-02-01,0.0,1.0,0.0,0.0,0.2335049134300421,0.13970588235294118,-0.6110549395319087,3.1200145138461632,0.6767531914743027
0.1911764705882353,1.0,0.0,0.0,0.0,0.0,0.0,0.0,1.0,0.0,0.0,0.0,0.0,2011-03-01,0.0,1.0,0.0,0.0,0.25175479644361254,0.29411764705882354,-0.007779759220599507,-0.28720916964645293,-0.6296694728527114
0.37500000000000006,0.0,0.0,0.0,0.0,0.0,0.0,0.0,1.0,0.0,0.0,0.0,0.0,2011-03-01,0.0,1.0,0.0,0.0,0.2826392138511933,0.1911764705882353,-0.30050396063954155,-0.32113719883801667,0.4281361181719308
0.17279411764705885,1.0,0.0,0.0,0.0,0.0,0.0,0.0,0.0,0.0,0.0,0.0,0.0,2011-04-01,0.0,1.0,0.0,0.0,0.29527374824520364,0.37500000000000006,0.3260871188302123,-0.24225044554195777,-0.9096482920387005
0.30147058823529416,0.0,0.0,0.0,0.0,0.0,0.0,0.0,0.0,0.0,0.0,0.0,0.0,2011-04-01,0.0,1.0,0.0,0.0,0.29808142255498365,0.17279411764705885,-0.3349157738920758,-0.3051270363560078,0.6466880908986922
0.1911764705882353,1.0,0.0,0.0,0.0,0.0,0.0,0.0,0.0,1.0,0.0,0.0,0.0,2011-05-01,0.0,1.0,0.0,0.0,0.29808142255498365,0.30147058823529416,0.09347939467924894,-0.2858658616091903,-0.40579719875040116
0.3823529411764706,0.0,0.0,0.0,0.0,0.0,0.0,0.0,0.0,1.0,0.0,0.0,0.0,2011-05-01,0.0,1.0,0.0,0.0,0.3008890968647637,0.1911764705882353,-0.26839907281454267,-0.32118672776225626,0.5388332536800203
0.15441176470588236,1.0,0.0,0.0,0.0,0.0,0.0,1.0,0.0,0.0,0.0,0.0,0.0,2011-06-01,0.0,1.0,0.0,0.0,0.2938699110903136,0.3823529411764706,0.35028962460353674,-0.2614993212722878,-0.9572204153850942
0.33088235294117646,0.0,0.0,0.0,0.0,0.0,0.0,1.0,0.0,0.0,0.0,0.0,0.0,2011-06-01,0.0,1.0,0.0,0.0,0.3051006083294338,0.15441176470588236,-0.3809008135657594,-0.3323350012948264,0.8190271120046836
0.16911764705882357,1.0,0.0,0.0,0.0,0.0,1.0,0.0,0.0,0.0,0.0,0.0,0.0,2011-07-01,0.0,1.0,0.0,0.0,0.2966775854000936,0.33088235294117646,0.18724694630168015,-0.2770023934312972,-0.6016523325225273
0.41544117647058826,0.0,0.0,0.0,0.0,0.0,1.0,0.0,0.0,0.0,0.0,0.0,0.0,2011-07-01,0.0,1.0,0.0,0.0,0.3093121197941039,0.16911764705882357,-0.3263126901002698,-0.32803853274849604,0.7422725055539704
0.1911764705882353,1.0,1.0,0.0,0.0,0.0,0.0,0.0,0.0,0.0,0.0,0.0,0.0,2011-08-01,0.0,1.0,0.0,0.0,0.3233504913430042,0.41544117647058826,0.5056468376252192,-0.2523607402207462,-1.0155727932270888
0.3566176470588236,0.0,1.0,0.0,0.0,0.0,0.0,0.0,0.0,0.0,0.0,0.0,0.0,2011-08-01,0.0,1.0,0.0,0.0,0.3331773514272345,0.1911764705882353,-0.21583983913776542,-0.3220536102062766,0.7281009162906719
0.1911764705882353,1.0,0.0,0.0,0.0,0.0,0.0,0.0,0.0,0.0,0.0,0.0,1.0,2011-09-01,0.0,1.0,0.0,0.0,0.3416003743565747,0.3566176470588236,0.34253346800066375,-0.27069681576963234,-0.5156637825871063
0.3161764705882353,0.0,0.0,0.0,0.0,0.0,0.0,0.0,0.0,0.0,0.0,0.0,1.0,2011-09-01,0.0,1.0,0.0,0.0,0.3036967711745438,0.1911764705882353,-0.2643949071122518,-0.32137426625279275,0.5609283892470691
0.18382352941176472,1.0,0.0,0.0,0.0,0.0,0.0,0.0,0.0,0.0,0.0,1.0,0.0,2011-10-01,0.0,1.0,0.0,0.0,0.3008890968647637,0.3161764705882353,0.1450385863986383,-0.28167870970035075,-0.48395596320925194
0.30514705882352944,0.0,0.0,0.0,0.0,0.0,0.0,0.0,0.0,0.0,0.0,1.0,0.0,2011-10-01,0.0,1.0,0.0,0.0,0.2812353766963032,0.18382352941176472,-0.3248091927952481,-0.32296365296295165,0.4777946221150195
0.16911764705882357,1.0,0.0,0.0,0.0,0.0,0.0,0.0,0.0,0.0,1.0,0.0,0.0,2011-11-01,0.0,1.0,0.0,0.0,0.27281235376696306,0.30514705882352944,0.06412461823667324,-0.28410863395244523,-0.5798295302420163
0.29044117647058826,0.0,0.0,0.0,0.0,0.0,0.0,0.0,0.0,0.0,1.0,0.0,0.0,2011-11-01,0.0,1.0,0.0,0.0,0.26298549368273283,0.16911764705882357,-0.4018596287465535,-0.3267798735554673,0.46312835686470677
0.11029411764705883,1.0,0.0,1.0,0.0,0.0,0.0,0.0,0.0,0.0,0.0,0.0,0.0,2011-12-01,0.0,1.0,0.0,0.0,0.23490875058493216,0.29044117647058826,-0.04981205370612137,-0.28830763797333436,-0.6925332478980717
0.2647058823529412,0.0,0.0,1.0,0.0,0.0,0.0,0.0,0.0,0.0,0.0,0.0,0.0,2011-12-01,0.0,1.0,0.0,0.0,0.21946654188114179,0.11029411764705883,-0.6684208872103404,-0.3440433012113534,0.6116211632450416
0.13970588235294118,1.0,0.0,0.0,0.0,1.0,0.0,0.0,0.0,0.0,0.0,0.0,0.0,2012-01-01,0.0,1.0,0.0,0.0,0.20823584464202155,0.2647058823529412,-0.17943958091673148,-0.29578547958794565,-0.6920232281778054
0.3198529411764706,0.0,0.0,0.0,0.0,1.0,0.0,0.0,0.0,0.0,0.0,0.0,0.0,2012-01-01,0.0,1.0,0.0,0.0,0.21946654188114184,0.13970588235294118,-0.5756106628301116,-0.33575874799018196,0.3991136570441648
0.16544117647058823,1.0,0.0,0.0,1.0,0.0,0.0,0.0,0.0,0.0,0.0,0.0,0.0,2012-02-01,0.0,1.0,0.0,0.0,0.24052409920449225,0.3198529411764706,-0.006013399644660478,3.175993663387595,-0.6760347035792444
0.33455882352941174,0.0,0.0,0.0,1.0,0.0,0.0,0.0,0.0,0.0,0.0,0.0,0.0,2012-02-01,0.0,1.0,0.0,0.0,0.26719700514740297,0.16544117647058823,-0.47303092600004604,3.126756171537587,0.7000094665740854
0.18014705882352944,1.0,0.0,0.0,0.0,0.0,0.0,0.0,1.0,0.0,0.0,0.0,0.0,2012-03-01,0.0,1.0,0.0,0.0,0.2826392138511932,0.33455882352941174,0.17358173114216546,-0.2759774339081341,-0.7204973079375224
0.37500000000000006,0.0,0.0,0.0,0.0,0.0,0.0,0.0,1.0,0.0,0.0,0.0,0.0,2012-03-01,0.0,1.0,0.0,0.0,0.30369677117454374,0.18014705882352944,-0.30248065762453397,-0.3250526015558671,0.6231245396088507
0.18014705882352944,1.0,0.0,0.0,0.0,0.0,0.0,0.0,0.0,0.0,0.0,0.0,0.0,2012-04-01,0.0,1.0,0.0,0.0,0.30931211979410383,0.37500000000000006,0.348699274858497,-0.242656256047646,-0.8285924855213118
0.3970588235294118,0.0,0.0,0.0,0.0,0.0,0.0,0.0,0.0,0.0,0.0,0.0,0.0,2012-04-01,0.0,1.0,0.0,0.0,0.3331773514272345,0.18014705882352944,-0.254455429803084,-0.30393710464734974,0.8003911327516074
0.21691176470588236,1.0,0.0,0.0,0.0,0.0,0.0,0.0,0.0,1.0,0.0,0.0,0.0,2012-05-01,0.0,1.0,0.0,0.0,0.3472157229761348,0.3970588235294118,0.483711343015882,-0.2586282447316757,-0.7582760436667891
0.33823529411764713,0.0,0.0,0.0,0.0,0.0,0.0,0.0,0.0,1.0,0.0,0.0,0.0,2012-05-01,0.0,1.0,0.0,0.0,0.3331773514272345,0.21691176470588236,-0.13263627488550858,-0.31440448902026374,0.5539839481280635
0.18382352941176472,1.0,0.0,0.0,0.0,0.0,0.0,1.0,0.0,0.0,0.0,0.0,0.0,2012-06-01,0.0,1.0,0.0,0.0,0.3345811885821245,0.33823529411764713,0.2722851529758844,-0.2759029195760561,-0.4285397298413196
0.36764705882352944,0.0,0.0,0.0,0.0,0.0,0.0,1.0,0.0,0.0,0.0,0.0,0.0,2012-06-01,0.0,1.0,0.0,0.0,0.3233504913430042,0.18382352941176472,-0.2557851946558703,-0.32404472306070625,0.7286537627150588
0.18750000000000003,1.0,0.0,0.0,0.0,0.0,1.0,0.0,0.0,0.0,0.0,0.0,0.0,2012-07-01,0.0,1.0,0.0,0.0,0.31211979410388396,0.36764705882352944,0.331770088024192,-0.26642649512316063,-0.7571733175561876
0.36397058823529416,0.0,0.0,0.0,0.0,0.0,1.0,0.0,0.0,0.0,0.0,0.0,0.0,2012-07-01,0.0,1.0,0.0,0.0,0.3219466541881142,0.18750000000000003,-0.24613686462911427,-0.3228926172714186,0.6928815453182262
0.16911764705882357,1.0,1.0,0.0,0.0,0.0,0.0,0.0,0.0,0.0,0.0,0.0,0.0,2012-08-01,0.0,1.0,0.0,0.0,0.31633130556855404,0.36397058823529416,0.3268310814831188,-0.2675890407780531,-0.7135453754018793
0.2683823529411765,0.0,1.0,0.0,0.0,0.0,0.0,0.0,0.0,0.0,0.0,0.0,0.0,2012-08-01,0.0,1.0,0.0,0.0,0.2784277023865232,0.16911764705882357,-0.3758171097029153,-0.3270843231527285,0.5587926941945269
0.18014705882352944,1.0,0.0,0.0,0.0,0.0,0.0,0.0,0.0,0.0,0.0,0.0,1.0,2012-09-01,0.0,1.0,0.0,0.0,0.27562002807674313,0.2683823529411765,-0.05090311355163155,-0.29524300206744225,-0.30938837993214324
0.2647058823529412,0.0,0.0,0.0,0.0,0.0,0.0,0.0,0.0,0.0,0.0,0.0,1.0,2012-09-01,0.0,1.0,0.0,0.0,0.23771642489471229,0.18014705882352944,-0.4065669714726099,-0.32277364383537605,0.2533708102761766
0.22426470588235298,1.0,0.0,0.0,0.0,0.0,0.0,0.0,0.0,0.0,0.0,1.0,0.0,2012-10-01,0.0,1.0,0.0,0.0,0.25877398221806275,0.2647058823529412,-0.09030755981417411,-0.29589248399343704,-0.3845680616775157
0.33088235294117646,0.0,0.0,0.0,0.0,0.0,0.0,0.0,0.0,0.0,0.0,1.0,0.0,2012-10-01,0.0,1.0,0.0,0.0,0.2826392138511932,0.22426470588235298,-0.19093323009188112,-0.31087971516268753,0.21674959334369082
0.23161764705882357,1.0,0.0,0.0,0.0,0.0,0.0,0.0,0.0,0.0,1.0,0.0,0.0,2012-11-01,0.0,1.0,0.0,0.0,0.3022929340196537,0.33088235294117646,0.19536498496005023,-0.2772452331093151,-0.580889997097451
0.2573529411764706,0.0,0.0,0.0,0.0,0.0,0.0,0.0,0.0,0.0,1.0,0.0,0.0,2012-11-01,0.0,1.0,0.0,0.0,0.29948525970987366,0.23161764705882357,-0.13966341391763543,-0.3090970881007876,0.2579134210651782
0.1433823529411765,1.0,0.0,1.0,0.0,0.0,0.0,0.0,0.0,0.0,0.0,0.0,0.0,2012-12-01,0.0,1.0,0.0,0.0,0.2686008423022929,0.2573529411764706,-0.1032276723204966,-0.2992016440649404,-0.27778517727382807
0.21691176470588236,0.0,0.0,1.0,0.0,0.0,0.0,0.0,0.0,0.0,0.0,0.0,0.0,2012-12-01,0.0,1.0,0.0,0.0,0.22508189050070193,0.1433823529411765,-0.5516912317167678,-0.33428556453567454,0.4238293508694878
0.16176470588235295,1.0,0.0,0.0,0.0,1.0,0.0,0.0,0.0,0.0,0.0,0.0,0.0,2013-01-01,0.0,1.0,0.0,0.0,0.19840898455779132,0.21691176470588236,-0.35081279125534903,-0.30983038905767557,-0.430675208876353
0.30514705882352944,0.0,0.0,0.0,0.0,1.0,0.0,0.0,0.0,0.0,0.0,0.0,0.0,2013-01-01,0.0,1.0,0.0,0.0,0.21665886757136177,0.16176470588235295,-0.5083432319809293,-0.32906421197040814,0.23609307241901398
0.18382352941176472,1.0,0.0,0.0,1.0,0.0,0.0,0.0,0.0,0.0,0.0,0.0,0.0,2013-02-01,0.0,1.0,0.0,0.0,0.23210107627515209,0.30514705882352944,-0.0674406012981908,3.171828233745251,-0.6267952386085622
0.33088235294117646,0.0,0.0,0.0,1.0,0.0,0.0,0.0,0.0,0.0,0.0,0.0,0.0,2013-02-01,0.0,1.0,0.0,0.0,0.2756200280767431,0.18382352941176472,-0.399638747337376,3.1320238301663705,0.6263017643831241
0.16176470588235295,1.0,0.0,0.0,0.0,0.0,0.0,0.0,1.0,0.0,0.0,0.0,0.0,2013-03-01,0.0,1.0,0.0,0.0,0.2756200280767431,0.33088235294117646,0.1503106761188832,-0.27687675764172937,-0.7365569739759382
0.286764705882353,0.0,0.0,0.0,0.0,0.0,0.0,0.0,1.0,0.0,0.0,0.0,0.0,2013-03-01,0.0,1.0,0.0,0.0,0.268600842302293,0.16176470588235295,-0.4188359327409452,-0.32954922022384325,0.5428262094167725
0.21323529411764708,1.0,0.0,0.0,0.0,0.0,0.0,0.0,0.0,0.0,0.0,0.0,0.0,2013-04-01,0.0,1.0,0.0,0.0,0.27983153954141327,0.286764705882353,0.014054298979742346,-0.2682575496602454,-0.4115719859211363
0.4338235294117647,0.0,0.0,0.0,0.0,0.0,0.0,0.0,0.0,0.0,0.0,0.0,0.0,2013-04-01,0.0,1.0,0.0,0.0,0.3191389798783341,0.21323529411764708,-0.1693827927491101,-0.2936112332637072,0.4991211912517082
0.24632352941176472,1.0,0.0,0.0,0.0,0.0,0.0,0.0,0.0,1.0,0.0,0.0,0.0,2013-05-01,0.0,1.0,0.0,0.0,0.3514272344408048,0.4338235294117647,0.610144759915766,-0.24772769801898856,-0.9786416739143611
0.5036764705882354,0.0,0.0,0.0,0.0,0.0,0.0,0.0,0.0,1.0,0.0,0.0,0.0,2013-05-01,0.0,1.0,0.0,0.0,0.4342536265793169,0.24632352941176472,0.12589106459126093,-0.3085084927697042,0.9418398572910347
0.18014705882352944,1.0,0.0,0.0,0.0,0.0,0.0,1.0,0.0,0.0,0.0,0.0,0.0,2013-06-01,0.0,1.0,0.0,0.0,0.4216190921853066,0.5036764705882354,0.950904485762544,-0.22881864032155202,-1.0270644043460546
0.29044117647058826,0.0,0.0,0.0,0.0,0.0,0.0,1.0,0.0,0.0,0.0,0.0,0.0,2013-06-01,0.0,1.0,0.0,0.0,0.3668694431445953,0.18014705882352944,-0.19765248797732707,-0.32640496461477925,1.0043950001392443
0.1911764705882353,1.0,0.0,0.0,0.0,0.0,1.0,0.0,0.0,0.0,0.0,0.0,0.0,2013-07-01,0.0,1.0,0.0,0.0,0.3458118858212447,0.29044117647058826,0.13477474530013858,-0.2905472490520391,-0.048806400288597965
0.41911764705882354,0.0,0.0,0.0,0.0,0.0,1.0,0.0,0.0,0.0,0.0,0.0,0.0,2013-07-01,0.0,1.0,0.0,0.0,0.313523631258774,0.1911764705882353,-0.2477391812369453,-0.3215469019815664,0.6197798241875142
0.18014705882352944,1.0,1.0,0.0,0.0,0.0,0.0,0.0,0.0,0.0,0.0,0.0,0.0,2013-08-01,0.0,1.0,0.0,0.0,0.313523631258774,0.41911764705882354,0.5017833054145598,-0.2509744438803251,-1.0967800950095399
0.3272058823529412,0.0,1.0,0.0,0.0,0.0,0.0,0.0,0.0,0.0,0.0,0.0,0.0,2013-08-01,0.0,1.0,0.0,0.0,0.32756200280767434,0.18014705882352944,-0.2607796325764989,-0.32519797296331937,0.7690833053445525
0.18382352941176472,1.0,0.0,0.0,0.0,0.0,0.0,0.0,0.0,0.0,0.0,0.0,1.0,2013-09-01,0.0,1.0,0.0,0.0,0.3247543284978942,0.3272058823529412,0.21967906469360288,-0.2790276750543213,-0.41718485264574284
0.2610294117647059,0.0,0.0,0.0,0.0,0.0,0.0,0.0,0.0,0.0,0.0,0.0,1.0,2013-09-01,0.0,1.0,0.0,0.0,0.26438933083762284,0.18382352941176472,-0.351638898009729,-0.3224424548097443,0.38290860543893707
0.21323529411764708,1.0,0.0,0.0,0.0,0.0,0.0,0.0,0.0,0.0,0.0,1.0,0.0,2013-10-01,0.0,1.0,0.0,0.0,0.27702386523163314,0.2610294117647059,-0.07287673398654375,-0.2975222666372711,-0.25472727598463124
0.2757352941176471,0.0,0.0,0.0,0.0,0.0,0.0,0.0,0.0,0.0,0.0,1.0,0.0,2013-10-01,0.0,1.0,0.0,0.0,0.2573701450631727,0.21323529411764708,-0.2675300419702133,-0.31345594321176673,0.14425385327322704
0.2058823529411765,1.0,0.0,0.0,0.0,0.0,0.0,0.0,0.0,0.0,1.0,0.0,0.0,2013-11-01,0.0,1.0,0.0,0.0,0.26579316799251285,0.2757352941176471,-0.0429012758505881,-0.29272356059111604,-0.42461153573848
0.286764705882353,0.0,0.0,0.0,0.0,0.0,0.0,0.0,0.0,0.0,1.0,0.0,0.0,2013-11-01,0.0,1.0,0.0,0.0,0.2756200280767431,0.2058823529411765,-0.2618589182296987,-0.31612281314619317,0.29139621052756837
0.15073529411764708,1.0,0.0,1.0,0.0,0.0,0.0,0.0,0.0,0.0,0.0,0.0,0.0,2013-12-01,0.0,1.0,0.0,0.0,0.2517547964436126,0.286764705882353,-0.03464244348131934,-0.28989683956659956,-0.5707980428569257
0.23897058823529413,0.0,0.0,1.0,0.0,0.0,0.0,0.0,0.0,0.0,0.0,0.0,0.0,2013-12-01,0.0,1.0,0.0,0.0,0.23771642489471223,0.15073529411764708,-0.5074103372730316,-0.3324463360179152,0.44784310229458024
0.20220588235294118,1.0,0.0,0.0,0.0,1.0,0.0,0.0,0.0,0.0,0.0,0.0,0.0,2014-01-01,0.0,1.0,0.0,0.0,0.23631258773982222,0.23897058823529413,-0.21797010792414087,-0.3043127035043977,-0.358633954601075
0.2058823529411765,0.0,0.0,0.0,0.0,1.0,0.0,0.0,0.0,0.0,0.0,0.0,0.0,2014-01-01,0.0,1.0,0.0,0.0,0.20542817033224153,0.20220588235294118,-0.3948182097030188,-0.3166150447150246,-0.09790218221796475
0.16911764705882357,1.0,0.0,0.0,1.0,0.0,0.0,0.0,0.0,0.0,0.0,0.0,0.0,2014-02-01,0.0,1.0,0.0,0.0,0.21244735610669163,0.2058823529411765,-0.4221519989845657,3.142636185819352,-0.07963096278537846
0.2720588235294118,0.0,0.0,0.0,1.0,0.0,0.0,0.0,0.0,0.0,0.0,0.0,0.0,2014-02-01,0.0,1.0,0.0,0.0,0.22508189050070193,0.16911764705882357,-0.5289024170757607,3.1290758320410905,0.4323738098016386
0.22058823529411767,1.0,0.0,0.0,0.0,0.0,0.0,0.0,1.0,0.0,0.0,0.0,0.0,2014-03-01,0.0,1.0,0.0,0.0,0.23210107627515209,0.2720588235294118,-0.1112266397150373,-0.2932544088571256,-0.596338178655383
0.30514705882352944,0.0,0.0,0.0,0.0,0.0,0.0,0.0,1.0,0.0,0.0,0.0,0.0,2014-03-01,0.0,1.0,0.0,0.0,0.270004679457183,0.22058823529411767,-0.2251350849918791,-0.31195413749138234,0.15943999454404964
0.24632352941176472,1.0,0.0,0.0,0.0,0.0,0.0,0.0,0.0,0.0,0.0,0.0,0.0,2014-04-01,0.0,1.0,0.0,0.0,0.29948525970987366,0.30514705882352944,0.10553620246504034,-0.2633145394360121,-0.42043504289818573
0.35294117647058826,0.0,0.0,0.0,0.0,0.0,0.0,0.0,0.0,0.0,0.0,0.0,0.0,2014-04-01,0.0,1.0,0.0,0.0,0.3303696771174544,0.24632352941176472,-0.0436082748442236,-0.2840158207903035,0.34375170148311013
0.23897058823529413,1.0,0.0,0.0,0.0,0.0,0.0,0.0,0.0,1.0,0.0,0.0,0.0,2014-05-01,0.0,1.0,0.0,0.0,0.3373888628919045,0.35294117647058826,0.3243031096864041,-0.27157092521496634,-0.5213962615856155
0.40441176470588236,0.0,0.0,0.0,0.0,0.0,0.0,0.0,0.0,1.0,0.0,0.0,0.0,2014-05-01,0.0,1.0,0.0,0.0,0.3752924660739354,0.23897058823529413,0.00699005525418488,-0.3090085466186923,0.6503419443585577
0.20955882352941177,1.0,0.0,0.0,0.0,0.0,0.0,1.0,0.0,0.0,0.0,0.0,0.0,2014-06-01,0.0,1.0,0.0,0.0,0.3612540945250351,0.40441176470588236,0.5306178355941428,-0.25683383778095537,-0.7149619674232993
0.3860294117647059,0.0,0.0,0.0,0.0,0.0,0.0,1.0,0.0,0.0,0.0,0.0,0.0,2014-06-01,0.0,1.0,0.0,0.0,0.37388862891904534,0.20955882352941177,-0.09062659389006603,-0.31779003797610844,0.8491770056357076
0.20955882352941177,1.0,0.0,0.0,0.0,0.0,1.0,0.0,0.0,0.0,0.0,0.0,0.0,2014-07-01,0.0,1.0,0.0,0.0,0.36265793167992505,0.3860294117647059,0.47299873477171656,-0.2623762680114416,-0.5877136001949812
0.43014705882352944,0.0,0.0,0.0,0.0,0.0,1.0,0.0,0.0,0.0,0.0,0.0,0.0,2014-07-01,0.0,1.0,0.0,0.0,0.37248479176415533,0.20955882352941177,-0.09294324087244989,-0.31774016117326026,0.837873025459154
0.21691176470588236,1.0,1.0,0.0,0.0,0.0,0.0,0.0,0.0,0.0,0.0,0.0,0.0,2014-08-01,0.0,1.0,0.0,0.0,0.3752924660739354,0.43014705882352944,0.6371717229664325,-0.2494533231460353,-0.8135392579938643
0.35294117647058826,0.0,1.0,0.0,0.0,0.0,0.0,0.0,0.0,0.0,0.0,0.0,0.0,2014-08-01,0.0,1.0,0.0,0.0,0.36265793167992516,0.21691176470588236,-0.08459947241438834,-0.3151902093631464,0.7270404494352369
0.23897058823529413,1.0,0.0,0.0,0.0,0.0,0.0,0.0,0.0,0.0,0.0,0.0,1.0,2014-09-01,0.0,1.0,0.0,0.0,0.37388862891904534,0.35294117647058826,0.3825764498565786,-0.2727324089191546,-0.3047671903768326
0.2647058823529412,0.0,0.0,0.0,0.0,0.0,0.0,0.0,0.0,0.0,0.0,0.0,1.0,2014-09-01,0.0,1.0,0.0,0.0,0.3107159569489939,0.23897058823529413,-0.0975441279792913,-0.30724819468192527,0.28336920864213844
0.22794117647058826,1.0,0.0,0.0,0.0,0.0,0.0,0.0,0.0,0.0,0.0,1.0,0.0,2014-10-01,0.0,1.0,0.0,0.0,0.314927468413664,0.2647058823529412,0.0001410642989650408,-0.29751572601619014,-0.06034483560795932
0.23897058823529413,0.0,0.0,0.0,0.0,0.0,0.0,0.0,0.0,0.0,0.0,1.0,0.0,2014-10-01,0.0,1.0,0.0,0.0,0.27140851661207305,0.22794117647058826,-0.1970579779053691,-0.3094528377716976,0.12743671090950098
0.24632352941176472,1.0,0.0,0.0,0.0,0.0,0.0,0.0,0.0,0.0,1.0,0.0,0.0,2014-11-01,0.0,1.0,0.0,0.0,0.274216190921853,0.23897058823529413,-0.14898375232501582,-0.30398933675892265,-0.13129567962525823
0.18750000000000003,0.0,0.0,0.0,0.0,0.0,0.0,0.0,0.0,0.0,1.0,0.0,0.0,2014-11-01,0.0,1.0,0.0,0.0,0.24473561066916244,0.24632352941176472,-0.17999091439138679,-0.303105511182846,-0.1560771732337547
0.2058823529411765,1.0,0.0,1.0,0.0,0.0,0.0,0.0,0.0,0.0,0.0,0.0,0.0,2014-12-01,0.0,1.0,0.0,0.0,0.23631258773982222,0.18750000000000003,-0.38257019435920886,-0.31921063064420535,0.0006829749214750163
0.22426470588235298,0.0,0.0,1.0,0.0,0.0,0.0,0.0,0.0,0.0,0.0,0.0,0.0,2014-12-01,0.0,1.0,0.0,0.0,0.23069723912026208,0.2058823529411765,-0.3392417601500762,-0.3157099959684806,0.04029164073170297
0.20955882352941177,1.0,0.0,0.0,0.0,1.0,0.0,0.0,0.0,0.0,0.0,0.0,0.0,2015-01-01,0.0,1.0,0.0,0.0,0.21665886757136177,0.22426470588235298,-0.29748703440029894,-0.30815348474219156,-0.3742391348443045
0.28308823529411764,0.0,0.0,0.0,0.0,1.0,0.0,0.0,0.0,0.0,0.0,0.0,0.0,2015-01-01,0.0,1.0,0.0,0.0,0.25315863359850255,0.20955882352941177,-0.29400692518857074,-0.3157903424614859,0.1287510855006004
0.19485294117647062,1.0,0.0,0.0,1.0,0.0,0.0,0.0,0.0,0.0,0.0,0.0,0.0,2015-02-01,0.0,1.0,0.0,0.0,0.24894712213383247,0.28308823529411764,-0.11209587611908824,3.1647278872197884,-0.3827188474660222
0.33455882352941174,0.0,0.0,0.0,1.0,0.0,0.0,0.0,0.0,0.0,0.0,0.0,0.0,2015-02-01,0.0,1.0,0.0,0.0,0.29106223678053345,0.19485294117647062,-0.33887044467884303,3.1348841255694317,0.6420584398914156
0.2573529411764706,1.0,0.0,0.0,0.0,0.0,0.0,0.0,1.0,0.0,0.0,0.0,0.0,2015-03-01,0.0,1.0,0.0,0.0,0.30931211979410383,0.33455882352941174,0.2165448275959066,-0.27674847386894186,-0.5664912755544831
0.3455882352941177,0.0,0.0,0.0,0.0,0.0,0.0,0.0,1.0,0.0,0.0,0.0,0.0,2015-03-01,0.0,1.0,0.0,0.0,0.3331773514272344,0.2573529411764706,-0.003730612773198879,-0.30275799490258587,0.2795087516695125
0.24264705882352944,1.0,0.0,0.0,0.0,0.0,0.0,0.0,0.0,0.0,0.0,0.0,0.0,2015-04-01,0.0,1.0,0.0,0.0,0.3514272344408048,0.3455882352941177,0.3208159268702324,-0.2526915194562257,-0.3896791682069134
0.3713235294117647,0.0,0.0,0.0,0.0,0.0,0.0,0.0,0.0,0.0,0.0,0.0,0.0,2015-04-01,0.0,1.0,0.0,0.0,0.3654656059897051,0.24264705882352944,0.0009571382173485256,-0.2861325760409636,0.5708594549968615
0.21691176470588236,1.0,0.0,0.0,0.0,0.0,0.0,0.0,0.0,1.0,0.0,0.0,0.0,2015-05-01,0.0,1.0,0.0,0.0,0.35002339728591486,0.3713235294117647,0.40447893515755984,-0.26642500973788896,-0.570787221821359
0.411764705882353,0.0,0.0,0.0,0.0,0.0,0.0,0.0,0.0,1.0,0.0,0.0,0.0,2015-05-01,0.0,1.0,0.0,0.0,0.3752924660739354,0.21691176470588236,-0.06479980680065421,-0.3156219205373285,0.7971513676802306
0.22426470588235298,1.0,0.0,0.0,0.0,0.0,0.0,1.0,0.0,0.0,0.0,0.0,0.0,2015-06-01,0.0,1.0,0.0,0.0,0.36827328029948525,0.411764705882353,0.565853867626565,-0.2548322850609207,-0.7233705386051628
0.4007352941176471,0.0,0.0,0.0,0.0,0.0,0.0,1.0,0.0,0.0,0.0,0.0,0.0,2015-06-01,0.0,1.0,0.0,0.0,0.3795039775386055,0.22426470588235298,-0.03372182344219265,-0.3135434462326263,0.7837263793615479
0.2683823529411765,1.0,0.0,0.0,0.0,0.0,1.0,0.0,0.0,0.0,0.0,0.0,0.0,2015-07-01,0.0,1.0,0.0,0.0,0.399157697707066,0.4007352941176471,0.5796502484818167,-0.2590224593804736,-0.47484145213088413
0.35294117647058826,0.0,0.0,0.0,0.0,0.0,1.0,0.0,0.0,0.0,0.0,0.0,0.0,2015-07-01,0.0,1.0,0.0,0.0,0.37669630322882547,0.2683823529411765,0.10528003808227342,-0.300226240541937,0.47069797188990947
0.23897058823529413,1.0,1.0,0.0,0.0,0.0,0.0,0.0,0.0,0.0,0.0,0.0,0.0,2015-08-01,0.0,1.0,0.0,0.0,0.38231165184838556,0.35294117647058826,0.39721328378863774,-0.27280303711410603,-0.2591783731093136
0.28308823529411764,0.0,1.0,0.0,0.0,0.0,0.0,0.0,0.0,0.0,0.0,0.0,0.0,2015-08-01,0.0,1.0,0.0,0.0,0.33738886289190456,0.23897058823529413,-0.053511491210461906,-0.3078463765342714,0.4343305743822634
0.2720588235294118,1.0,0.0,0.0,0.0,0.0,0.0,0.0,0.0,0.0,0.0,0.0,1.0,2015-09-01,0.0,1.0,0.0,0.0,0.33879270004679457,0.28308823529411764,0.09871149661220938,-0.2926602333972819,-0.0425101994850075
0.2757352941176471,0.0,0.0,0.0,0.0,0.0,0.0,0.0,0.0,0.0,0.0,0.0,1.0,2015-09-01,0.0,1.0,0.0,0.0,0.3093121197941039,0.2720588235294118,0.007879449500139048,-0.29728755275340213,0.055049493007889964
0.25000000000000006,1.0,0.0,0.0,0.0,0.0,0.0,0.0,0.0,0.0,0.0,1.0,0.0,2015-10-01,0.0,1.0,0.0,0.0,0.313523631258774,0.2757352941176471,0.03377477972355616,-0.2941684580063032,-0.14185512792053456
0.23897058823529413,0.0,0.0,0.0,0.0,0.0,0.0,0.0,0.0,0.0,0.0,1.0,0.0,2015-10-01,0.0,1.0,0.0,0.0,0.2966775854000936,0.25000000000000006,-0.0845662349996173,-0.3035699227633003,0.126527739319128
0.25367647058823534,1.0,0.0,0.0,0.0,0.0,0.0,0.0,0.0,0.0,1.0,0.0,0.0,2015-11-01,0.0,1.0,0.0,0.0,0.28965839962564344,0.23897058823529413,-0.12411038069390251,-0.3044357283151797,-0.04213429245612998
0.2757352941176471,0.0,0.0,0.0,0.0,0.0,0.0,0.0,0.0,0.0,1.0,0.0,0.0,2015-11-01,0.0,1.0,0.0,0.0,0.28965839962564344,0.25367647058823534,-0.08370206108259567,-0.30219964682816963,0.05436493318133288
0.1911764705882353,1.0,0.0,1.0,0.0,0.0,0.0,0.0,0.0,0.0,0.0,0.0,0.0,2015-12-01,0.0,1.0,0.0,0.0,0.26719700514740286,0.2757352941176471,-0.045664002877625835,-0.2936499180821748,-0.40823194402696134
0.24264705882352944,0.0,0.0,1.0,0.0,0.0,0.0,0.0,0.0,0.0,0.0,0.0,0.0,2015-12-01,0.0,1.0,0.0,0.0,0.268600842302293,0.1911764705882353,-0.32604884691026664,-0.3212146002795964,0.3570152672097695
0.20955882352941177,1.0,0.0,0.0,0.0,1.0,0.0,0.0,0.0,0.0,0.0,0.0,0.0,2016-01-01,0.0,1.0,0.0,0.0,0.2517547964436126,0.24264705882352944,-0.18113175928388764,-0.30365686607421544,-0.29394080465222583
0.29411764705882354,0.0,0.0,0.0,0.0,1.0,0.0,0.0,0.0,0.0,0.0,0.0,0.0,2016-01-01,0.0,1.0,0.0,0.0,0.2587739822180627,0.20955882352941177,-0.28496206277725683,-0.3159526666637612,0.1611734081075562
0.24632352941176472,1.0,0.0,0.0,1.0,0.0,0.0,0.0,0.0,0.0,0.0,0.0,0.0,2016-02-01,0.0,1.0,0.0,0.0,0.2798315395414132,0.29411764705882354,-0.026454201829442116,3.167141791066593,-0.27780078478860254
0.33455882352941174,0.0,0.0,0.0,1.0,0.0,0.0,0.0,0.0,0.0,0.0,0.0,0.0,2016-02-01,0.0,1.0,0.0,0.0,0.314927468413664,0.24632352941176472,-0.13292010130280094,3.149625453519913,0.43729798988707347
0.29411764705882354,1.0,0.0,0.0,0.0,0.0,0.0,0.0,1.0,0.0,0.0,0.0,0.0,2016-03-01,0.0,1.0,0.0,0.0,0.3472157229761348,0.33455882352941174,0.27759764887227567,-0.2778441622343001,-0.3476405979575321
0.35294117647058826,0.0,0.0,0.0,0.0,0.0,0.0,0.0,1.0,0.0,0.0,0.0,0.0,2016-03-01,0.0,1.0,0.0,0.0,0.3696771174543753,0.29411764705882354,0.17471076299174024,-0.29279081235298177,0.24557147641193597
0.27941176470588236,1.0,0.0,0.0,0.0,0.0,0.0,0.0,0.0,0.0,0.0,0.0,0.0,2016-04-01,0.0,1.0,0.0,0.0,0.38231165184838556,0.35294117647058826,0.3944926241507387,-0.2513798445958611,-0.26029286830921455
0.3713235294117647,0.0,0.0,0.0,0.0,0.0,0.0,0.0,0.0,0.0,0.0,0.0,0.0,2016-04-01,0.0,1.0,0.0,0.0,0.39635002339728587,0.27941176470588236,0.17035365157097376,-0.2760030692890841,0.5044998571323295
0.30147058823529416,1.0,0.0,0.0,0.0,0.0,0.0,0.0,0.0,1.0,0.0,0.0,0.0,2016-05-01,0.0,1.0,0.0,0.0,0.399157697707066,0.3713235294117647,0.4836214812565567,-0.26784534650779784,-0.28709189901049686
0.4264705882352941,0.0,0.0,0.0,0.0,0.0,0.0,0.0,0.0,1.0,0.0,0.0,0.0,2016-05-01,0.0,1.0,0.0,0.0,0.4272344408048666,0.30147058823529416,0.2940596417142165,-0.2917721527202697,0.5342883957281572
0.25367647058823534,1.0,0.0,0.0,0.0,0.0,0.0,1.0,0.0,0.0,0.0,0.0,0.0,2016-06-01,0.0,1.0,0.0,0.0,0.41740758072063644,0.4264705882352941,0.6928563217621212,-0.25184370588507227,-0.5375481646754157
0.33455882352941174,0.0,0.0,0.0,0.0,0.0,0.0,1.0,0.0,0.0,0.0,0.0,0.0,2016-06-01,0.0,1.0,0.0,0.0,0.403369209171736,0.25367647058823534,0.10043865787901042,-0.30541549220078146,0.7257753526788788
0.29044117647058826,1.0,0.0,0.0,0.0,0.0,1.0,0.0,0.0,0.0,0.0,0.0,0.0,2016-07-01,0.0,1.0,0.0,0.0,0.399157697707066,0.33455882352941174,0.3642806623172992,-0.2788625811363821,-0.034413182165864774
0.24632352941176472,0.0,0.0,0.0,0.0,0.0,1.0,0.0,0.0,0.0,0.0,0.0,0.0,2016-07-01,0.0,1.0,0.0,0.0,0.3303696771174544,0.29044117647058826,0.10244978524377263,-0.2922736919545295,0.05640438706085219
0.30514705882352944,1.0,1.0,0.0,0.0,0.0,0.0,0.0,0.0,0.0,0.0,0.0,0.0,2016-08-01,0.0,1.0,0.0,0.0,0.35002339728591486,0.24632352941176472,-0.0017790083414730708,-0.3038343135577646,0.26397215128877793
0.3161764705882353,0.0,1.0,0.0,0.0,0.0,0.0,0.0,0.0,0.0,0.0,0.0,0.0,2016-08-01,0.0,1.0,0.0,0.0,0.34300421151146465,0.30514705882352944,0.1709029573653695,-0.2881685789806381,0.026324627024199524
0.2720588235294118,1.0,0.0,0.0,0.0,0.0,0.0,0.0,0.0,0.0,0.0,0.0,1.0,2016-09-01,0.0,1.0,0.0,0.0,0.3359850257370145,0.3161764705882353,0.2018738584888111,-0.28265901041819,-0.27893549577099475
0.3198529411764706,0.0,0.0,0.0,0.0,0.0,0.0,0.0,0.0,0.0,0.0,0.0,1.0,2016-09-01,0.0,1.0,0.0,0.0,0.36406176883481517,0.2720588235294118,0.09606685801044984,-0.29887021372558625,0.3711671384257079
0.23897058823529413,1.0,0.0,0.0,0.0,0.0,0.0,0.0,0.0,0.0,0.0,1.0,0.0,2016-10-01,0.0,1.0,0.0,0.0,0.33879270004679457,0.3198529411764706,0.21805638468414718,-0.28167216907926973,-0.2895735228325807
0.3272058823529412,0.0,0.0,0.0,0.0,0.0,0.0,0.0,0.0,0.0,0.0,1.0,0.0,2016-10-01,0.0,1.0,0.0,0.0,0.3430042115114647,0.23897058823529413,-0.045841051133697006,-0.3082157843913896,0.46741661248734934
0.30514705882352944,1.0,0.0,0.0,0.0,0.0,0.0,0.0,0.0,0.0,1.0,0.0,0.0,2016-11-01,0.0,1.0,0.0,0.0,0.355638745905475,0.3272058823529412,0.2693262008583928,-0.27988954201736976,-0.24840969511109304
0.3272058823529412,0.0,0.0,0.0,0.0,0.0,0.0,0.0,0.0,0.0,1.0,0.0,0.0,2016-11-01,0.0,1.0,0.0,0.0,0.35844642021525497,0.30514705882352944,0.19460718158395782,-0.288756912495891,0.10898306403263548
0.23897058823529413,1.0,0.0,1.0,0.0,0.0,0.0,0.0,0.0,0.0,0.0,0.0,0.0,2016-12-01,0.0,1.0,0.0,0.0,0.35844642021525497,0.3272058823529412,0.2688246894341835,-0.28085648055899737,-0.22392452274783567
0.3125,0.0,0.0,1.0,0.0,0.0,0.0,0.0,0.0,0.0,0.0,0.0,0.0,2016-12-01,0.0,1.0,0.0,0.0,0.3528310715956949,0.23897058823529413,-0.034831209621739745,-0.30932048649001426,0.5252630224504793
0.25367647058823534,1.0,0.0,0.0,0.0,1.0,0.0,0.0,0.0,0.0,0.0,0.0,0.0,2017-01-01,0.0,1.0,0.0,0.0,0.3331773514272344,0.3125,0.17735330885382142,-0.2850682162648594,-0.28871363403666683
0.27941176470588236,0.0,0.0,0.0,0.0,1.0,0.0,0.0,0.0,0.0,0.0,0.0,0.0,2017-01-01,0.0,1.0,0.0,0.0,0.314927468413664,0.25367647058823534,-0.05093371455443925,-0.30434916084924196,0.1917777875337667
0.286764705882353,1.0,0.0,0.0,1.0,0.0,0.0,0.0,0.0,0.0,0.0,0.0,0.0,2017-02-01,0.0,1.0,0.0,0.0,0.3331773514272345,0.27941176470588236,0.011612083041480896,3.1611907951992197,0.12808422885859191
0.3161764705882353,0.0,0.0,0.0,1.0,0.0,0.0,0.0,0.0,0.0,0.0,0.0,0.0,2017-02-01,0.0,1.0,0.0,0.0,0.3345811885821245,0.286764705882353,0.03035166423733635,3.161181837662782,0.28162550958835103
0.3235294117647059,1.0,0.0,0.0,0.0,0.0,0.0,0.0,1.0,0.0,0.0,0.0,0.0,2017-03-01,0.0,1.0,0.0,0.0,0.3612540945250351,0.3161764705882353,0.24038491985486116,-0.28376111767218515,-0.1442436053387487
0.35294117647058826,0.0,0.0,0.0,0.0,0.0,0.0,0.0,1.0,0.0,0.0,0.0,0.0,2017-03-01,0.0,1.0,0.0,0.0,0.38933083762283577,0.3235294117647059,0.3020875975044579,-0.2845411151694304,0.16330370777404973
0.2977941176470588,1.0,0.0,0.0,0.0,0.0,0.0,0.0,0.0,0.0,0.0,0.0,0.0,2017-04-01,0.0,1.0,0.0,0.0,0.3935423490875058,0.35294117647058826,0.41258234897336654,-0.25170449300041176,-0.19544822309530346
0.3272058823529412,0.0,0.0,0.0,0.0,0.0,0.0,0.0,0.0,0.0,0.0,0.0,0.0,2017-04-01,0.0,1.0,0.0,0.0,0.397753860552176,0.2977941176470588,0.23243975221950147,-0.2705325054074561,0.3902642516826745
0.3235294117647059,1.0,0.0,0.0,0.0,0.0,0.0,0.0,0.0,1.0,0.0,0.0,0.0,2017-05-01,0.0,1.0,0.0,0.0,0.397753860552176,0.3272058823529412,0.33778054154404996,-0.2810315132945014,-0.0015786330188899283
0.3235294117647059,0.0,0.0,0.0,0.0,0.0,0.0,0.0,0.0,1.0,0.0,0.0,0.0,2017-05-01,0.0,1.0,0.0,0.0,0.38652316331305564,0.3235294117647059,0.3002742512870295,-0.2839819283351375,0.15241713350605515
0.3272058823529412,1.0,0.0,0.0,0.0,0.0,0.0,1.0,0.0,0.0,0.0,0.0,0.0,2017-06-01,0.0,1.0,0.0,0.0,0.397753860552176,0.3235294117647059,0.32617994706660663,-0.2821379827974108,0.034084348368047
0.36764705882352944,0.0,0.0,0.0,0.0,0.0,0.0,1.0,0.0,0.0,0.0,0.0,0.0,2017-06-01,0.0,1.0,0.0,0.0,0.4131960692559663,0.3272058823529412,0.35556670728160705,-0.28365497982597593,0.29314967283547455
0.3088235294117647,1.0,0.0,0.0,0.0,0.0,1.0,0.0,0.0,0.0,0.0,0.0,0.0,2017-07-01,0.0,1.0,0.0,0.0,0.40758072063640616,0.36764705882352944,0.48553274901652865,-0.26918600656184083,-0.2059938332379414
0.3419117647058824,0.0,0.0,0.0,0.0,0.0,1.0,0.0,0.0,0.0,0.0,0.0,0.0,2017-07-01,0.0,1.0,0.0,0.0,0.4145999064108564,0.3088235294117647,0.2979476064591809,-0.28919741005646216,0.4203980400637933
0.3125,1.0,1.0,0.0,0.0,0.0,0.0,0.0,0.0,0.0,0.0,0.0,0.0,2017-08-01,0.0,1.0,0.0,0.0,0.4089845577912963,0.3419117647058824,0.4042814492149595,-0.27688076403423184,-0.03176762906543743
0.349264705882353,0.0,1.0,0.0,0.0,0.0,0.0,0.0,0.0,0.0,0.0,0.0,0.0,2017-08-01,0.0,1.0,0.0,0.0,0.401965372016846,0.3125,0.28980396670244535,-0.2876685251316501,0.31782253995667653
0.3419117647058824,1.0,0.0,0.0,0.0,0.0,0.0,0.0,0.0,0.0,0.0,0.0,1.0,2017-09-01,0.0,1.0,0.0,0.0,0.4145999064108563,0.349264705882353,0.4361867253294648,-0.27501148837209,-0.045237114256125276
0.3235294117647059,0.0,0.0,0.0,0.0,0.0,0.0,0.0,0.0,0.0,0.0,0.0,1.0,2017-09-01,0.0,1.0,0.0,0.0,0.40758072063640627,0.3419117647058824,0.3934991048717902,-0.2791858755508721,0.15754363144431627
0.36764705882352944,1.0,0.0,0.0,0.0,0.0,0.0,0.0,0.0,0.0,0.0,1.0,0.0,2017-10-01,0.0,1.0,0.0,0.0,0.4286382779597566,0.3235294117647059,0.3747391602743097,-0.2831671273292352,0.20471540165843116
0.37500000000000006,0.0,0.0,0.0,0.0,0.0,0.0,0.0,0.0,0.0,0.0,1.0,0.0,2017-10-01,0.0,1.0,0.0,0.0,0.4384651380439869,0.36764705882352944,0.5266958051785348,-0.27239728130469215,0.16220779409583594
0.3198529411764706,1.0,0.0,0.0,0.0,0.0,0.0,0.0,0.0,0.0,1.0,0.0,0.0,2017-11-01,0.0,1.0,0.0,0.0,0.43004211511464674,0.37500000000000006,0.5447153289271205,-0.26771136087380587,-0.1369010044325554
0.41911764705882354,0.0,0.0,0.0,0.0,0.0,0.0,0.0,0.0,0.0,1.0,0.0,0.0,2017-11-01,0.0,1.0,0.0,0.0,0.4665418811417875,0.3198529411764706,0.41658069103831047,-0.28747273744393326,0.6352398253354169
0.22058823529411767,1.0,0.0,1.0,0.0,0.0,0.0,0.0,0.0,0.0,0.0,0.0,0.0,2017-12-01,0.0,1.0,0.0,0.0,0.4103883949461862,0.41911764705882354,0.6516140919673339,-0.2548022547690599,-0.5357239691404667
0.29411764705882354,0.0,0.0,1.0,0.0,0.0,0.0,0.0,0.0,0.0,0.0,0.0,0.0,2017-12-01,0.0,1.0,0.0,0.0,0.3795039775386055,0.22058823529411767,-0.051692998213697924,-0.3156026713830188,0.8016102409349127
0.2977941176470588,1.0,0.0,0.0,0.0,1.0,0.0,0.0,0.0,0.0,0.0,0.0,0.0,2018-01-01,0.0,1.0,0.0,0.0,0.3710809546092654,0.29411764705882354,0.1785812450844912,-0.2916750495624145,0.05247822966167837
0.33823529411764713,0.0,0.0,0.0,0.0,1.0,0.0,0.0,0.0,0.0,0.0,0.0,0.0,2018-01-01,0.0,1.0,0.0,0.0,0.3401965372016846,0.2977941176470588,0.1333478904061516,-0.2918528719222085,0.04405939262172131
0.3161764705882353,1.0,0.0,0.0,1.0,0.0,0.0,0.0,0.0,0.0,0.0,0.0,0.0,2018-02-01,0.0,1.0,0.0,0.0,0.37669630322882536,0.33823529411764713,0.27314939887540135,3.177568446414616,-0.012134566461964074
0.3198529411764706,0.0,0.0,0.0,1.0,0.0,0.0,0.0,0.0,0.0,0.0,0.0,0.0,2018-02-01,0.0,1.0,0.0,0.0,0.38652316331305564,0.3161764705882353,0.2097364576151088,3.1684981706832507,0.38578609594046015
0.36397058823529416,1.0,0.0,0.0,0.0,0.0,0.0,0.0,1.0,0.0,0.0,0.0,0.0,2018-03-01,0.0,1.0,0.0,0.0,0.4117922321010763,0.3198529411764706,0.3337536585658265,-0.28411980650622354,0.12308906090357323
0.36397058823529416,0.0,0.0,0.0,0.0,0.0,0.0,0.0,1.0,0.0,0.0,0.0,0.0,2018-03-01,0.0,1.0,0.0,0.0,0.42161909218530647,0.36397058823529416,0.4857103034700513,-0.2733499604816804,0.08058145334097733
0.37500000000000006,1.0,0.0,0.0,0.0,0.0,0.0,0.0,0.0,0.0,0.0,0.0,0.0,2018-04-01,0.0,1.0,0.0,0.0,0.44408048666354705,0.36397058823529416,0.5298810417026116,-0.24985872386157135,0.022947968706461486
0.3823529411764706,0.0,0.0,0.0,0.0,0.0,0.0,0.0,0.0,0.0,0.0,0.0,0.0,2018-04-01,0.0,1.0,0.0,0.0,0.46794571829667764,0.37500000000000006,0.5967650495528627,-0.24941474922067078,0.2817103026437643
0.37867647058823534,1.0,0.0,0.0,0.0,0.0,0.0,0.0,0.0,1.0,0.0,0.0,0.0,2018-05-01,0.0,1.0,0.0,0.0,0.47356106691623767,0.3823529411764706,0.6393608392338859,-0.2666894552286275,0.06909916387082878
0.3823529411764706,0.0,0.0,0.0,0.0,0.0,0.0,0.0,0.0,1.0,0.0,0.0,0.0,2018-05-01,0.0,1.0,0.0,0.0,0.4805802526906878,0.37867647058823534,0.6312503518136358,-0.27016742392665843,0.3284674788683801
0.36397058823529416,1.0,0.0,0.0,0.0,0.0,0.0,1.0,0.0,0.0,0.0,0.0,0.0,2018-06-01,0.0,1.0,0.0,0.0,0.4763687412260178,0.3823529411764706,0.6442476529712392,-0.2667748578462353,0.09650506934096521
0.33823529411764713,0.0,0.0,0.0,0.0,0.0,0.0,1.0,0.0,0.0,0.0,0.0,0.0,2018-06-01,0.0,1.0,0.0,0.0,0.45952269536733736,0.36397058823529416,0.5498365922663454,-0.27397186463035367,0.3159514621400701
0.33823529411764713,1.0,0.0,0.0,0.0,0.0,1.0,0.0,0.0,0.0,0.0,0.0,0.0,2018-07-01,0.0,1.0,0.0,0.0,0.44408048666354705,0.33823529411764713,0.44860453861695065,-0.27905894576814516,0.2004971614695016
0.30147058823529416,0.0,0.0,0.0,0.0,0.0,1.0,0.0,0.0,0.0,0.0,0.0,0.0,2018-07-01,0.0,1.0,0.0,0.0,0.4131960692559663,0.33823529411764713,0.39140620692947126,-0.28033899711437843,0.21654656164982328
0.3933823529411765,1.0,1.0,0.0,0.0,0.0,0.0,0.0,0.0,0.0,0.0,0.0,0.0,2018-08-01,0.0,1.0,0.0,0.0,0.4244267664950867,0.30147058823529416,0.29754007374553454,-0.28945167444132197,0.32654436752675803
0.2977941176470588,0.0,1.0,0.0,0.0,0.0,0.0,0.0,0.0,0.0,0.0,0.0,0.0,2018-08-01,0.0,1.0,0.0,0.0,0.40898455779129617,0.3933823529411765,0.5643395389176648,-0.2636223926828282,-0.1799507756307638
0.3823529411764706,1.0,0.0,0.0,0.0,0.0,0.0,0.0,0.0,0.0,0.0,0.0,1.0,2018-09-01,0.0,1.0,0.0,0.0,0.4258306036499766,0.2977941176470588,0.2867667720241346,-0.29076734258679166,0.36216285204169035
0.2757352941176471,0.0,0.0,0.0,0.0,0.0,0.0,0.0,0.0,0.0,0.0,0.0,1.0,2018-09-01,0.0,1.0,0.0,0.0,0.4160037435657463,0.3823529411764706,0.5386811455892992,-0.267304843003452,-0.06297349406831781
0.35294117647058826,1.0,0.0,0.0,0.0,0.0,0.0,0.0,0.0,0.0,0.0,1.0,0.0,2018-10-01,0.0,1.0,0.0,0.0,0.400561534861956,0.2757352941176471,0.1739701470989219,-0.29668448314157037,0.360690872487278
0.4227941176470588,0.0,0.0,0.0,0.0,0.0,0.0,0.0,0.0,0.0,0.0,1.0,0.0,2018-10-01,0.0,1.0,0.0,0.0,0.4482919981282171,0.35294117647058826,0.49466440636177444,-0.27709026460443126,0.31681980753912337
0.3455882352941177,1.0,0.0,0.0,0.0,0.0,0.0,0.0,0.0,0.0,1.0,0.0,0.0,2018-11-01,0.0,1.0,0.0,0.0,0.43425362657931676,0.4227941176470588,0.7070436768544239,-0.2535041272018006,-0.430671346340964
0.30514705882352944,0.0,0.0,0.0,0.0,0.0,0.0,0.0,0.0,0.0,1.0,0.0,0.0,2018-11-01,0.0,1.0,0.0,0.0,0.44548432381843706,0.3455882352941177,0.46641729605986215,-0.27914841878032526,0.34237845501738134
0.29044117647058826,1.0,0.0,1.0,0.0,0.0,0.0,0.0,0.0,0.0,0.0,0.0,0.0,2018-12-01,0.0,1.0,0.0,0.0,0.42161909218530647,0.30514705882352944,0.2987895295066261,-0.2892960017532307,0.28763602990208853
0.23161764705882357,0.0,0.0,1.0,0.0,0.0,0.0,0.0,0.0,0.0,0.0,0.0,0.0,2018-12-01,0.0,1.0,0.0,0.0,0.3486195601310248,0.29044117647058826,0.12589482169773294,-0.2937675375281567,0.1583909594113588
0.3161764705882353,1.0,0.0,0.0,0.0,1.0,0.0,0.0,0.0,0.0,0.0,0.0,0.0,2019-01-01,0.0,1.0,0.0,0.0,0.3373888628919045,0.23161764705882357,-0.07909253853876999,-0.30943899711823186,0.2739043267646842
0.28308823529411764,0.0,0.0,0.0,0.0,1.0,0.0,0.0,0.0,0.0,0.0,0.0,0.0,2019-01-01,0.0,1.0,0.0,0.0,0.32896583996256434,0.3161764705882353,0.17508305062922308,-0.286017078585461,-0.14312643869358435
0.40808823529411764,1.0,0.0,0.0,1.0,0.0,0.0,0.0,0.0,0.0,0.0,0.0,0.0,2019-02-01,0.0,1.0,0.0,0.0,0.37388862891904534,0.28308823529411764,0.08915231253264654,3.1611161737191633,0.33867783053874134
0.33823529411764713,0.0,0.0,0.0,1.0,0.0,0.0,0.0,0.0,0.0,0.0,0.0,0.0,2019-02-01,0.0,1.0,0.0,0.0,0.4145999064108563,0.40808823529411764,0.5540851949001748,3.1952422743328577,-0.0638082215317326
0.3823529411764706,1.0,0.0,0.0,0.0,0.0,0.0,0.0,1.0,0.0,0.0,0.0,0.0,2019-03-01,0.0,1.0,0.0,0.0,0.4398689751988768,0.33823529411764713,0.4388028556680953,-0.2794202825854032,0.16285948783695686
0.2757352941176471,0.0,0.0,0.0,0.0,0.0,0.0,0.0,1.0,0.0,0.0,0.0,0.0,2019-03-01,0.0,1.0,0.0,0.0,0.4370613008890968,0.3823529411764706,0.5704085601468639,-0.26828520710574066,0.0474016544087114
0.3970588235294118,1.0,0.0,0.0,0.0,0.0,0.0,0.0,0.0,0.0,0.0,0.0,0.0,2019-04-01,0.0,1.0,0.0,0.0,0.43284978942442676,0.2757352941176471,0.2246318686606271,-0.27598757113156547,0.5453410167792423
0.3897058823529412,0.0,0.0,0.0,0.0,0.0,0.0,0.0,0.0,0.0,0.0,0.0,0.0,2019-04-01,0.0,1.0,0.0,0.0,0.4525035095928872,0.3970588235294118,0.6436815399765885,-0.2423549837457775,0.04573949215296298
0.44117647058823534,1.0,0.0,0.0,0.0,0.0,0.0,0.0,0.0,1.0,0.0,0.0,0.0,2019-05-01,0.0,1.0,0.0,0.0,0.4749649040711278,0.3897058823529412,0.6655520088549939,-0.2645255783063176,0.028268270082010293
0.44117647058823534,0.0,0.0,0.0,0.0,0.0,0.0,0.0,0.0,1.0,0.0,0.0,0.0,2019-05-01,0.0,1.0,0.0,0.0,0.5381375760411791,0.44117647058823534,0.9273648006849806,-0.25309335423051116,0.24483625284493507
0.4227941176470588,1.0,0.0,0.0,0.0,0.0,0.0,1.0,0.0,0.0,0.0,0.0,0.0,2019-06-01,0.0,1.0,0.0,0.0,0.5479644361254093,0.44117647058823534,0.9510092808617292,-0.25120882764221564,0.11839788705518789
0.40808823529411764,0.0,0.0,0.0,0.0,0.0,0.0,1.0,0.0,0.0,0.0,0.0,0.0,2019-06-01,0.0,1.0,0.0,0.0,0.5549836218998595,0.4227941176470588,0.8950388854049197,-0.259095712286004,0.4756391509338547
0.41544117647058826,1.0,0.0,0.0,0.0,0.0,1.0,0.0,0.0,0.0,0.0,0.0,0.0,2019-07-01,0.0,1.0,0.0,0.0,0.5451567618156293,0.40808823529411764,0.8387466251942582,-0.26103843066675275,0.3192024612094055
0.3970588235294118,0.0,0.0,0.0,0.0,0.0,1.0,0.0,0.0,0.0,0.0,0.0,0.0,2019-07-01,0.0,1.0,0.0,0.0,0.5283107159569489,0.41544117647058826,0.8280904035533435,-0.26051983454579564,0.3673711934665582
0.3713235294117647,1.0,1.0,0.0,0.0,0.0,0.0,0.0,0.0,0.0,0.0,0.0,0.0,2019-08-01,0.0,1.0,0.0,0.0,0.5086569957884886,0.3970588235294118,0.7443024121528794,-0.26322858382802805,0.17670503890384245
0.3933823529411765,0.0,1.0,0.0,0.0,0.0,0.0,0.0,0.0,0.0,0.0,0.0,0.0,2019-08-01,0.0,1.0,0.0,0.0,0.5030416471689284,0.3713235294117647,0.6440511222523337,-0.2729546969895757,0.5099325513574173
0.41544117647058826,1.0,0.0,0.0,0.0,0.0,0.0,0.0,0.0,0.0,0.0,0.0,1.0,2019-09-01,0.0,1.0,0.0,0.0,0.5030416471689284,0.3933823529411765,0.7222230324173375,-0.26434134672065374,0.1717956201600804
0.3235294117647059,0.0,0.0,0.0,0.0,0.0,0.0,0.0,0.0,0.0,0.0,0.0,1.0,2019-09-01,0.0,1.0,0.0,0.0,0.4749649040711278,0.41544117647058826,0.7413369939903544,-0.25908918624938837,0.057246758322207054
0.4375,1.0,0.0,0.0,0.0,0.0,0.0,0.0,0.0,0.0,0.0,1.0,0.0,2019-10-01,0.0,1.0,0.0,0.0,0.5002339728591483,0.3235294117647059,0.49006115601856226,-0.28523676090824523,0.6181000148971157
0.411764705882353,0.0,0.0,0.0,0.0,0.0,0.0,0.0,0.0,0.0,0.0,1.0,0.0,2019-10-01,0.0,1.0,0.0,0.0,0.5072531586335985,0.4375,0.8648299328907877,-0.25344340204021665,0.09448473884574506
0.41911764705882354,1.0,0.0,0.0,0.0,0.0,0.0,0.0,0.0,0.0,1.0,0.0,0.0,2019-11-01,0.0,1.0,0.0,0.0,0.5086569957884886,0.411764705882353,0.7909931727769139,-0.2589616098412665,0.07232913986203504
0.3161764705882353,0.0,0.0,0.0,0.0,0.0,0.0,0.0,0.0,0.0,1.0,0.0,0.0,2019-11-01,0.0,1.0,0.0,0.0,0.5058493214787084,0.41911764705882354,0.8029491071642839,-0.25884882422599753,0.2015536786365777
0.30514705882352944,1.0,0.0,1.0,0.0,0.0,0.0,0.0,0.0,0.0,0.0,0.0,0.0,2019-12-01,0.0,1.0,0.0,0.0,0.45531118390266734,0.3161764705882353,0.3889536350019292,-0.28696326000756445,0.4087652538829868
0.2683823529411765,0.0,0.0,1.0,0.0,0.0,0.0,0.0,0.0,0.0,0.0,0.0,0.0,2019-12-01,0.0,1.0,0.0,0.0,0.4005615348619561,0.30514705882352944,0.2574197070389463,-0.2908601204534458,0.3604244946445834
0.3970588235294118,1.0,0.0,0.0,0.0,1.0,0.0,0.0,0.0,0.0,0.0,0.0,0.0,2020-01-01,0.0,0.0,1.0,0.0,0.39213851193261584,0.2683823529411765,0.1287446400629395,-0.29999936822602247,0.345339599979714
0.29411764705882354,0.0,0.0,0.0,0.0,1.0,0.0,0.0,0.0,0.0,0.0,0.0,0.0,2020-01-01,0.0,0.0,1.0,0.0,0.3837154890032756,0.3970588235294118,0.5264999533406108,-0.26335070185597925,-0.36531001212190134
0.4338235294117647,1.0,0.0,0.0,1.0,0.0,0.0,0.0,0.0,0.0,0.0,0.0,0.0,2020-02-01,0.0,0.0,1.0,0.0,0.43284978942442676,0.29411764705882354,0.2200182988788624,3.162718456554591,0.6057075062509396
0.3713235294117647,0.0,0.0,0.0,1.0,0.0,0.0,0.0,0.0,0.0,0.0,0.0,0.0,2020-02-01,0.0,0.0,1.0,0.0,0.4721572297613478,0.4338235294117647,0.7305498736801219,3.2012940541646118,0.09724292464761124
0.5183823529411765,1.0,0.0,0.0,0.0,0.0,0.0,0.0,1.0,0.0,0.0,0.0,0.0,2020-03-01,0.0,0.0,1.0,0.0,0.5184838558727187,0.3713235294117647,0.673115722508749,-0.2717727605393032,0.3965578693518276
0.40808823529411764,0.0,0.0,0.0,0.0,0.0,0.0,0.0,1.0,0.0,0.0,0.0,0.0,2020-03-01,0.0,0.0,1.0,0.0,0.5620028076743097,0.5183823529411765,1.2143608981367733,-0.23111444810810974,-0.13652644473684236
0.4632352941176471,1.0,0.0,0.0,0.0,0.0,0.0,0.0,0.0,0.0,0.0,0.0,0.0,2020-04-01,0.0,0.0,1.0,0.0,0.57323350491343,0.40808823529411764,0.8814926012725098,-0.24036543267663102,0.4750425420230952
0.37867647058823534,0.0,0.0,0.0,0.0,0.0,0.0,0.0,0.0,0.0,0.0,0.0,0.0,2020-04-01,0.0,0.0,1.0,0.0,0.5760411792232101,0.4632352941176471,1.0580380991900118,-0.2260859944399257,0.3186023195409684
0.3272058823529412,1.0,0.0,0.0,0.0,0.0,0.0,0.0,0.0,1.0,0.0,0.0,0.0,2020-05-01,0.0,0.0,1.0,0.0,0.5030416471689284,0.37867647058823534,0.674881389884144,-0.26864388627701224,0.2637845947776249
0.30514705882352944,0.0,0.0,0.0,0.0,0.0,0.0,0.0,0.0,1.0,0.0,0.0,0.0,2020-05-01,0.0,0.0,1.0,0.0,0.4637342068320075,0.3272058823529412,0.43660608645173593,-0.28511165712998365,0.5737558321314175
0.4338235294117647,1.0,0.0,0.0,0.0,0.0,0.0,1.0,0.0,0.0,0.0,0.0,0.0,2020-06-01,0.0,0.0,1.0,0.0,0.4525035095928872,0.30514705882352944,0.35454247053121807,-0.2892317887017918,0.47254317988725897
0.33455882352941174,0.0,0.0,0.0,0.0,0.0,0.0,1.0,0.0,0.0,0.0,0.0,0.0,2020-06-01,0.0,0.0,1.0,0.0,0.4356574637342069,0.4338235294117647,0.7387304901919186,-0.25233963602833565,-0.2867399161247893
0.5294117647058824,1.0,0.0,0.0,0.0,0.0,1.0,0.0,0.0,0.0,0.0,0.0,0.0,2020-07-01,0.0,0.0,1.0,0.0,0.5128685072531587,0.33455882352941174,0.5474391261464061,-0.2821496462324571,0.6221388506249875
0.411764705882353,0.0,0.0,0.0,0.0,0.0,1.0,0.0,0.0,0.0,0.0,0.0,0.0,2020-07-01,0.0,0.0,1.0,0.0,0.5535797847449696,0.5294117647058824,1.239706571687592,-0.2270811948764142,-0.24524370863078476
0.5588235294117647,1.0,1.0,0.0,0.0,0.0,0.0,0.0,0.0,0.0,0.0,0.0,0.0,2020-08-01,0.0,0.0,1.0,0.0,0.6013102480112307,0.411764705882353,0.9414025499761187,-0.26149801721981303,0.6138004130374956
0.40808823529411764,0.0,1.0,0.0,0.0,0.0,0.0,0.0,0.0,0.0,0.0,0.0,0.0,2020-08-01,0.0,0.0,1.0,0.0,0.6293869911090313,0.5588235294117647,1.4577743539730301,-0.22039331323236255,-0.008445288220301784
0.5625,1.0,0.0,0.0,0.0,0.0,0.0,0.0,0.0,0.0,0.0,0.0,1.0,2020-09-01,0.0,0.0,1.0,0.0,0.6420215255030416,0.40808823529411764,0.9939432851339165,-0.26394995478120997,0.8763751558011182
0.5404411764705883,0.0,0.0,0.0,0.0,0.0,0.0,0.0,0.0,0.0,0.0,0.0,1.0,2020-09-01,0.0,0.0,1.0,0.0,0.6911558259241928,0.5625,1.5681632771915346,-0.2212495085794131,0.3267766898788463
0.6102941176470589,1.0,0.0,0.0,0.0,0.0,0.0,0.0,0.0,0.0,0.0,1.0,0.0,2020-10-01,0.0,0.0,1.0,0.0,0.7108095460926532,0.5404411764705883,1.5351771399820864,-0.2262924082936468,0.39031111666150187
0.40808823529411764,0.0,0.0,0.0,0.0,0.0,0.0,0.0,0.0,0.0,0.0,1.0,0.0,2020-10-01,0.0,0.0,1.0,0.0,0.7108095460926531,0.6102941176470589,1.7550601147304905,-0.20752289201004634,0.11978678399478182
0.6029411764705883,1.0,0.0,0.0,0.0,0.0,0.0,0.0,0.0,0.0,1.0,0.0,0.0,2020-11-01,0.0,0.0,1.0,0.0,0.7262517547964435,0.40808823529411764,1.1295166142061883,-0.2663539016658739,1.353162378101847
0.33823529411764713,0.0,0.0,0.0,0.0,0.0,0.0,0.0,0.0,0.0,1.0,0.0,0.0,2020-11-01,0.0,0.0,1.0,0.0,0.6490407112774917,0.6029411764705883,1.6318419491097818,-0.2078766420620497,-0.19508895589999464
0.5257352941176471,1.0,0.0,1.0,0.0,0.0,0.0,0.0,0.0,0.0,0.0,0.0,0.0,2020-12-01,0.0,0.0,1.0,0.0,0.6167524567150211,0.33823529411764713,0.7207832913820438,-0.28501670690434316,1.1940976055112889
0.28308823529411764,0.0,0.0,1.0,0.0,0.0,0.0,0.0,0.0,0.0,0.0,0.0,0.0,2020-12-01,0.0,0.0,1.0,0.0,0.5690219934487599,0.5257352941176471,1.2466641999267554,-0.22959610733534314,-0.13500006036347795
0.48161764705882354,1.0,0.0,0.0,0.0,1.0,0.0,0.0,0.0,0.0,0.0,0.0,0.0,2021-01-01,0.0,0.0,1.0,0.0,0.5226953673373889,0.28308823529411764,0.38689759916254746,-0.2993644899831657,1.001285651710318
0.2683823529411765,0.0,0.0,0.0,0.0,1.0,0.0,0.0,0.0,0.0,0.0,0.0,0.0,2021-01-01,0.0,0.0,1.0,0.0,0.49602246139447825,0.48161764705882354,0.982591672777106,-0.24124591921337996,-0.27963301604920116
0.5551470588235294,1.0,0.0,0.0,1.0,0.0,0.0,0.0,0.0,0.0,0.0,0.0,0.0,2021-02-01,0.0,0.0,1.0,0.0,0.5072531586335984,0.2683823529411765,0.2561078867647929,3.1528520579693673,1.2065809413350534
0.21691176470588236,0.0,0.0,0.0,1.0,0.0,0.0,0.0,0.0,0.0,0.0,0.0,0.0,2021-02-01,0.0,0.0,1.0,0.0,0.48198408984557795,0.5551470588235294,1.1412226242015364,3.237383543363129,-0.6534698390594184
0.6102941176470589,1.0,0.0,0.0,0.0,0.0,0.0,0.0,1.0,0.0,0.0,0.0,0.0,2021-03-01,0.0,0.0,1.0,0.0,0.5311183902667289,0.21691176470588236,0.19093762855033122,-0.31843160742487586,1.4971740584691886
0.3713235294117647,0.0,0.0,0.0,0.0,0.0,0.0,0.0,1.0,0.0,0.0,0.0,0.0,2021-03-01,0.0,0.0,1.0,0.0,0.5704258306036499,0.6102941176470589,1.5270526169822405,-0.20380220975053864,-0.6995988913333797
0.6066176470588236,1.0,0.0,0.0,0.0,0.0,0.0,0.0,0.0,0.0,0.0,0.0,0.0,2021-04-01,0.0,0.0,1.0,0.0,0.5900795507721104,0.3713235294117647,0.7889774184150532,-0.25187469514785055,0.8169918820467508
0.3566176470588236,0.0,0.0,0.0,0.0,0.0,0.0,0.0,0.0,0.0,0.0,0.0,0.0,2021-04-01,0.0,0.0,1.0,0.0,0.6434253626579316,0.6066176470588236,1.633210551482234,-0.1850469543960942,-0.2465910607664392
0.6360294117647058,1.0,0.0,0.0,0.0,0.0,0.0,0.0,0.0,1.0,0.0,0.0,0.0,2021-05-01,0.0,0.0,1.0,0.0,0.6532522227421618,0.3566176470588236,0.8450415973319525,-0.27959943260651277,1.2778911478353614
0.4264705882352941,0.0,0.0,0.0,0.0,0.0,0.0,0.0,0.0,1.0,0.0,0.0,0.0,2021-05-01,0.0,0.0,1.0,0.0,0.6743097800655123,0.6360294117647058,1.7808464956437555,-0.1986115798544011,-0.26573899661116823
0.7205882352941176,1.0,0.0,0.0,0.0,0.0,0.0,1.0,0.0,0.0,0.0,0.0,0.0,2021-06-01,0.0,0.0,1.0,0.0,0.7178287318671034,0.4264705882352941,1.1767564607674161,-0.26052805070680096,1.197046094796713
0.4852941176470589,0.0,0.0,0.0,0.0,0.0,0.0,1.0,0.0,0.0,0.0,0.0,0.0,2021-06-01,0.0,0.0,1.0,0.0,0.7669630322882545,0.7205882352941176,2.205645579172349,-0.17594290302030835,-0.28234538549615495
0.6838235294117647,1.0,0.0,0.0,0.0,0.0,1.0,0.0,0.0,0.0,0.0,0.0,0.0,2021-07-01,0.0,0.0,1.0,0.0,0.7852129153018249,0.4852941176470589,1.4766790104698662,-0.24483098159879538,1.191423771030904
0.48897058823529416,0.0,0.0,0.0,0.0,0.0,1.0,0.0,0.0,0.0,0.0,0.0,0.0,2021-07-01,0.0,0.0,1.0,0.0,0.8090781469349554,0.6838235294117647,2.153776845786249,-0.1881733286494873,0.20230600673398624
0.6801470588235295,1.0,1.0,0.0,0.0,0.0,0.0,0.0,0.0,0.0,0.0,0.0,0.0,2021-08-01,0.0,0.0,1.0,0.0,0.7936359382311651,0.48897058823529416,1.5024536047555577,-0.24391081243251567,1.2104319806998716
0.45220588235294124,0.0,1.0,0.0,0.0,0.0,0.0,0.0,0.0,0.0,0.0,0.0,0.0,2021-08-01,0.0,0.0,1.0,0.0,0.7810014038371549,0.6801470588235295,2.0968298803801213,-0.18840251014129678,0.05950559389830009
0.6838235294117647,1.0,0.0,0.0,0.0,0.0,0.0,0.0,0.0,0.0,0.0,0.0,1.0,2021-09-01,0.0,0.0,1.0,0.0,0.7810014038371549,0.45220588235294124,1.3613833539236146,-0.2547407309502514,1.3852087936799253
0.411764705882353,0.0,0.0,0.0,0.0,0.0,0.0,0.0,0.0,0.0,0.0,0.0,1.0,2021-09-01,0.0,0.0,1.0,0.0,0.7515208235844643,0.6838235294117647,2.060239789414775,-0.18662093720137365,-0.13213517036558056
0.6948529411764707,1.0,0.0,0.0,0.0,0.0,0.0,0.0,0.0,0.0,0.0,1.0,0.0,2021-10-01,0.0,0.0,1.0,0.0,0.7571361722040243,0.411764705882353,1.1910230595555311,-0.2662095974877957,1.514183580878646
0.40441176470588236,0.0,0.0,0.0,0.0,0.0,0.0,0.0,0.0,0.0,0.0,1.0,0.0,2021-10-01,0.0,0.0,1.0,0.0,0.738886289190454,0.6948529411764707,2.0754788979972774,-0.18298324633331753,-0.28087105903685267
0.7463235294117647,1.0,0.0,0.0,0.0,0.0,0.0,0.0,0.0,0.0,1.0,0.0,0.0,2021-11-01,0.0,0.0,1.0,0.0,0.7627515208235844,0.40441176470588236,1.1763432428705893,-0.26851123796710274,1.588375712267337
0.3970588235294118,0.0,0.0,0.0,0.0,0.0,0.0,0.0,0.0,0.0,1.0,0.0,0.0,2021-11-01,0.0,0.0,1.0,0.0,0.7571361722040242,0.7463235294117647,2.2725896538840287,-0.16801445248471417,-0.5252204973069732
0.6213235294117647,1.0,0.0,1.0,0.0,0.0,0.0,0.0,0.0,0.0,0.0,0.0,0.0,2021-12-01,0.0,0.0,1.0,0.0,0.7290594291062237,0.3970588235294118,1.09312017175456,-0.27062752716681954,1.4510522621259405
0.3897058823529412,0.0,0.0,1.0,0.0,0.0,0.0,0.0,0.0,0.0,0.0,0.0,0.0,2021-12-01,0.0,0.0,1.0,0.0,0.7234440804866634,0.6213235294117647,1.8064873184755244,-0.20540206925049057,0.12043964360055377
0.5919117647058824,1.0,0.0,0.0,0.0,1.0,0.0,0.0,0.0,0.0,0.0,0.0,0.0,2022-01-01,0.0,0.0,1.0,0.0,0.6644829199812822,0.3897058823529412,0.9622647083132799,-0.2714985354838757,1.1103704181478617
0.37867647058823534,0.0,0.0,0.0,0.0,1.0,0.0,0.0,0.0,0.0,0.0,0.0,0.0,2022-01-01,0.0,0.0,1.0,0.0,0.657463734206832,0.5919117647058824,1.601580777376577,-0.2128458704356141,-0.08153835770759084
0.7426470588235294,1.0,0.0,0.0,1.0,0.0,0.0,0.0,0.0,0.0,0.0,0.0,0.0,2022-02-01,0.0,0.0,1.0,0.0,0.7037903603182031,0.37867647058823534,0.9316273814349761,3.1802375804829124,1.6073151159701375
0.4448529411764706,0.0,0.0,0.0,1.0,0.0,0.0,0.0,0.0,0.0,0.0,0.0,0.0,2022-02-01,0.0,0.0,1.0,0.0,0.7248479176415537,0.7426470588235294,2.1426267509569965,3.286576699923129,-0.4990844845428063
0.823529411764706,1.0,0.0,0.0,0.0,0.0,0.0,0.0,1.0,0.0,0.0,0.0,0.0,2022-03-01,0.0,0.0,1.0,0.0,0.8132896583996256,0.4448529411764706,1.3872705392855271,-0.2582502014299694,1.6093650618114235
0.4595588235294118,0.0,0.0,0.0,0.0,0.0,0.0,0.0,1.0,0.0,0.0,0.0,0.0,2022-03-01,0.0,0.0,1.0,0.0,0.8441740758072064,0.823529411764706,2.661958326063906,-0.14778623339797672,-0.5381684230204634
0.7573529411764706,1.0,0.0,0.0,0.0,0.0,0.0,0.0,0.0,0.0,0.0,0.0,0.0,2022-04-01,0.0,0.0,1.0,0.0,0.8497894244267664,0.4595588235294118,1.494461753157679,-0.23292869382853862,1.7292866093317583
0.3860294117647059,0.0,0.0,0.0,0.0,0.0,0.0,0.0,0.0,0.0,0.0,0.0,0.0,2022-04-01,0.0,0.0,1.0,0.0,0.827328029948526,0.7573529411764706,2.4199938528274987,-0.14517168357659652,-0.18795772142007233
0.9485294117647058,1.0,0.0,0.0,0.0,0.0,0.0,0.0,0.0,1.0,0.0,0.0,0.0,2022-05-01,0.0,0.0,1.0,0.0,0.8750584932147871,0.3860294117647059,1.2980334786519714,-0.27719340670487236,2.3628269930478814
0.41911764705882354,0.0,0.0,0.0,0.0,0.0,0.0,0.0,0.0,1.0,0.0,0.0,0.0,2022-05-01,0.0,0.0,1.0,0.0,0.8596162845109968,0.9485294117647058,3.0963500009940037,-0.11027881468214033,-1.2756025143053318
0.9154411764705883,1.0,0.0,0.0,0.0,0.0,0.0,1.0,0.0,0.0,0.0,0.0,0.0,2022-06-01,0.0,0.0,1.0,0.0,0.9199812821712681,0.41911764705882354,1.4784415535564381,-0.2685761799615906,2.4131861830876735
0.5661764705882353,0.0,0.0,0.0,0.0,0.0,0.0,1.0,0.0,0.0,0.0,0.0,0.0,2022-06-01,0.0,0.0,1.0,0.0,0.9887693027608797,0.9154411764705883,3.197061425903662,-0.1239365727288966,-0.29848021519618434
0.8529411764705883,1.0,0.0,0.0,0.0,0.0,1.0,0.0,0.0,0.0,0.0,0.0,0.0,2022-07-01,0.0,0.0,1.0,0.0,0.9522695367337388,0.5661764705882353,2.008993161407532,-0.22541108891481967,1.6176866497417015
0.5036764705882354,0.0,0.0,0.0,0.0,0.0,1.0,0.0,0.0,0.0,0.0,0.0,0.0,2022-07-01,0.0,0.0,1.0,0.0,0.9845577912962096,0.8529411764705883,2.986817738560243,-0.14254342659437985,0.08996467606852454
0.9191176470588236,1.0,1.0,0.0,0.0,0.0,0.0,0.0,0.0,0.0,0.0,0.0,0.0,2022-08-01,0.0,0.0,1.0,0.0,0.9859616284510997,0.5036764705882354,1.860100050379619,-0.2450615004146873,2.2230235811069883
0.6029411764705883,0.0,1.0,0.0,0.0,0.0,0.0,0.0,0.0,0.0,0.0,0.0,0.0,2022-08-01,0.0,0.0,1.0,0.0,1.0,0.9191176470588236,3.2273030200154555,-0.12308826991147508,-0.2664592437485535
0.7904411764705883,1.0,0.0,0.0,0.0,0.0,0.0,0.0,0.0,0.0,0.0,0.0,1.0,2022-09-01,0.0,0.0,1.0,0.0,0.9761347683668695,0.6029411764705883,2.1662563800915073,-0.21519010853530435,1.5086867782402023
0.511029411764706,0.0,0.0,0.0,0.0,0.0,0.0,0.0,0.0,0.0,0.0,0.0,1.0,2022-09-01,0.0,0.0,1.0,0.0,0.9789424426766495,0.7904411764705883,2.7735410503380447,-0.16123042678678196,0.4713900158280364
0.8529411764705883,1.0,0.0,0.0,0.0,0.0,0.0,0.0,0.0,0.0,0.0,1.0,0.0,2022-10-01,0.0,0.0,1.0,0.0,0.9536733738886289,0.511029411764706,1.8306476231982947,-0.24213076193356856,1.9883224671745652
0.4007352941176471,0.0,0.0,0.0,0.0,0.0,0.0,0.0,0.0,0.0,0.0,1.0,0.0,2022-10-01,0.0,0.0,1.0,0.0,0.876462330369677,0.8529411764705883,2.811572038467482,-0.1395643428721699,-0.5386583556384293
0.8492647058823529,1.0,0.0,0.0,0.0,0.0,0.0,0.0,0.0,0.0,1.0,0.0,0.0,2022-11-01,0.0,0.0,1.0,0.0,0.8989237248479176,0.4007352941176471,1.383716179335812,-0.27354982885871815,2.3990852727062904
0.4669117647058824,0.0,0.0,0.0,0.0,0.0,0.0,0.0,0.0,0.0,1.0,0.0,0.0,2022-11-01,0.0,0.0,1.0,0.0,0.8820776789892373,0.8492647058823529,2.80885719879168,-0.1407637543650375,-0.4889344614700165
0.7169117647058825,1.0,0.0,1.0,0.0,0.0,0.0,0.0,0.0,0.0,0.0,0.0,0.0,2022-12-01,0.0,0.0,1.0,0.0,0.8301357042583061,0.4669117647058824,1.4832622583318682,-0.2526070120654271,1.5697575618658448
0.411764705882353,0.0,0.0,1.0,0.0,0.0,0.0,0.0,0.0,0.0,0.0,0.0,0.0,2022-12-01,0.0,0.0,1.0,0.0,0.8343472157229761,0.7169117647058825,2.296212753336611,-0.17995001859800436,0.12460634736067801
0.724264705882353,1.0,0.0,0.0,0.0,1.0,0.0,0.0,0.0,0.0,0.0,0.0,0.0,2023-01-01,0.0,0.0,1.0,0.0,0.7866167524567151,0.411764705882353,1.230780327814197,-0.2684157129647273,1.6687465115274749
0.43014705882352944,0.0,0.0,0.0,0.0,1.0,0.0,0.0,0.0,0.0,0.0,0.0,0.0,2023-01-01,0.0,0.0,1.0,0.0,0.7725783809078148,0.724264705882353,2.2177396291375473,-0.17649327307044074,-0.2977372841950375
0.75,1.0,0.0,0.0,1.0,0.0,0.0,0.0,0.0,0.0,0.0,0.0,0.0,2023-02-01,0.0,0.0,1.0,0.0,0.7852129153018249,0.43014705882352944,1.2302875645269862,3.193315085360072,1.7348834726870903
0.40808823529411764,0.0,0.0,0.0,1.0,0.0,0.0,0.0,0.0,0.0,0.0,0.0,0.0,2023-02-01,0.0,0.0,1.0,0.0,0.783809078146935,0.75,2.2615277602940727,3.287076753772118,-0.20758657161032962
0.9080882352941178,1.0,0.0,0.0,0.0,0.0,0.0,0.0,1.0,0.0,0.0,0.0,0.0,2023-03-01,0.0,0.0,1.0,0.0,0.8540009358914367,0.40808823529411764,1.3331960216761545,-0.270449341760859,2.0891092729146408
0.5404411764705883,0.0,0.0,0.0,0.0,0.0,0.0,0.0,1.0,0.0,0.0,0.0,0.0,2023-03-01,0.0,0.0,1.0,0.0,0.8961160505381376,0.9080882352941178,3.020817774578777,-0.1239364655809179,-0.8010313949725373
0.8161764705882354,1.0,0.0,0.0,0.0,0.0,0.0,0.0,0.0,0.0,0.0,0.0,0.0,2023-04-01,0.0,0.0,1.0,0.0,0.9213851193261582,0.5404411764705883,1.8730132431030084,-0.21074928970588278,1.6043700037243087
0.4705882352941177,0.0,0.0,0.0,0.0,0.0,0.0,0.0,0.0,0.0,0.0,0.0,0.0,2023-04-01,0.0,0.0,1.0,0.0,0.9452503509592887,0.8161764705882354,2.8013755956113293,-0.13094482804134808,0.10141925780153456
0.9963235294117647,1.0,0.0,0.0,0.0,0.0,0.0,0.0,0.0,1.0,0.0,0.0,0.0,2023-05-01,0.0,0.0,1.0,0.0,0.9789424426766495,0.4705882352941177,1.740557904471496,-0.25484513775886014,2.3998705052101474
0.5,0.0,0.0,0.0,0.0,0.0,0.0,0.0,0.0,1.0,0.0,0.0,0.0,2023-05-01,0.0,0.0,1.0,0.0,0.9635002339728591,0.9963235294117647,3.419224656722129,-0.09895283560052172,-0.9938766299402778
0.8419117647058824,1.0,0.0,0.0,0.0,0.0,0.0,1.0,0.0,0.0,0.0,0.0,0.0,2023-06-01,0.0,0.0,1.0,0.0,0.9733270940570895,0.5,1.8275972406649972,-0.24586922218154,2.1828970290076195
0.5073529411764707,0.0,0.0,0.0,0.0,0.0,0.0,1.0,0.0,0.0,0.0,0.0,0.0,2023-06-01,0.0,0.0,1.0,0.0,0.9873654656059898,0.8419117647058824,2.9555006701180364,-0.145940571407115,0.1827789485576538
0.7830882352941176,1.0,0.0,0.0,0.0,0.0,1.0,0.0,0.0,0.0,0.0,0.0,0.0,2023-07-01,0.0,0.0,1.0,0.0,0.9059429106223678,0.5073529411764707,1.7429334143679545,-0.2417075780290782,1.7416942837587779
0.411764705882353,0.0,0.0,0.0,0.0,0.0,1.0,0.0,0.0,0.0,0.0,0.0,0.0,2023-07-01,0.0,0.0,1.0,0.0,0.872250818905007,0.7830882352941176,2.578585927160307,-0.16023929329122172,-0.09358526888529008
0.8823529411764707,1.0,1.0,0.0,0.0,0.0,0.0,0.0,0.0,0.0,0.0,0.0,0.0,2023-08-01,0.0,0.0,1.0,0.0,0.8876930276087973,0.411764705882353,1.402690532953129,-0.26977655153585356,2.2673388659922353
0.3455882352941177,0.0,1.0,0.0,0.0,0.0,0.0,0.0,0.0,0.0,0.0,0.0,0.0,2023-08-01,0.0,0.0,1.0,0.0,0.8259241927936359,0.8823529411764707,2.827262515173324,-0.12907850950533428,-1.0268688723613912
0.724264705882353,1.0,0.0,0.0,0.0,0.0,0.0,0.0,0.0,0.0,0.0,0.0,1.0,2023-09-01,0.0,0.0,1.0,0.0,0.8034627983153956,0.3455882352941177,1.0505784703038143,-0.2873546683660941,2.2244769634958352
0.349264705882353,0.0,0.0,0.0,0.0,0.0,0.0,0.0,0.0,0.0,0.0,0.0,1.0,2023-09-01,0.0,0.0,1.0,0.0,0.779597566682265,0.724264705882353,2.237078848571883,-0.17530803936191722,-0.23917416675386982
0.8786764705882353,1.0,0.0,0.0,0.0,0.0,0.0,0.0,0.0,0.0,0.0,1.0,0.0,2023-10-01,0.0,0.0,1.0,0.0,0.7781937295273748,0.349264705882353,1.0215366844425806,-0.28555620601579723,2.05172732339947
0.3713235294117647,0.0,0.0,0.0,0.0,0.0,0.0,0.0,0.0,0.0,0.0,1.0,0.0,2023-10-01,0.0,0.0,1.0,0.0,0.788020589611605,0.8786764705882353,2.7528702945532664,-0.1292921337812584,-1.2205875972399332
0.8125,1.0,0.0,0.0,0.0,0.0,0.0,0.0,0.0,0.0,1.0,0.0,0.0,2023-11-01,0.0,0.0,1.0,0.0,0.8217126813289657,0.3713235294117647,1.1636295051071268,-0.28013570296894763,2.1490242346228805
0.30147058823529416,0.0,0.0,0.0,0.0,0.0,0.0,0.0,0.0,0.0,1.0,0.0,0.0,2023-11-01,0.0,0.0,1.0,0.0,0.8034627983153954,0.8125,2.5625793549418865,-0.14951350539757688,-0.6981646057646084
0.5625,1.0,0.0,1.0,0.0,0.0,0.0,0.0,0.0,0.0,0.0,0.0,0.0,2023-12-01,0.0,0.0,1.0,0.0,0.6827328029948526,0.30147058823529416,0.7074106546235839,-0.2979463061454717,1.8197422683458067
0.3455882352941177,0.0,0.0,1.0,0.0,0.0,0.0,0.0,0.0,0.0,0.0,0.0,0.0,2023-12-01,0.0,0.0,1.0,0.0,0.6729059429106223,0.5625,1.5336439246274614,-0.22157681521304262,0.22013053566241408
0.6838235294117647,1.0,0.0,0.0,0.0,1.0,0.0,0.0,0.0,0.0,0.0,0.0,0.0,2024-01-01,0.0,0.0,1.0,0.0,0.6237716424894713,0.3455882352941177,0.7531097317215757,-0.2835484328546521,1.1689274258907794
0.36397058823529416,0.0,0.0,0.0,0.0,1.0,0.0,0.0,0.0,0.0,0.0,0.0,0.0,2024-01-01,0.0,0.0,1.0,0.0,0.6476368741226018,0.6838235294117647,1.8848766933852743,-0.18500607842064828,-0.7499833527767337
0.7683823529411765,1.0,0.0,0.0,1.0,0.0,0.0,0.0,0.0,0.0,0.0,0.0,0.0,2024-02-01,0.0,0.0,1.0,0.0,0.7262517547964435,0.36397058823529416,0.9199469230436722,3.175179367728054,1.8348773552790754
0.3713235294117647,0.0,0.0,0.0,1.0,0.0,0.0,0.0,0.0,0.0,0.0,0.0,0.0,2024-02-01,0.0,0.0,1.0,0.0,0.7360786148806738,0.7683823529411765,2.244471314843603,3.2939676544236547,-0.6055174998708472
0.7132352941176471,1.0,0.0,0.0,0.0,0.0,0.0,0.0,1.0,0.0,0.0,0.0,0.0,2024-03-01,0.0,0.0,1.0,0.0,0.747309312119794,0.3713235294117647,1.0416938657697914,-0.2783874717820218,1.7177675155852707
0.3970588235294118,0.0,0.0,0.0,0.0,0.0,0.0,0.0,1.0,0.0,0.0,0.0,0.0,2024-03-01,0.0,0.0,1.0,0.0,0.7599438465138044,0.7132352941176471,2.1673360796200014,-0.17841823995702802,-0.29045614551643295
0.9080882352941178,1.0,0.0,0.0,0.0,0.0,0.0,0.0,0.0,0.0,0.0,0.0,0.0,2024-04-01,0.0,0.0,1.0,0.0,0.8132896583996256,0.3970588235294118,1.2322655383287608,-0.2506114792832183,1.934501545131287
0.474264705882353,0.0,0.0,0.0,0.0,0.0,0.0,0.0,0.0,0.0,0.0,0.0,0.0,2024-04-01,0.0,0.0,1.0,0.0,0.8525970987365464,0.9080882352941178,2.9512597910531455,-0.10071075404282152,-1.045254995720205
0.9301470588235294,1.0,0.0,0.0,0.0,0.0,0.0,0.0,0.0,1.0,0.0,0.0,0.0,2024-05-01,0.0,0.0,1.0,0.0,0.9354234908750583,0.474264705882353,1.6824251977929523,-0.25248489620478715,2.124129267785961
0.40441176470588236,0.0,0.0,0.0,0.0,0.0,0.0,0.0,0.0,1.0,0.0,0.0,0.0,2024-05-01,0.0,0.0,1.0,0.0,0.9382311651848383,0.9301470588235294,3.163153189706699,-0.11806249844619136,-0.6993488117065598
0.75,1.0,0.0,0.0,0.0,0.0,0.0,1.0,0.0,0.0,0.0,0.0,0.0,2024-06-01,0.0,0.0,1.0,0.0,0.877866167524567,0.40441176470588236,1.3627451774350239,-0.2717676643902832,2.267891712416622
0.411764705882353,0.0,0.0,0.0,0.0,0.0,0.0,1.0,0.0,0.0,0.0,0.0,0.0,2024-06-01,0.0,0.0,1.0,0.0,0.8540009358914367,0.75,2.441560762620834,-0.16964109626406063,0.02445471714942782
0.9080882352941178,1.0,0.0,0.0,0.0,0.0,1.0,0.0,0.0,0.0,0.0,0.0,0.0,2024-07-01,0.0,0.0,1.0,0.0,0.8455779129620965,0.411764705882353,1.3346117412086935,-0.26862054650204215,2.029328483461256
0.4558823529411765,0.0,0.0,0.0,0.0,0.0,1.0,0.0,0.0,0.0,0.0,0.0,0.0,2024-07-01,0.0,0.0,1.0,0.0,0.8652316331305568,0.9080882352941178,2.97408906745692,-0.12256060249943922,-0.966033237633466
0.8602941176470589,1.0,1.0,0.0,0.0,0.0,0.0,0.0,0.0,0.0,0.0,0.0,0.0,2024-08-01,0.0,0.0,1.0,0.0,0.9073467477772579,0.4558823529411765,1.5779272755024059,-0.25711793840654484,2.0871981484732345
0.3897058823529412,0.0,1.0,0.0,0.0,0.0,0.0,0.0,0.0,0.0,0.0,0.0,0.0,2024-08-01,0.0,0.0,1.0,0.0,0.8989237248479176,0.8602941176470589,2.8730558644655666,-0.13780209805354943,-0.4585692551492936
0.8161764705882354,1.0,0.0,0.0,0.0,0.0,0.0,0.0,0.0,0.0,0.0,0.0,1.0,2024-09-01,0.0,0.0,1.0,0.0,0.8638277959756667,0.3897058823529412,1.291390465335117,-0.2758729057032814,2.279398084877261
0.3088235294117647,0.0,0.0,0.0,0.0,0.0,0.0,0.0,0.0,0.0,0.0,0.0,1.0,2024-09-01,0.0,0.0,1.0,0.0,0.8076743097800654,0.8161764705882354,2.5814275858569484,-0.14856393571230964,-0.6887684842260641
0.9889705882352942,1.0,0.0,0.0,0.0,0.0,0.0,0.0,0.0,0.0,0.0,1.0,0.0,2024-10-01,0.0,0.0,1.0,0.0,0.8568086102012166,0.3088235294117647,1.016550011100437,-0.29995326369848446,2.7747904493199163
0.4375,0.0,0.0,0.0,0.0,0.0,0.0,0.0,0.0,0.0,0.0,1.0,0.0,2024-10-01,0.0,0.0,1.0,0.0,0.8750584932147871,0.9889705882352942,3.2520149722028284,-0.09874128932334468,-1.4520887134404856
0.8823529411764707,1.0,0.0,0.0,0.0,0.0,0.0,0.0,0.0,0.0,1.0,0.0,0.0,2024-11-01,0.0,0.0,1.0,0.0,0.9003275620028077,0.4375,1.5056271650300392,-0.26256812004489327,2.1625084811552417
0.3198529411764706,0.0,0.0,0.0,0.0,0.0,0.0,0.0,0.0,0.0,1.0,0.0,0.0,2024-11-01,0.0,0.0,1.0,0.0,0.9045390734674776,0.8823529411764707,2.9527214415191945,-0.13149299029618441,-0.5794593060247042
0.7683823529411765,1.0,0.0,1.0,0.0,0.0,0.0,0.0,0.0,0.0,0.0,0.0,0.0,2024-12-01,0.0,0.0,1.0,0.0,0.8203088441740758,0.3198529411764706,0.9888346687464743,-0.2964121041690198,2.491747986114826
0.3860294117647059,0.0,0.0,1.0,0.0,0.0,0.0,0.0,0.0,0.0,0.0,0.0,0.0,2024-12-01,0.0,0.0,1.0,0.0,0.8006551240056154,0.7683823529411765,2.4094532569966853,-0.1635448675742015,-0.4124829093649586
1.0,1.0,0.0,0.0,0.0,1.0,0.0,0.0,0.0,0.0,0.0,0.0,0.0,2025-01-01,0.0,0.0,1.0,0.0,0.8455779129620965,0.3860294117647059,1.2419965440690144,-0.2778357199936936,2.180458559442462
0.3602941176470589,0.0,0.0,0.0,0.0,1.0,0.0,0.0,0.0,0.0,0.0,0.0,0.0,2025-01-01,0.0,0.0,1.0,0.0,0.8610201216658868,1.0,3.257569487801231,-0.0963827052733246,-1.6222034946563997
0.9816176470588236,1.0,0.0,0.0,1.0,0.0,0.0,0.0,0.0,0.0,0.0,0.0,0.0,2025-02-01,0.0,0.0,1.0,0.0,0.9424426766495089,0.3602941176470589,1.2562091488701188,3.1678276569540147,3.1076050128671477
0.4264705882352941,0.0,0.0,0.0,1.0,0.0,0.0,0.0,0.0,0.0,0.0,0.0,0.0,2025-02-01,0.0,0.0,1.0,0.0,0.9578848853532989,0.9816176470588236,3.2957120466206153,3.3514851296472634,-0.7439935156722708
0.7794117647058825,1.0,0.0,0.0,0.0,0.0,0.0,0.0,1.0,0.0,0.0,0.0,0.0,2025-03-01,0.0,0.0,1.0,0.0,0.8736546560598971,0.4264705882352941,1.424677925161453,-0.26550633153662573,2.0802462159375916
0.37500000000000006,0.0,0.0,0.0,0.0,0.0,0.0,0.0,1.0,0.0,0.0,0.0,0.0,2025-03-01,0.0,0.0,1.0,0.0,0.8792700046794572,0.7794117647058825,2.57490899202494,-0.16202750749946968,-0.0419100600836449
